,author,title,grela_id,sentence_id,sentence_text,context_3sents,classification_single_label,tokens,concordance_tokens,not_before,not_after,date_random,lagt_genre,lagt_provenience,noscemus_genre,noscemus_discipline,target_token_id,target_char_start,target_char_end
252,Abbo Floriacensisc.945–1004 ,Epistolae,cc_9744,cc_9744_198,"Sub ouina pelle lupi ad monasterii asylum confugiunt, subselliis se pro latibulis abscondunt, et, ubi tempus male faciendi inuenerint, malefaciunt, simpliciores fratres falsis circumuentionibus sollicitant, lenocinio blandae perditionis incautos decipiunt, et corruptos ueneno suae iniquitatis praecipitant in labyrinthum sui erroris;","U, 11) qui turbare rempublicam maximum lucrum putant. | Sub ouina pelle lupi ad monasterii asylum confugiunt, subselliis se pro latibulis abscondunt, et, ubi tempus male faciendi inuenerint, malefaciunt, simpliciores fratres falsis circumuentionibus sollicitant, lenocinio blandae perditionis incautos decipiunt, et corruptos ueneno suae iniquitatis praecipitant in labyrinthum sui erroris; | melioribus se detrahunt, crimina auditu horribilia confingunt;",confusion_metaphorics,"[{'char_end': 3, 'char_start': 0, 'lemma': 'sub', 'pos': 'ADP', 'sentence_id': 'cc_9744_198', 'token_id': 355686184, 'token_text': 'Sub'}
 {'char_end': 9, 'char_start': 4, 'lemma': 'ouinus', 'pos': 'ADJ', 'sentence_id': 'cc_9744_198', 'token_id': 355686185, 'token_text': 'ouina'}
 {'char_end': 15, 'char_start': 10, 'lemma': 'pellis', 'pos': 'NOUN', 'sentence_id': 'cc_9744_198', 'token_id': 355686186, 'token_text': 'pelle'}
 {'char_end': 20, 'char_start': 16, 'lemma': 'lupus', 'pos': 'NOUN', 'sentence_id': 'cc_9744_198', 'token_id': 355686187, 'token_text': 'lupi'}
 {'char_end': 23, 'char_start': 21, 'lemma': 'ad', 'pos': 'ADP', 'sentence_id': 'cc_9744_198', 'token_id': 355686188, 'token_text': 'ad'}
 {'char_end': 34, 'char_start': 24, 'lemma': 'monasterium', 'pos': 'NOUN', 'sentence_id': 'cc_9744_198', 'token_id': 355686189, 'token_text': 'monasterii'}
 {'char_end': 41, 'char_start': 35, 'lemma': 'asylum', 'pos': 'NOUN', 'sentence_id': 'cc_9744_198', 'token_id': 355686190, 'token_text': 'asylum'}
 {'char_end': 52, 'char_start': 42, 'lemma': 'confugio', 'pos': 'VERB', 'sentence_id': 'cc_9744_198', 'token_id': 355686191, 'token_text': 'confugiunt'}
 {'char_end': 53, 'char_start': 52, 'lemma': ',', 'pos': 'PUNCT', 'sentence_id': 'cc_9744_198', 'token_id': 355686192, 'token_text': ','}
 {'char_end': 64, 'char_start': 54, 'lemma': 'subsellium', 'pos': 'NOUN', 'sentence_id': 'cc_9744_198', 'token_id': 355686193, 'token_text': 'subselliis'}
 {'char_end': 67, 'char_start': 65, 'lemma': 'sui', 'pos': 'PRON', 'sentence_id': 'cc_9744_198', 'token_id': 355686194, 'token_text': 'se'}
 {'char_end': 71, 'char_start': 68, 'lemma': 'pro', 'pos': 'ADP', 'sentence_id': 'cc_9744_198', 'token_id': 355686195, 'token_text': 'pro'}
 {'char_end': 81, 'char_start': 72, 'lemma': 'latibulum', 'pos': 'NOUN', 'sentence_id': 'cc_9744_198', 'token_id': 355686196, 'token_text': 'latibulis'}
 {'char_end': 92, 'char_start': 82, 'lemma': 'abscondo', 'pos': 'VERB', 'sentence_id': 'cc_9744_198', 'token_id': 355686197, 'token_text': 'abscondunt'}
 {'char_end': 93, 'char_start': 92, 'lemma': ',', 'pos': 'PUNCT', 'sentence_id': 'cc_9744_198', 'token_id': 355686198, 'token_text': ','}
 {'char_end': 96, 'char_start': 94, 'lemma': 'et', 'pos': 'CCONJ', 'sentence_id': 'cc_9744_198', 'token_id': 355686199, 'token_text': 'et'}
 {'char_end': 97, 'char_start': 96, 'lemma': ',', 'pos': 'PUNCT', 'sentence_id': 'cc_9744_198', 'token_id': 355686200, 'token_text': ','}
 {'char_end': 101, 'char_start': 98, 'lemma': 'ubi', 'pos': 'SCONJ', 'sentence_id': 'cc_9744_198', 'token_id': 355686201, 'token_text': 'ubi'}
 {'char_end': 108, 'char_start': 102, 'lemma': 'tempus', 'pos': 'NOUN', 'sentence_id': 'cc_9744_198', 'token_id': 355686202, 'token_text': 'tempus'}
 {'char_end': 113, 'char_start': 109, 'lemma': 'male', 'pos': 'ADV', 'sentence_id': 'cc_9744_198', 'token_id': 355686203, 'token_text': 'male'}
 {'char_end': 122, 'char_start': 114, 'lemma': 'facio', 'pos': 'VERB', 'sentence_id': 'cc_9744_198', 'token_id': 355686204, 'token_text': 'faciendi'}
 {'char_end': 133, 'char_start': 123, 'lemma': 'inuenerind', 'pos': 'VERB', 'sentence_id': 'cc_9744_198', 'token_id': 355686205, 'token_text': 'inuenerint'}
 {'char_end': 134, 'char_start': 133, 'lemma': ',', 'pos': 'PUNCT', 'sentence_id': 'cc_9744_198', 'token_id': 355686206, 'token_text': ','}
 {'char_end': 146, 'char_start': 135, 'lemma': 'malefacio', 'pos': 'VERB', 'sentence_id': 'cc_9744_198', 'token_id': 355686207, 'token_text': 'malefaciunt'}
 {'char_end': 147, 'char_start': 146, 'lemma': ',', 'pos': 'PUNCT', 'sentence_id': 'cc_9744_198', 'token_id': 355686208, 'token_text': ','}
 {'char_end': 160, 'char_start': 148, 'lemma': 'simplicior', 'pos': 'ADJ', 'sentence_id': 'cc_9744_198', 'token_id': 355686209, 'token_text': 'simpliciores'}
 {'char_end': 168, 'char_start': 161, 'lemma': 'frater', 'pos': 'NOUN', 'sentence_id': 'cc_9744_198', 'token_id': 355686210, 'token_text': 'fratres'}
 {'char_end': 175, 'char_start': 169, 'lemma': 'falsus', 'pos': 'VERB', 'sentence_id': 'cc_9744_198', 'token_id': 355686211, 'token_text': 'falsis'}
 {'char_end': 193, 'char_start': 176, 'lemma': 'circumuentio', 'pos': 'NOUN', 'sentence_id': 'cc_9744_198', 'token_id': 355686212, 'token_text': 'circumuentionibus'}
 {'char_end': 205, 'char_start': 194, 'lemma': 'sollicito', 'pos': 'VERB', 'sentence_id': 'cc_9744_198', 'token_id': 355686213, 'token_text': 'sollicitant'}
 {'char_end': 206, 'char_start': 205, 'lemma': ',', 'pos': 'PUNCT', 'sentence_id': 'cc_9744_198', 'token_id': 355686214, 'token_text': ','}
 {'char_end': 216, 'char_start': 207, 'lemma': 'lenocinium', 'pos': 'NOUN', 'sentence_id': 'cc_9744_198', 'token_id': 355686215, 'token_text': 'lenocinio'}
 {'char_end': 224, 'char_start': 217, 'lemma': 'blandus', 'pos': 'ADJ', 'sentence_id': 'cc_9744_198', 'token_id': 355686216, 'token_text': 'blandae'}
 {'char_end': 236, 'char_start': 225, 'lemma': 'perditio', 'pos': 'NOUN', 'sentence_id': 'cc_9744_198', 'token_id': 355686217, 'token_text': 'perditionis'}
 {'char_end': 245, 'char_start': 237, 'lemma': 'incautus', 'pos': 'ADJ', 'sentence_id': 'cc_9744_198', 'token_id': 355686218, 'token_text': 'incautos'}
 {'char_end': 255, 'char_start': 246, 'lemma': 'decipio', 'pos': 'VERB', 'sentence_id': 'cc_9744_198', 'token_id': 355686219, 'token_text': 'decipiunt'}
 {'char_end': 256, 'char_start': 255, 'lemma': ',', 'pos': 'PUNCT', 'sentence_id': 'cc_9744_198', 'token_id': 355686220, 'token_text': ','}
 {'char_end': 259, 'char_start': 257, 'lemma': 'et', 'pos': 'CCONJ', 'sentence_id': 'cc_9744_198', 'token_id': 355686221, 'token_text': 'et'}
 {'char_end': 269, 'char_start': 260, 'lemma': 'corrumpo', 'pos': 'VERB', 'sentence_id': 'cc_9744_198', 'token_id': 355686222, 'token_text': 'corruptos'}
 {'char_end': 276, 'char_start': 270, 'lemma': 'uenenus', 'pos': 'NOUN', 'sentence_id': 'cc_9744_198', 'token_id': 355686223, 'token_text': 'ueneno'}
 {'char_end': 281, 'char_start': 277, 'lemma': 'suus', 'pos': 'DET', 'sentence_id': 'cc_9744_198', 'token_id': 355686224, 'token_text': 'suae'}
 {'char_end': 293, 'char_start': 282, 'lemma': 'iniquitas', 'pos': 'NOUN', 'sentence_id': 'cc_9744_198', 'token_id': 355686225, 'token_text': 'iniquitatis'}
 {'char_end': 306, 'char_start': 294, 'lemma': 'praecipito', 'pos': 'VERB', 'sentence_id': 'cc_9744_198', 'token_id': 355686226, 'token_text': 'praecipitant'}
 {'char_end': 309, 'char_start': 307, 'lemma': 'in', 'pos': 'ADP', 'sentence_id': 'cc_9744_198', 'token_id': 355686227, 'token_text': 'in'}
 {'char_end': 321, 'char_start': 310, 'lemma': 'labyrinthus', 'pos': 'NOUN', 'sentence_id': 'cc_9744_198', 'token_id': 355686228, 'token_text': 'labyrinthum'}
 {'char_end': 325, 'char_start': 322, 'lemma': 'suus', 'pos': 'DET', 'sentence_id': 'cc_9744_198', 'token_id': 355686229, 'token_text': 'sui'}
 {'char_end': 333, 'char_start': 326, 'lemma': 'error', 'pos': 'NOUN', 'sentence_id': 'cc_9744_198', 'token_id': 355686230, 'token_text': 'erroris'}
 {'char_end': 334, 'char_start': 333, 'lemma': ';', 'pos': 'PUNCT', 'sentence_id': 'cc_9744_198', 'token_id': 355686231, 'token_text': ';'}]","[{'char_end': 245, 'char_start': 237, 'lemma': 'incautus', 'pos': 'ADJ', 'sentence_id': 'cc_9744_198', 'token_id': 355686218, 'token_text': 'incautos'}
 {'char_end': 255, 'char_start': 246, 'lemma': 'decipio', 'pos': 'VERB', 'sentence_id': 'cc_9744_198', 'token_id': 355686219, 'token_text': 'decipiunt'}
 {'char_end': 256, 'char_start': 255, 'lemma': ',', 'pos': 'PUNCT', 'sentence_id': 'cc_9744_198', 'token_id': 355686220, 'token_text': ','}
 {'char_end': 259, 'char_start': 257, 'lemma': 'et', 'pos': 'CCONJ', 'sentence_id': 'cc_9744_198', 'token_id': 355686221, 'token_text': 'et'}
 {'char_end': 269, 'char_start': 260, 'lemma': 'corrumpo', 'pos': 'VERB', 'sentence_id': 'cc_9744_198', 'token_id': 355686222, 'token_text': 'corruptos'}
 {'char_end': 276, 'char_start': 270, 'lemma': 'uenenus', 'pos': 'NOUN', 'sentence_id': 'cc_9744_198', 'token_id': 355686223, 'token_text': 'ueneno'}
 {'char_end': 281, 'char_start': 277, 'lemma': 'suus', 'pos': 'DET', 'sentence_id': 'cc_9744_198', 'token_id': 355686224, 'token_text': 'suae'}
 {'char_end': 293, 'char_start': 282, 'lemma': 'iniquitas', 'pos': 'NOUN', 'sentence_id': 'cc_9744_198', 'token_id': 355686225, 'token_text': 'iniquitatis'}
 {'char_end': 306, 'char_start': 294, 'lemma': 'praecipito', 'pos': 'VERB', 'sentence_id': 'cc_9744_198', 'token_id': 355686226, 'token_text': 'praecipitant'}
 {'char_end': 309, 'char_start': 307, 'lemma': 'in', 'pos': 'ADP', 'sentence_id': 'cc_9744_198', 'token_id': 355686227, 'token_text': 'in'}
 {'char_end': 321, 'char_start': 310, 'lemma': 'labyrinthus', 'pos': 'NOUN', 'sentence_id': 'cc_9744_198', 'token_id': 355686228, 'token_text': 'labyrinthum'}
 {'char_end': 325, 'char_start': 322, 'lemma': 'suus', 'pos': 'DET', 'sentence_id': 'cc_9744_198', 'token_id': 355686229, 'token_text': 'sui'}
 {'char_end': 333, 'char_start': 326, 'lemma': 'error', 'pos': 'NOUN', 'sentence_id': 'cc_9744_198', 'token_id': 355686230, 'token_text': 'erroris'}
 {'char_end': 334, 'char_start': 333, 'lemma': ';', 'pos': 'PUNCT', 'sentence_id': 'cc_9744_198', 'token_id': 355686231, 'token_text': ';'}
 {'char_end': 10, 'char_start': 0, 'lemma': 'melior', 'pos': 'ADJ', 'sentence_id': 'cc_9744_199', 'token_id': 355686232, 'token_text': 'melioribus'}
 {'char_end': 13, 'char_start': 11, 'lemma': 'sui', 'pos': 'PRON', 'sentence_id': 'cc_9744_199', 'token_id': 355686233, 'token_text': 'se'}
 {'char_end': 23, 'char_start': 14, 'lemma': 'detraho', 'pos': 'VERB', 'sentence_id': 'cc_9744_199', 'token_id': 355686234, 'token_text': 'detrahunt'}
 {'char_end': 24, 'char_start': 23, 'lemma': ',', 'pos': 'PUNCT', 'sentence_id': 'cc_9744_199', 'token_id': 355686235, 'token_text': ','}
 {'char_end': 32, 'char_start': 25, 'lemma': 'crimen', 'pos': 'NOUN', 'sentence_id': 'cc_9744_199', 'token_id': 355686236, 'token_text': 'crimina'}
 {'char_end': 39, 'char_start': 33, 'lemma': 'auditus', 'pos': 'NOUN', 'sentence_id': 'cc_9744_199', 'token_id': 355686237, 'token_text': 'auditu'}
 {'char_end': 50, 'char_start': 40, 'lemma': 'horribilis', 'pos': 'ADJ', 'sentence_id': 'cc_9744_199', 'token_id': 355686238, 'token_text': 'horribilia'}]",945.0,1004.0,973.0,,,,,355686228,310,321
817,"Castelli, Bartolomeo",Lexicon medicum Graecolatinum Bartholomaei Castelli Messanensis studio ex Hippocrate et Galeno desumptum,noscemus_888129,noscemus_888129_80,"Sic dubia is Ueterum, perplexaque dogmata seruans, Explicat hec, claris nominibusque refert Caecas ambages, labyrinthos arte resoluit, Et uerum ex uero uerius ipse legit, Quantum quisque potens medica re, debeat isti, Si nosset, meritum prosequeretur opus.","Nam ueluti Alcidem ducentia fila sequutum Fama est ambiguas, isse redisse uias. | Sic dubia is Ueterum, perplexaque dogmata seruans, Explicat hec, claris nominibusque refert Caecas ambages, labyrinthos arte resoluit, Et uerum ex uero uerius ipse legit, Quantum quisque potens medica re, debeat isti, Si nosset, meritum prosequeretur opus. | Continuo edocuit, dignatus Apollinis artes Altior humana mente, honor unde sibi est.",scientific_complexity_metaphorics,"[{'char_end': 3, 'char_start': 0, 'lemma': 'sic', 'pos': 'ADV', 'sentence_id': 'noscemus_888129_80', 'token_id': 139552672, 'token_text': 'Sic'}
 {'char_end': 9, 'char_start': 4, 'lemma': 'dubius', 'pos': 'ADJ', 'sentence_id': 'noscemus_888129_80', 'token_id': 139552673, 'token_text': 'dubia'}
 {'char_end': 12, 'char_start': 10, 'lemma': 'is', 'pos': 'PRON', 'sentence_id': 'noscemus_888129_80', 'token_id': 139552674, 'token_text': 'is'}
 {'char_end': 20, 'char_start': 13, 'lemma': 'uetus', 'pos': 'PROPN', 'sentence_id': 'noscemus_888129_80', 'token_id': 139552675, 'token_text': 'Ueterum'}
 {'char_end': 21, 'char_start': 20, 'lemma': ',', 'pos': 'PUNCT', 'sentence_id': 'noscemus_888129_80', 'token_id': 139552676, 'token_text': ','}
 {'char_end': 30, 'char_start': 22, 'lemma': 'perplexus', 'pos': 'ADJ', 'sentence_id': 'noscemus_888129_80', 'token_id': 139552677, 'token_text': 'perplexa'}
 {'char_end': 33, 'char_start': 30, 'lemma': 'que', 'pos': 'PRON', 'sentence_id': 'noscemus_888129_80', 'token_id': 139552678, 'token_text': 'que'}
 {'char_end': 41, 'char_start': 34, 'lemma': 'dogma', 'pos': 'NOUN', 'sentence_id': 'noscemus_888129_80', 'token_id': 139552679, 'token_text': 'dogmata'}
 {'char_end': 49, 'char_start': 42, 'lemma': 'seruo', 'pos': 'VERB', 'sentence_id': 'noscemus_888129_80', 'token_id': 139552680, 'token_text': 'seruans'}
 {'char_end': 50, 'char_start': 49, 'lemma': ',', 'pos': 'PUNCT', 'sentence_id': 'noscemus_888129_80', 'token_id': 139552681, 'token_text': ','}
 {'char_end': 59, 'char_start': 51, 'lemma': 'explico', 'pos': 'VERB', 'sentence_id': 'noscemus_888129_80', 'token_id': 139552682, 'token_text': 'Explicat'}
 {'char_end': 63, 'char_start': 60, 'lemma': 'hic', 'pos': 'DET', 'sentence_id': 'noscemus_888129_80', 'token_id': 139552683, 'token_text': 'hec'}
 {'char_end': 64, 'char_start': 63, 'lemma': ',', 'pos': 'PUNCT', 'sentence_id': 'noscemus_888129_80', 'token_id': 139552684, 'token_text': ','}
 {'char_end': 71, 'char_start': 65, 'lemma': 'clarus', 'pos': 'ADJ', 'sentence_id': 'noscemus_888129_80', 'token_id': 139552685, 'token_text': 'claris'}
 {'char_end': 81, 'char_start': 72, 'lemma': 'nomen', 'pos': 'NOUN', 'sentence_id': 'noscemus_888129_80', 'token_id': 139552686, 'token_text': 'nominibus'}
 {'char_end': 84, 'char_start': 81, 'lemma': 'que', 'pos': 'PRON', 'sentence_id': 'noscemus_888129_80', 'token_id': 139552687, 'token_text': 'que'}
 {'char_end': 91, 'char_start': 85, 'lemma': 'refero', 'pos': 'VERB', 'sentence_id': 'noscemus_888129_80', 'token_id': 139552688, 'token_text': 'refert'}
 {'char_end': 98, 'char_start': 92, 'lemma': 'caecus', 'pos': 'ADJ', 'sentence_id': 'noscemus_888129_80', 'token_id': 139552689, 'token_text': 'Caecas'}
 {'char_end': 106, 'char_start': 99, 'lemma': 'ambages', 'pos': 'NOUN', 'sentence_id': 'noscemus_888129_80', 'token_id': 139552690, 'token_text': 'ambages'}
 {'char_end': 107, 'char_start': 106, 'lemma': ',', 'pos': 'PUNCT', 'sentence_id': 'noscemus_888129_80', 'token_id': 139552691, 'token_text': ','}
 {'char_end': 119, 'char_start': 108, 'lemma': 'labyrinthus', 'pos': 'NOUN', 'sentence_id': 'noscemus_888129_80', 'token_id': 139552692, 'token_text': 'labyrinthos'}
 {'char_end': 124, 'char_start': 120, 'lemma': 'ars', 'pos': 'NOUN', 'sentence_id': 'noscemus_888129_80', 'token_id': 139552693, 'token_text': 'arte'}
 {'char_end': 133, 'char_start': 125, 'lemma': 'resoluo', 'pos': 'VERB', 'sentence_id': 'noscemus_888129_80', 'token_id': 139552694, 'token_text': 'resoluit'}
 {'char_end': 134, 'char_start': 133, 'lemma': ',', 'pos': 'PUNCT', 'sentence_id': 'noscemus_888129_80', 'token_id': 139552695, 'token_text': ','}
 {'char_end': 137, 'char_start': 135, 'lemma': 'et', 'pos': 'CCONJ', 'sentence_id': 'noscemus_888129_80', 'token_id': 139552696, 'token_text': 'Et'}
 {'char_end': 143, 'char_start': 138, 'lemma': 'uerus', 'pos': 'ADJ', 'sentence_id': 'noscemus_888129_80', 'token_id': 139552697, 'token_text': 'uerum'}
 {'char_end': 146, 'char_start': 144, 'lemma': 'ex', 'pos': 'ADP', 'sentence_id': 'noscemus_888129_80', 'token_id': 139552698, 'token_text': 'ex'}
 {'char_end': 151, 'char_start': 147, 'lemma': 'uerus', 'pos': 'ADJ', 'sentence_id': 'noscemus_888129_80', 'token_id': 139552699, 'token_text': 'uero'}
 {'char_end': 158, 'char_start': 152, 'lemma': 'uere', 'pos': 'ADV', 'sentence_id': 'noscemus_888129_80', 'token_id': 139552700, 'token_text': 'uerius'}
 {'char_end': 163, 'char_start': 159, 'lemma': 'ipse', 'pos': 'DET', 'sentence_id': 'noscemus_888129_80', 'token_id': 139552701, 'token_text': 'ipse'}
 {'char_end': 169, 'char_start': 164, 'lemma': 'lego', 'pos': 'VERB', 'sentence_id': 'noscemus_888129_80', 'token_id': 139552702, 'token_text': 'legit'}
 {'char_end': 170, 'char_start': 169, 'lemma': ',', 'pos': 'PUNCT', 'sentence_id': 'noscemus_888129_80', 'token_id': 139552703, 'token_text': ','}
 {'char_end': 178, 'char_start': 171, 'lemma': 'quantum', 'pos': 'ADV', 'sentence_id': 'noscemus_888129_80', 'token_id': 139552704, 'token_text': 'Quantum'}
 {'char_end': 186, 'char_start': 179, 'lemma': 'quisque', 'pos': 'DET', 'sentence_id': 'noscemus_888129_80', 'token_id': 139552705, 'token_text': 'quisque'}
 {'char_end': 193, 'char_start': 187, 'lemma': 'possum', 'pos': 'VERB', 'sentence_id': 'noscemus_888129_80', 'token_id': 139552706, 'token_text': 'potens'}
 {'char_end': 200, 'char_start': 194, 'lemma': 'medica', 'pos': 'ADJ', 'sentence_id': 'noscemus_888129_80', 'token_id': 139552707, 'token_text': 'medica'}
 {'char_end': 203, 'char_start': 201, 'lemma': 'res', 'pos': 'NOUN', 'sentence_id': 'noscemus_888129_80', 'token_id': 139552708, 'token_text': 're'}
 {'char_end': 204, 'char_start': 203, 'lemma': ',', 'pos': 'PUNCT', 'sentence_id': 'noscemus_888129_80', 'token_id': 139552709, 'token_text': ','}
 {'char_end': 211, 'char_start': 205, 'lemma': 'debeo', 'pos': 'VERB', 'sentence_id': 'noscemus_888129_80', 'token_id': 139552710, 'token_text': 'debeat'}
 {'char_end': 216, 'char_start': 212, 'lemma': 'eo', 'pos': 'DET', 'sentence_id': 'noscemus_888129_80', 'token_id': 139552711, 'token_text': 'isti'}
 {'char_end': 217, 'char_start': 216, 'lemma': ',', 'pos': 'PUNCT', 'sentence_id': 'noscemus_888129_80', 'token_id': 139552712, 'token_text': ','}
 {'char_end': 220, 'char_start': 218, 'lemma': 'si', 'pos': 'SCONJ', 'sentence_id': 'noscemus_888129_80', 'token_id': 139552713, 'token_text': 'Si'}
 {'char_end': 227, 'char_start': 221, 'lemma': 'nosco', 'pos': 'VERB', 'sentence_id': 'noscemus_888129_80', 'token_id': 139552714, 'token_text': 'nosset'}
 {'char_end': 228, 'char_start': 227, 'lemma': ',', 'pos': 'PUNCT', 'sentence_id': 'noscemus_888129_80', 'token_id': 139552715, 'token_text': ','}
 {'char_end': 236, 'char_start': 229, 'lemma': 'meritum', 'pos': 'NOUN', 'sentence_id': 'noscemus_888129_80', 'token_id': 139552716, 'token_text': 'meritum'}
 {'char_end': 250, 'char_start': 237, 'lemma': 'prosequor', 'pos': 'VERB', 'sentence_id': 'noscemus_888129_80', 'token_id': 139552717, 'token_text': 'prosequeretur'}
 {'char_end': 255, 'char_start': 251, 'lemma': 'opus', 'pos': 'NOUN', 'sentence_id': 'noscemus_888129_80', 'token_id': 139552718, 'token_text': 'opus'}
 {'char_end': 256, 'char_start': 255, 'lemma': '.', 'pos': 'PUNCT', 'sentence_id': 'noscemus_888129_80', 'token_id': 139552719, 'token_text': '.'}]","[{'char_end': 59, 'char_start': 51, 'lemma': 'explico', 'pos': 'VERB', 'sentence_id': 'noscemus_888129_80', 'token_id': 139552682, 'token_text': 'Explicat'}
 {'char_end': 63, 'char_start': 60, 'lemma': 'hic', 'pos': 'DET', 'sentence_id': 'noscemus_888129_80', 'token_id': 139552683, 'token_text': 'hec'}
 {'char_end': 64, 'char_start': 63, 'lemma': ',', 'pos': 'PUNCT', 'sentence_id': 'noscemus_888129_80', 'token_id': 139552684, 'token_text': ','}
 {'char_end': 71, 'char_start': 65, 'lemma': 'clarus', 'pos': 'ADJ', 'sentence_id': 'noscemus_888129_80', 'token_id': 139552685, 'token_text': 'claris'}
 {'char_end': 81, 'char_start': 72, 'lemma': 'nomen', 'pos': 'NOUN', 'sentence_id': 'noscemus_888129_80', 'token_id': 139552686, 'token_text': 'nominibus'}
 {'char_end': 84, 'char_start': 81, 'lemma': 'que', 'pos': 'PRON', 'sentence_id': 'noscemus_888129_80', 'token_id': 139552687, 'token_text': 'que'}
 {'char_end': 91, 'char_start': 85, 'lemma': 'refero', 'pos': 'VERB', 'sentence_id': 'noscemus_888129_80', 'token_id': 139552688, 'token_text': 'refert'}
 {'char_end': 98, 'char_start': 92, 'lemma': 'caecus', 'pos': 'ADJ', 'sentence_id': 'noscemus_888129_80', 'token_id': 139552689, 'token_text': 'Caecas'}
 {'char_end': 106, 'char_start': 99, 'lemma': 'ambages', 'pos': 'NOUN', 'sentence_id': 'noscemus_888129_80', 'token_id': 139552690, 'token_text': 'ambages'}
 {'char_end': 107, 'char_start': 106, 'lemma': ',', 'pos': 'PUNCT', 'sentence_id': 'noscemus_888129_80', 'token_id': 139552691, 'token_text': ','}
 {'char_end': 119, 'char_start': 108, 'lemma': 'labyrinthus', 'pos': 'NOUN', 'sentence_id': 'noscemus_888129_80', 'token_id': 139552692, 'token_text': 'labyrinthos'}
 {'char_end': 124, 'char_start': 120, 'lemma': 'ars', 'pos': 'NOUN', 'sentence_id': 'noscemus_888129_80', 'token_id': 139552693, 'token_text': 'arte'}
 {'char_end': 133, 'char_start': 125, 'lemma': 'resoluo', 'pos': 'VERB', 'sentence_id': 'noscemus_888129_80', 'token_id': 139552694, 'token_text': 'resoluit'}
 {'char_end': 134, 'char_start': 133, 'lemma': ',', 'pos': 'PUNCT', 'sentence_id': 'noscemus_888129_80', 'token_id': 139552695, 'token_text': ','}
 {'char_end': 137, 'char_start': 135, 'lemma': 'et', 'pos': 'CCONJ', 'sentence_id': 'noscemus_888129_80', 'token_id': 139552696, 'token_text': 'Et'}
 {'char_end': 143, 'char_start': 138, 'lemma': 'uerus', 'pos': 'ADJ', 'sentence_id': 'noscemus_888129_80', 'token_id': 139552697, 'token_text': 'uerum'}
 {'char_end': 146, 'char_start': 144, 'lemma': 'ex', 'pos': 'ADP', 'sentence_id': 'noscemus_888129_80', 'token_id': 139552698, 'token_text': 'ex'}
 {'char_end': 151, 'char_start': 147, 'lemma': 'uerus', 'pos': 'ADJ', 'sentence_id': 'noscemus_888129_80', 'token_id': 139552699, 'token_text': 'uero'}
 {'char_end': 158, 'char_start': 152, 'lemma': 'uere', 'pos': 'ADV', 'sentence_id': 'noscemus_888129_80', 'token_id': 139552700, 'token_text': 'uerius'}
 {'char_end': 163, 'char_start': 159, 'lemma': 'ipse', 'pos': 'DET', 'sentence_id': 'noscemus_888129_80', 'token_id': 139552701, 'token_text': 'ipse'}
 {'char_end': 169, 'char_start': 164, 'lemma': 'lego', 'pos': 'VERB', 'sentence_id': 'noscemus_888129_80', 'token_id': 139552702, 'token_text': 'legit'}]",1598.0,1598.0,1598.0,,,Dictionary/Lexicon,Medicine,139552692,108,119
144,"Masenius, Jacobus",Exercitationes Oratoriae,cc_13980,cc_13980_8385,"an ignorabit, non aliud ab illis bellum esse susce ptum, quam pro libertate, pro errore, perfidiaque sua tuenda ac propaganda, quod suis Regem Gallae uiribus ac opibus alere, quid aliud sit, quam arcem illam fidei, illud religionis in Europa propugnaculum, Ecclesiae ornamentum, decus morum, uirtutum praesidium, pietatis monumentum, sanctorum homi num domicilium, Galliae, inquam, regnum, in haereticorum asylum, sceleratorum confluuium, Europae labyrinthum, fidei naufragium, uirtutum charybdim, ac commune perfidiae munimentum, et uitiorum theatrum commutare.","An non intelligit, iisdem se armis, iisdem artibus, quibus perfidorum hominum partes auxerit, eorum simul aucturum haeresin, ac pertinaciam? | an ignorabit, non aliud ab illis bellum esse susce ptum, quam pro libertate, pro errore, perfidiaque sua tuenda ac propaganda, quod suis Regem Gallae uiribus ac opibus alere, quid aliud sit, quam arcem illam fidei, illud religionis in Europa propugnaculum, Ecclesiae ornamentum, decus morum, uirtutum praesidium, pietatis monumentum, sanctorum homi num domicilium, Galliae, inquam, regnum, in haereticorum asylum, sceleratorum confluuium, Europae labyrinthum, fidei naufragium, uirtutum charybdim, ac commune perfidiae munimentum, et uitiorum theatrum commutare. | Non enim mihi persuasero, illos diu haereseos illuuione ac peste carituros, qui haeresis auctores quocumque titulo ac colore susceperint defendendos.",scientific_complexity_metaphorics,"[{'char_end': 2, 'char_start': 0, 'lemma': 'an', 'pos': 'CCONJ', 'sentence_id': 'cc_13980_8385', 'token_id': 208107435, 'token_text': 'an'}
 {'char_end': 12, 'char_start': 3, 'lemma': 'ignoro', 'pos': 'VERB', 'sentence_id': 'cc_13980_8385', 'token_id': 208107436, 'token_text': 'ignorabit'}
 {'char_end': 13, 'char_start': 12, 'lemma': ',', 'pos': 'PUNCT', 'sentence_id': 'cc_13980_8385', 'token_id': 208107437, 'token_text': ','}
 {'char_end': 17, 'char_start': 14, 'lemma': 'non', 'pos': 'PART', 'sentence_id': 'cc_13980_8385', 'token_id': 208107438, 'token_text': 'non'}
 {'char_end': 23, 'char_start': 18, 'lemma': 'alius', 'pos': 'DET', 'sentence_id': 'cc_13980_8385', 'token_id': 208107439, 'token_text': 'aliud'}
 {'char_end': 26, 'char_start': 24, 'lemma': 'ab', 'pos': 'ADP', 'sentence_id': 'cc_13980_8385', 'token_id': 208107440, 'token_text': 'ab'}
 {'char_end': 32, 'char_start': 27, 'lemma': 'ille', 'pos': 'DET', 'sentence_id': 'cc_13980_8385', 'token_id': 208107441, 'token_text': 'illis'}
 {'char_end': 39, 'char_start': 33, 'lemma': 'bellum', 'pos': 'NOUN', 'sentence_id': 'cc_13980_8385', 'token_id': 208107442, 'token_text': 'bellum'}
 {'char_end': 44, 'char_start': 40, 'lemma': 'sum', 'pos': 'AUX', 'sentence_id': 'cc_13980_8385', 'token_id': 208107443, 'token_text': 'esse'}
 {'char_end': 50, 'char_start': 45, 'lemma': 'susco', 'pos': 'VERB', 'sentence_id': 'cc_13980_8385', 'token_id': 208107444, 'token_text': 'susce'}
 {'char_end': 55, 'char_start': 51, 'lemma': 'ptus', 'pos': 'VERB', 'sentence_id': 'cc_13980_8385', 'token_id': 208107445, 'token_text': 'ptum'}
 {'char_end': 56, 'char_start': 55, 'lemma': ',', 'pos': 'PUNCT', 'sentence_id': 'cc_13980_8385', 'token_id': 208107446, 'token_text': ','}
 {'char_end': 61, 'char_start': 57, 'lemma': 'quam', 'pos': 'SCONJ', 'sentence_id': 'cc_13980_8385', 'token_id': 208107447, 'token_text': 'quam'}
 {'char_end': 65, 'char_start': 62, 'lemma': 'pro', 'pos': 'ADP', 'sentence_id': 'cc_13980_8385', 'token_id': 208107448, 'token_text': 'pro'}
 {'char_end': 75, 'char_start': 66, 'lemma': 'libertas', 'pos': 'NOUN', 'sentence_id': 'cc_13980_8385', 'token_id': 208107449, 'token_text': 'libertate'}
 {'char_end': 76, 'char_start': 75, 'lemma': ',', 'pos': 'PUNCT', 'sentence_id': 'cc_13980_8385', 'token_id': 208107450, 'token_text': ','}
 {'char_end': 80, 'char_start': 77, 'lemma': 'pro', 'pos': 'ADP', 'sentence_id': 'cc_13980_8385', 'token_id': 208107451, 'token_text': 'pro'}
 {'char_end': 87, 'char_start': 81, 'lemma': 'error', 'pos': 'NOUN', 'sentence_id': 'cc_13980_8385', 'token_id': 208107452, 'token_text': 'errore'}
 {'char_end': 88, 'char_start': 87, 'lemma': ',', 'pos': 'PUNCT', 'sentence_id': 'cc_13980_8385', 'token_id': 208107453, 'token_text': ','}
 {'char_end': 97, 'char_start': 89, 'lemma': 'perfidia', 'pos': 'NOUN', 'sentence_id': 'cc_13980_8385', 'token_id': 208107454, 'token_text': 'perfidia'}
 {'char_end': 100, 'char_start': 97, 'lemma': 'que', 'pos': 'CCONJ', 'sentence_id': 'cc_13980_8385', 'token_id': 208107455, 'token_text': 'que'}
 {'char_end': 104, 'char_start': 101, 'lemma': 'suus', 'pos': 'DET', 'sentence_id': 'cc_13980_8385', 'token_id': 208107456, 'token_text': 'sua'}
 {'char_end': 111, 'char_start': 105, 'lemma': 'tueor', 'pos': 'VERB', 'sentence_id': 'cc_13980_8385', 'token_id': 208107457, 'token_text': 'tuenda'}
 {'char_end': 114, 'char_start': 112, 'lemma': 'atque', 'pos': 'CCONJ', 'sentence_id': 'cc_13980_8385', 'token_id': 208107458, 'token_text': 'ac'}
 {'char_end': 125, 'char_start': 115, 'lemma': 'propago', 'pos': 'VERB', 'sentence_id': 'cc_13980_8385', 'token_id': 208107459, 'token_text': 'propaganda'}
 {'char_end': 126, 'char_start': 125, 'lemma': ',', 'pos': 'PUNCT', 'sentence_id': 'cc_13980_8385', 'token_id': 208107460, 'token_text': ','}
 {'char_end': 131, 'char_start': 127, 'lemma': 'qui', 'pos': 'PRON', 'sentence_id': 'cc_13980_8385', 'token_id': 208107461, 'token_text': 'quod'}
 {'char_end': 136, 'char_start': 132, 'lemma': 'suus', 'pos': 'DET', 'sentence_id': 'cc_13980_8385', 'token_id': 208107462, 'token_text': 'suis'}
 {'char_end': 142, 'char_start': 137, 'lemma': 'rex', 'pos': 'NOUN', 'sentence_id': 'cc_13980_8385', 'token_id': 208107463, 'token_text': 'Regem'}
 {'char_end': 149, 'char_start': 143, 'lemma': 'Galla', 'pos': 'PROPN', 'sentence_id': 'cc_13980_8385', 'token_id': 208107464, 'token_text': 'Gallae'}
 {'char_end': 157, 'char_start': 150, 'lemma': 'uis', 'pos': 'NOUN', 'sentence_id': 'cc_13980_8385', 'token_id': 208107465, 'token_text': 'uiribus'}
 {'char_end': 160, 'char_start': 158, 'lemma': 'atque', 'pos': 'CCONJ', 'sentence_id': 'cc_13980_8385', 'token_id': 208107466, 'token_text': 'ac'}
 {'char_end': 167, 'char_start': 161, 'lemma': 'ops', 'pos': 'NOUN', 'sentence_id': 'cc_13980_8385', 'token_id': 208107467, 'token_text': 'opibus'}
 {'char_end': 173, 'char_start': 168, 'lemma': 'alo', 'pos': 'VERB', 'sentence_id': 'cc_13980_8385', 'token_id': 208107468, 'token_text': 'alere'}
 {'char_end': 174, 'char_start': 173, 'lemma': ',', 'pos': 'PUNCT', 'sentence_id': 'cc_13980_8385', 'token_id': 208107469, 'token_text': ','}
 {'char_end': 179, 'char_start': 175, 'lemma': 'quis', 'pos': 'PRON', 'sentence_id': 'cc_13980_8385', 'token_id': 208107470, 'token_text': 'quid'}
 {'char_end': 185, 'char_start': 180, 'lemma': 'alius', 'pos': 'DET', 'sentence_id': 'cc_13980_8385', 'token_id': 208107471, 'token_text': 'aliud'}
 {'char_end': 189, 'char_start': 186, 'lemma': 'sum', 'pos': 'AUX', 'sentence_id': 'cc_13980_8385', 'token_id': 208107472, 'token_text': 'sit'}
 {'char_end': 190, 'char_start': 189, 'lemma': ',', 'pos': 'PUNCT', 'sentence_id': 'cc_13980_8385', 'token_id': 208107473, 'token_text': ','}
 {'char_end': 195, 'char_start': 191, 'lemma': 'quam', 'pos': 'SCONJ', 'sentence_id': 'cc_13980_8385', 'token_id': 208107474, 'token_text': 'quam'}
 {'char_end': 201, 'char_start': 196, 'lemma': 'arx', 'pos': 'NOUN', 'sentence_id': 'cc_13980_8385', 'token_id': 208107475, 'token_text': 'arcem'}
 {'char_end': 207, 'char_start': 202, 'lemma': 'ille', 'pos': 'DET', 'sentence_id': 'cc_13980_8385', 'token_id': 208107476, 'token_text': 'illam'}
 {'char_end': 213, 'char_start': 208, 'lemma': 'fides', 'pos': 'NOUN', 'sentence_id': 'cc_13980_8385', 'token_id': 208107477, 'token_text': 'fidei'}
 {'char_end': 214, 'char_start': 213, 'lemma': ',', 'pos': 'PUNCT', 'sentence_id': 'cc_13980_8385', 'token_id': 208107478, 'token_text': ','}
 {'char_end': 220, 'char_start': 215, 'lemma': 'ille', 'pos': 'DET', 'sentence_id': 'cc_13980_8385', 'token_id': 208107479, 'token_text': 'illud'}
 {'char_end': 231, 'char_start': 221, 'lemma': 'religio', 'pos': 'NOUN', 'sentence_id': 'cc_13980_8385', 'token_id': 208107480, 'token_text': 'religionis'}
 {'char_end': 234, 'char_start': 232, 'lemma': 'in', 'pos': 'ADP', 'sentence_id': 'cc_13980_8385', 'token_id': 208107481, 'token_text': 'in'}
 {'char_end': 241, 'char_start': 235, 'lemma': 'Europa', 'pos': 'PROPN', 'sentence_id': 'cc_13980_8385', 'token_id': 208107482, 'token_text': 'Europa'}
 {'char_end': 255, 'char_start': 242, 'lemma': 'propugnaculum', 'pos': 'NOUN', 'sentence_id': 'cc_13980_8385', 'token_id': 208107483, 'token_text': 'propugnaculum'}
 {'char_end': 256, 'char_start': 255, 'lemma': ',', 'pos': 'PUNCT', 'sentence_id': 'cc_13980_8385', 'token_id': 208107484, 'token_text': ','}
 {'char_end': 266, 'char_start': 257, 'lemma': 'Ecclesia', 'pos': 'NOUN', 'sentence_id': 'cc_13980_8385', 'token_id': 208107485, 'token_text': 'Ecclesiae'}
 {'char_end': 277, 'char_start': 267, 'lemma': 'ornamentum', 'pos': 'NOUN', 'sentence_id': 'cc_13980_8385', 'token_id': 208107486, 'token_text': 'ornamentum'}
 {'char_end': 278, 'char_start': 277, 'lemma': ',', 'pos': 'PUNCT', 'sentence_id': 'cc_13980_8385', 'token_id': 208107487, 'token_text': ','}
 {'char_end': 284, 'char_start': 279, 'lemma': 'decus', 'pos': 'NOUN', 'sentence_id': 'cc_13980_8385', 'token_id': 208107488, 'token_text': 'decus'}
 {'char_end': 290, 'char_start': 285, 'lemma': 'mos', 'pos': 'NOUN', 'sentence_id': 'cc_13980_8385', 'token_id': 208107489, 'token_text': 'morum'}
 {'char_end': 291, 'char_start': 290, 'lemma': ',', 'pos': 'PUNCT', 'sentence_id': 'cc_13980_8385', 'token_id': 208107490, 'token_text': ','}
 {'char_end': 300, 'char_start': 292, 'lemma': 'uirtus', 'pos': 'NOUN', 'sentence_id': 'cc_13980_8385', 'token_id': 208107491, 'token_text': 'uirtutum'}
 {'char_end': 311, 'char_start': 301, 'lemma': 'praesidium', 'pos': 'NOUN', 'sentence_id': 'cc_13980_8385', 'token_id': 208107492, 'token_text': 'praesidium'}
 {'char_end': 312, 'char_start': 311, 'lemma': ',', 'pos': 'PUNCT', 'sentence_id': 'cc_13980_8385', 'token_id': 208107493, 'token_text': ','}
 {'char_end': 321, 'char_start': 313, 'lemma': 'pietas', 'pos': 'NOUN', 'sentence_id': 'cc_13980_8385', 'token_id': 208107494, 'token_text': 'pietatis'}
 {'char_end': 332, 'char_start': 322, 'lemma': 'monumentum', 'pos': 'NOUN', 'sentence_id': 'cc_13980_8385', 'token_id': 208107495, 'token_text': 'monumentum'}
 {'char_end': 333, 'char_start': 332, 'lemma': ',', 'pos': 'PUNCT', 'sentence_id': 'cc_13980_8385', 'token_id': 208107496, 'token_text': ','}
 {'char_end': 343, 'char_start': 334, 'lemma': 'sanctus', 'pos': 'ADJ', 'sentence_id': 'cc_13980_8385', 'token_id': 208107497, 'token_text': 'sanctorum'}
 {'char_end': 348, 'char_start': 344, 'lemma': 'homus', 'pos': 'NOUN', 'sentence_id': 'cc_13980_8385', 'token_id': 208107498, 'token_text': 'homi'}
 {'char_end': 352, 'char_start': 349, 'lemma': 'num', 'pos': 'NOUN', 'sentence_id': 'cc_13980_8385', 'token_id': 208107499, 'token_text': 'num'}
 {'char_end': 363, 'char_start': 353, 'lemma': 'domicilium', 'pos': 'NOUN', 'sentence_id': 'cc_13980_8385', 'token_id': 208107500, 'token_text': 'domicilium'}
 {'char_end': 364, 'char_start': 363, 'lemma': ',', 'pos': 'PUNCT', 'sentence_id': 'cc_13980_8385', 'token_id': 208107501, 'token_text': ','}
 {'char_end': 372, 'char_start': 365, 'lemma': 'Gallia', 'pos': 'PROPN', 'sentence_id': 'cc_13980_8385', 'token_id': 208107502, 'token_text': 'Galliae'}
 {'char_end': 373, 'char_start': 372, 'lemma': ',', 'pos': 'PUNCT', 'sentence_id': 'cc_13980_8385', 'token_id': 208107503, 'token_text': ','}
 {'char_end': 380, 'char_start': 374, 'lemma': 'inquam', 'pos': 'VERB', 'sentence_id': 'cc_13980_8385', 'token_id': 208107504, 'token_text': 'inquam'}
 {'char_end': 381, 'char_start': 380, 'lemma': ',', 'pos': 'PUNCT', 'sentence_id': 'cc_13980_8385', 'token_id': 208107505, 'token_text': ','}
 {'char_end': 388, 'char_start': 382, 'lemma': 'regnum', 'pos': 'NOUN', 'sentence_id': 'cc_13980_8385', 'token_id': 208107506, 'token_text': 'regnum'}
 {'char_end': 389, 'char_start': 388, 'lemma': ',', 'pos': 'PUNCT', 'sentence_id': 'cc_13980_8385', 'token_id': 208107507, 'token_text': ','}
 {'char_end': 392, 'char_start': 390, 'lemma': 'in', 'pos': 'ADP', 'sentence_id': 'cc_13980_8385', 'token_id': 208107508, 'token_text': 'in'}
 {'char_end': 405, 'char_start': 393, 'lemma': 'haereticus', 'pos': 'NOUN', 'sentence_id': 'cc_13980_8385', 'token_id': 208107509, 'token_text': 'haereticorum'}
 {'char_end': 412, 'char_start': 406, 'lemma': 'asylum', 'pos': 'NOUN', 'sentence_id': 'cc_13980_8385', 'token_id': 208107510, 'token_text': 'asylum'}
 {'char_end': 413, 'char_start': 412, 'lemma': ',', 'pos': 'PUNCT', 'sentence_id': 'cc_13980_8385', 'token_id': 208107511, 'token_text': ','}
 {'char_end': 426, 'char_start': 414, 'lemma': 'scelero', 'pos': 'NOUN', 'sentence_id': 'cc_13980_8385', 'token_id': 208107512, 'token_text': 'sceleratorum'}
 {'char_end': 437, 'char_start': 427, 'lemma': 'confluuis', 'pos': 'NOUN', 'sentence_id': 'cc_13980_8385', 'token_id': 208107513, 'token_text': 'confluuium'}
 {'char_end': 438, 'char_start': 437, 'lemma': ',', 'pos': 'PUNCT', 'sentence_id': 'cc_13980_8385', 'token_id': 208107514, 'token_text': ','}
 {'char_end': 446, 'char_start': 439, 'lemma': 'Europa', 'pos': 'PROPN', 'sentence_id': 'cc_13980_8385', 'token_id': 208107515, 'token_text': 'Europae'}
 {'char_end': 458, 'char_start': 447, 'lemma': 'labyrinthus', 'pos': 'NOUN', 'sentence_id': 'cc_13980_8385', 'token_id': 208107516, 'token_text': 'labyrinthum'}
 {'char_end': 459, 'char_start': 458, 'lemma': ',', 'pos': 'PUNCT', 'sentence_id': 'cc_13980_8385', 'token_id': 208107517, 'token_text': ','}
 {'char_end': 465, 'char_start': 460, 'lemma': 'fides', 'pos': 'NOUN', 'sentence_id': 'cc_13980_8385', 'token_id': 208107518, 'token_text': 'fidei'}
 {'char_end': 476, 'char_start': 466, 'lemma': 'naufragium', 'pos': 'NOUN', 'sentence_id': 'cc_13980_8385', 'token_id': 208107519, 'token_text': 'naufragium'}
 {'char_end': 477, 'char_start': 476, 'lemma': ',', 'pos': 'PUNCT', 'sentence_id': 'cc_13980_8385', 'token_id': 208107520, 'token_text': ','}
 {'char_end': 486, 'char_start': 478, 'lemma': 'uirtus', 'pos': 'NOUN', 'sentence_id': 'cc_13980_8385', 'token_id': 208107521, 'token_text': 'uirtutum'}
 {'char_end': 496, 'char_start': 487, 'lemma': 'charybdis', 'pos': 'NOUN', 'sentence_id': 'cc_13980_8385', 'token_id': 208107522, 'token_text': 'charybdim'}
 {'char_end': 497, 'char_start': 496, 'lemma': ',', 'pos': 'PUNCT', 'sentence_id': 'cc_13980_8385', 'token_id': 208107523, 'token_text': ','}
 {'char_end': 500, 'char_start': 498, 'lemma': 'atque', 'pos': 'CCONJ', 'sentence_id': 'cc_13980_8385', 'token_id': 208107524, 'token_text': 'ac'}
 {'char_end': 508, 'char_start': 501, 'lemma': 'communis', 'pos': 'ADJ', 'sentence_id': 'cc_13980_8385', 'token_id': 208107525, 'token_text': 'commune'}
 {'char_end': 518, 'char_start': 509, 'lemma': 'perfidia', 'pos': 'NOUN', 'sentence_id': 'cc_13980_8385', 'token_id': 208107526, 'token_text': 'perfidiae'}
 {'char_end': 529, 'char_start': 519, 'lemma': 'munimentum', 'pos': 'NOUN', 'sentence_id': 'cc_13980_8385', 'token_id': 208107527, 'token_text': 'munimentum'}
 {'char_end': 530, 'char_start': 529, 'lemma': ',', 'pos': 'PUNCT', 'sentence_id': 'cc_13980_8385', 'token_id': 208107528, 'token_text': ','}
 {'char_end': 533, 'char_start': 531, 'lemma': 'et', 'pos': 'CCONJ', 'sentence_id': 'cc_13980_8385', 'token_id': 208107529, 'token_text': 'et'}
 {'char_end': 542, 'char_start': 534, 'lemma': 'uitium', 'pos': 'NOUN', 'sentence_id': 'cc_13980_8385', 'token_id': 208107530, 'token_text': 'uitiorum'}
 {'char_end': 551, 'char_start': 543, 'lemma': 'theatrum', 'pos': 'NOUN', 'sentence_id': 'cc_13980_8385', 'token_id': 208107531, 'token_text': 'theatrum'}
 {'char_end': 561, 'char_start': 552, 'lemma': 'commuto', 'pos': 'VERB', 'sentence_id': 'cc_13980_8385', 'token_id': 208107532, 'token_text': 'commutare'}
 {'char_end': 562, 'char_start': 561, 'lemma': '.', 'pos': 'PUNCT', 'sentence_id': 'cc_13980_8385', 'token_id': 208107533, 'token_text': '.'}]","[{'char_end': 388, 'char_start': 382, 'lemma': 'regnum', 'pos': 'NOUN', 'sentence_id': 'cc_13980_8385', 'token_id': 208107506, 'token_text': 'regnum'}
 {'char_end': 389, 'char_start': 388, 'lemma': ',', 'pos': 'PUNCT', 'sentence_id': 'cc_13980_8385', 'token_id': 208107507, 'token_text': ','}
 {'char_end': 392, 'char_start': 390, 'lemma': 'in', 'pos': 'ADP', 'sentence_id': 'cc_13980_8385', 'token_id': 208107508, 'token_text': 'in'}
 {'char_end': 405, 'char_start': 393, 'lemma': 'haereticus', 'pos': 'NOUN', 'sentence_id': 'cc_13980_8385', 'token_id': 208107509, 'token_text': 'haereticorum'}
 {'char_end': 412, 'char_start': 406, 'lemma': 'asylum', 'pos': 'NOUN', 'sentence_id': 'cc_13980_8385', 'token_id': 208107510, 'token_text': 'asylum'}
 {'char_end': 413, 'char_start': 412, 'lemma': ',', 'pos': 'PUNCT', 'sentence_id': 'cc_13980_8385', 'token_id': 208107511, 'token_text': ','}
 {'char_end': 426, 'char_start': 414, 'lemma': 'scelero', 'pos': 'NOUN', 'sentence_id': 'cc_13980_8385', 'token_id': 208107512, 'token_text': 'sceleratorum'}
 {'char_end': 437, 'char_start': 427, 'lemma': 'confluuis', 'pos': 'NOUN', 'sentence_id': 'cc_13980_8385', 'token_id': 208107513, 'token_text': 'confluuium'}
 {'char_end': 438, 'char_start': 437, 'lemma': ',', 'pos': 'PUNCT', 'sentence_id': 'cc_13980_8385', 'token_id': 208107514, 'token_text': ','}
 {'char_end': 446, 'char_start': 439, 'lemma': 'Europa', 'pos': 'PROPN', 'sentence_id': 'cc_13980_8385', 'token_id': 208107515, 'token_text': 'Europae'}
 {'char_end': 458, 'char_start': 447, 'lemma': 'labyrinthus', 'pos': 'NOUN', 'sentence_id': 'cc_13980_8385', 'token_id': 208107516, 'token_text': 'labyrinthum'}
 {'char_end': 459, 'char_start': 458, 'lemma': ',', 'pos': 'PUNCT', 'sentence_id': 'cc_13980_8385', 'token_id': 208107517, 'token_text': ','}
 {'char_end': 465, 'char_start': 460, 'lemma': 'fides', 'pos': 'NOUN', 'sentence_id': 'cc_13980_8385', 'token_id': 208107518, 'token_text': 'fidei'}
 {'char_end': 476, 'char_start': 466, 'lemma': 'naufragium', 'pos': 'NOUN', 'sentence_id': 'cc_13980_8385', 'token_id': 208107519, 'token_text': 'naufragium'}
 {'char_end': 477, 'char_start': 476, 'lemma': ',', 'pos': 'PUNCT', 'sentence_id': 'cc_13980_8385', 'token_id': 208107520, 'token_text': ','}
 {'char_end': 486, 'char_start': 478, 'lemma': 'uirtus', 'pos': 'NOUN', 'sentence_id': 'cc_13980_8385', 'token_id': 208107521, 'token_text': 'uirtutum'}
 {'char_end': 496, 'char_start': 487, 'lemma': 'charybdis', 'pos': 'NOUN', 'sentence_id': 'cc_13980_8385', 'token_id': 208107522, 'token_text': 'charybdim'}
 {'char_end': 497, 'char_start': 496, 'lemma': ',', 'pos': 'PUNCT', 'sentence_id': 'cc_13980_8385', 'token_id': 208107523, 'token_text': ','}
 {'char_end': 500, 'char_start': 498, 'lemma': 'atque', 'pos': 'CCONJ', 'sentence_id': 'cc_13980_8385', 'token_id': 208107524, 'token_text': 'ac'}
 {'char_end': 508, 'char_start': 501, 'lemma': 'communis', 'pos': 'ADJ', 'sentence_id': 'cc_13980_8385', 'token_id': 208107525, 'token_text': 'commune'}
 {'char_end': 518, 'char_start': 509, 'lemma': 'perfidia', 'pos': 'NOUN', 'sentence_id': 'cc_13980_8385', 'token_id': 208107526, 'token_text': 'perfidiae'}]",1606.0,1681.0,1680.0,,,,,208107516,447,458
750,"Stansel, Valentin","Uranophilus caelestis peregrinus sive mentis Uranicae per mundum sidereum peregrinantis extases authore Valentino Estancel de Castro Iulii, Moravo, e Societate Iesu. Olim in universitate Pragensi, deinde in Regia Olyssiponensi matheseos magistro, demum theologiae moralis in urbe Sancti Salvatoris, vulgo Bahya Omnium Sanctorum in Brasilia professore.",noscemus_797514,noscemus_797514_11056,"Ex uno labyrintho in alium me trahis, o Uranophile, inquit Musa.","Urania. | Ex uno labyrintho in alium me trahis, o Uranophile, inquit Musa. | Soluto uno nodo, alium implicas.",scientific_complexity_metaphorics,"[{'char_end': 2, 'char_start': 0, 'lemma': 'ex', 'pos': 'ADP', 'sentence_id': 'noscemus_797514_11056', 'token_id': 138519447, 'token_text': 'Ex'}
 {'char_end': 6, 'char_start': 3, 'lemma': 'unus', 'pos': 'NUM', 'sentence_id': 'noscemus_797514_11056', 'token_id': 138519448, 'token_text': 'uno'}
 {'char_end': 17, 'char_start': 7, 'lemma': 'labyrinthus', 'pos': 'NOUN', 'sentence_id': 'noscemus_797514_11056', 'token_id': 138519449, 'token_text': 'labyrintho'}
 {'char_end': 20, 'char_start': 18, 'lemma': 'in', 'pos': 'ADP', 'sentence_id': 'noscemus_797514_11056', 'token_id': 138519450, 'token_text': 'in'}
 {'char_end': 26, 'char_start': 21, 'lemma': 'alius', 'pos': 'DET', 'sentence_id': 'noscemus_797514_11056', 'token_id': 138519451, 'token_text': 'alium'}
 {'char_end': 29, 'char_start': 27, 'lemma': 'ego', 'pos': 'PRON', 'sentence_id': 'noscemus_797514_11056', 'token_id': 138519452, 'token_text': 'me'}
 {'char_end': 36, 'char_start': 30, 'lemma': 'traho', 'pos': 'VERB', 'sentence_id': 'noscemus_797514_11056', 'token_id': 138519453, 'token_text': 'trahis'}
 {'char_end': 37, 'char_start': 36, 'lemma': ',', 'pos': 'PUNCT', 'sentence_id': 'noscemus_797514_11056', 'token_id': 138519454, 'token_text': ','}
 {'char_end': 39, 'char_start': 38, 'lemma': 'o', 'pos': 'PART', 'sentence_id': 'noscemus_797514_11056', 'token_id': 138519455, 'token_text': 'o'}
 {'char_end': 50, 'char_start': 40, 'lemma': 'uranophile', 'pos': 'PROPN', 'sentence_id': 'noscemus_797514_11056', 'token_id': 138519456, 'token_text': 'Uranophile'}
 {'char_end': 51, 'char_start': 50, 'lemma': ',', 'pos': 'PUNCT', 'sentence_id': 'noscemus_797514_11056', 'token_id': 138519457, 'token_text': ','}
 {'char_end': 58, 'char_start': 52, 'lemma': 'inquam', 'pos': 'VERB', 'sentence_id': 'noscemus_797514_11056', 'token_id': 138519458, 'token_text': 'inquit'}
 {'char_end': 63, 'char_start': 59, 'lemma': 'Musa', 'pos': 'PROPN', 'sentence_id': 'noscemus_797514_11056', 'token_id': 138519459, 'token_text': 'Musa'}
 {'char_end': 64, 'char_start': 63, 'lemma': '.', 'pos': 'PUNCT', 'sentence_id': 'noscemus_797514_11056', 'token_id': 138519460, 'token_text': '.'}]","[{'char_end': 36, 'char_start': 33, 'lemma': 'uel', 'pos': 'CCONJ', 'sentence_id': 'noscemus_797514_11054', 'token_id': 138519439, 'token_text': 'uel'}
 {'char_end': 44, 'char_start': 37, 'lemma': 'tempus', 'pos': 'NOUN', 'sentence_id': 'noscemus_797514_11054', 'token_id': 138519440, 'token_text': 'tempore'}
 {'char_end': 53, 'char_start': 45, 'lemma': 'notabilis', 'pos': 'ADJ', 'sentence_id': 'noscemus_797514_11054', 'token_id': 138519441, 'token_text': 'notabili'}
 {'char_end': 58, 'char_start': 54, 'lemma': 'ante', 'pos': 'ADV', 'sentence_id': 'noscemus_797514_11054', 'token_id': 138519442, 'token_text': 'ante'}
 {'char_end': 65, 'char_start': 59, 'lemma': 'mundus', 'pos': 'NOUN', 'sentence_id': 'noscemus_797514_11054', 'token_id': 138519443, 'token_text': 'Mundum'}
 {'char_end': 66, 'char_start': 65, 'lemma': '?', 'pos': 'PUNCT', 'sentence_id': 'noscemus_797514_11054', 'token_id': 138519444, 'token_text': '?'}
 {'char_end': 6, 'char_start': 0, 'lemma': 'uranium', 'pos': 'NOUN', 'sentence_id': 'noscemus_797514_11055', 'token_id': 138519445, 'token_text': 'Urania'}
 {'char_end': 7, 'char_start': 6, 'lemma': '.', 'pos': 'PUNCT', 'sentence_id': 'noscemus_797514_11055', 'token_id': 138519446, 'token_text': '.'}
 {'char_end': 2, 'char_start': 0, 'lemma': 'ex', 'pos': 'ADP', 'sentence_id': 'noscemus_797514_11056', 'token_id': 138519447, 'token_text': 'Ex'}
 {'char_end': 6, 'char_start': 3, 'lemma': 'unus', 'pos': 'NUM', 'sentence_id': 'noscemus_797514_11056', 'token_id': 138519448, 'token_text': 'uno'}
 {'char_end': 17, 'char_start': 7, 'lemma': 'labyrinthus', 'pos': 'NOUN', 'sentence_id': 'noscemus_797514_11056', 'token_id': 138519449, 'token_text': 'labyrintho'}
 {'char_end': 20, 'char_start': 18, 'lemma': 'in', 'pos': 'ADP', 'sentence_id': 'noscemus_797514_11056', 'token_id': 138519450, 'token_text': 'in'}
 {'char_end': 26, 'char_start': 21, 'lemma': 'alius', 'pos': 'DET', 'sentence_id': 'noscemus_797514_11056', 'token_id': 138519451, 'token_text': 'alium'}
 {'char_end': 29, 'char_start': 27, 'lemma': 'ego', 'pos': 'PRON', 'sentence_id': 'noscemus_797514_11056', 'token_id': 138519452, 'token_text': 'me'}
 {'char_end': 36, 'char_start': 30, 'lemma': 'traho', 'pos': 'VERB', 'sentence_id': 'noscemus_797514_11056', 'token_id': 138519453, 'token_text': 'trahis'}
 {'char_end': 37, 'char_start': 36, 'lemma': ',', 'pos': 'PUNCT', 'sentence_id': 'noscemus_797514_11056', 'token_id': 138519454, 'token_text': ','}
 {'char_end': 39, 'char_start': 38, 'lemma': 'o', 'pos': 'PART', 'sentence_id': 'noscemus_797514_11056', 'token_id': 138519455, 'token_text': 'o'}
 {'char_end': 50, 'char_start': 40, 'lemma': 'uranophile', 'pos': 'PROPN', 'sentence_id': 'noscemus_797514_11056', 'token_id': 138519456, 'token_text': 'Uranophile'}
 {'char_end': 51, 'char_start': 50, 'lemma': ',', 'pos': 'PUNCT', 'sentence_id': 'noscemus_797514_11056', 'token_id': 138519457, 'token_text': ','}
 {'char_end': 58, 'char_start': 52, 'lemma': 'inquam', 'pos': 'VERB', 'sentence_id': 'noscemus_797514_11056', 'token_id': 138519458, 'token_text': 'inquit'}
 {'char_end': 63, 'char_start': 59, 'lemma': 'Musa', 'pos': 'PROPN', 'sentence_id': 'noscemus_797514_11056', 'token_id': 138519459, 'token_text': 'Musa'}]",1685.0,1685.0,1685.0,,,Dialogue,"Physics, Astronomy/Astrology/Cosmography, Geography/Cartography, Other (see description)",138519449,7,17
145,"Masenius, Jacobus",Familiarium argutiarum fontes.,cc_13981,cc_13981_8473,Hoc igitur sophisma quendam inuoluit labyrinthum.,"Ne igitur falsus sis, teneor te in captiuitate retinere. | Hoc igitur sophisma quendam inuoluit labyrinthum. | Non omnino dissimile est, quod de Corace Syracusano retuli l. 2.",confusion_metaphorics,"[{'char_end': 3, 'char_start': 0, 'lemma': 'hic', 'pos': 'DET', 'sentence_id': 'cc_13981_8473', 'token_id': 185378373, 'token_text': 'Hoc'}
 {'char_end': 10, 'char_start': 4, 'lemma': 'igitur', 'pos': 'PART', 'sentence_id': 'cc_13981_8473', 'token_id': 185378374, 'token_text': 'igitur'}
 {'char_end': 19, 'char_start': 11, 'lemma': 'sophisma', 'pos': 'NOUN', 'sentence_id': 'cc_13981_8473', 'token_id': 185378375, 'token_text': 'sophisma'}
 {'char_end': 27, 'char_start': 20, 'lemma': 'quidam', 'pos': 'DET', 'sentence_id': 'cc_13981_8473', 'token_id': 185378376, 'token_text': 'quendam'}
 {'char_end': 36, 'char_start': 28, 'lemma': 'inuoluo', 'pos': 'VERB', 'sentence_id': 'cc_13981_8473', 'token_id': 185378377, 'token_text': 'inuoluit'}
 {'char_end': 48, 'char_start': 37, 'lemma': 'labyrinthus', 'pos': 'NOUN', 'sentence_id': 'cc_13981_8473', 'token_id': 185378378, 'token_text': 'labyrinthum'}
 {'char_end': 49, 'char_start': 48, 'lemma': '.', 'pos': 'PUNCT', 'sentence_id': 'cc_13981_8473', 'token_id': 185378379, 'token_text': '.'}]","[{'char_end': 31, 'char_start': 29, 'lemma': 'tu', 'pos': 'PRON', 'sentence_id': 'cc_13981_8472', 'token_id': 185378368, 'token_text': 'te'}
 {'char_end': 34, 'char_start': 32, 'lemma': 'in', 'pos': 'ADP', 'sentence_id': 'cc_13981_8472', 'token_id': 185378369, 'token_text': 'in'}
 {'char_end': 46, 'char_start': 35, 'lemma': 'captiuitas', 'pos': 'NOUN', 'sentence_id': 'cc_13981_8472', 'token_id': 185378370, 'token_text': 'captiuitate'}
 {'char_end': 55, 'char_start': 47, 'lemma': 'retineo', 'pos': 'VERB', 'sentence_id': 'cc_13981_8472', 'token_id': 185378371, 'token_text': 'retinere'}
 {'char_end': 56, 'char_start': 55, 'lemma': '.', 'pos': 'PUNCT', 'sentence_id': 'cc_13981_8472', 'token_id': 185378372, 'token_text': '.'}
 {'char_end': 3, 'char_start': 0, 'lemma': 'hic', 'pos': 'DET', 'sentence_id': 'cc_13981_8473', 'token_id': 185378373, 'token_text': 'Hoc'}
 {'char_end': 10, 'char_start': 4, 'lemma': 'igitur', 'pos': 'PART', 'sentence_id': 'cc_13981_8473', 'token_id': 185378374, 'token_text': 'igitur'}
 {'char_end': 19, 'char_start': 11, 'lemma': 'sophisma', 'pos': 'NOUN', 'sentence_id': 'cc_13981_8473', 'token_id': 185378375, 'token_text': 'sophisma'}
 {'char_end': 27, 'char_start': 20, 'lemma': 'quidam', 'pos': 'DET', 'sentence_id': 'cc_13981_8473', 'token_id': 185378376, 'token_text': 'quendam'}
 {'char_end': 36, 'char_start': 28, 'lemma': 'inuoluo', 'pos': 'VERB', 'sentence_id': 'cc_13981_8473', 'token_id': 185378377, 'token_text': 'inuoluit'}
 {'char_end': 48, 'char_start': 37, 'lemma': 'labyrinthus', 'pos': 'NOUN', 'sentence_id': 'cc_13981_8473', 'token_id': 185378378, 'token_text': 'labyrinthum'}
 {'char_end': 49, 'char_start': 48, 'lemma': '.', 'pos': 'PUNCT', 'sentence_id': 'cc_13981_8473', 'token_id': 185378379, 'token_text': '.'}
 {'char_end': 3, 'char_start': 0, 'lemma': 'non', 'pos': 'PART', 'sentence_id': 'cc_13981_8474', 'token_id': 185378380, 'token_text': 'Non'}
 {'char_end': 10, 'char_start': 4, 'lemma': 'omnino', 'pos': 'ADV', 'sentence_id': 'cc_13981_8474', 'token_id': 185378381, 'token_text': 'omnino'}
 {'char_end': 20, 'char_start': 11, 'lemma': 'dissimilis', 'pos': 'ADJ', 'sentence_id': 'cc_13981_8474', 'token_id': 185378382, 'token_text': 'dissimile'}
 {'char_end': 24, 'char_start': 21, 'lemma': 'sum', 'pos': 'AUX', 'sentence_id': 'cc_13981_8474', 'token_id': 185378383, 'token_text': 'est'}
 {'char_end': 25, 'char_start': 24, 'lemma': ',', 'pos': 'PUNCT', 'sentence_id': 'cc_13981_8474', 'token_id': 185378384, 'token_text': ','}
 {'char_end': 30, 'char_start': 26, 'lemma': 'qui', 'pos': 'PRON', 'sentence_id': 'cc_13981_8474', 'token_id': 185378385, 'token_text': 'quod'}
 {'char_end': 33, 'char_start': 31, 'lemma': 'de', 'pos': 'ADP', 'sentence_id': 'cc_13981_8474', 'token_id': 185378386, 'token_text': 'de'}
 {'char_end': 40, 'char_start': 34, 'lemma': 'corax', 'pos': 'PROPN', 'sentence_id': 'cc_13981_8474', 'token_id': 185378387, 'token_text': 'Corace'}
 {'char_end': 51, 'char_start': 41, 'lemma': 'Syracusanum', 'pos': 'PROPN', 'sentence_id': 'cc_13981_8474', 'token_id': 185378388, 'token_text': 'Syracusano'}]",1606.0,1681.0,1668.0,,,,,185378378,37,48
372,"Grataroli, Guglielmo","Alchemiae, quam vocant artisque metallicae doctrina certusque modus scriptis tum novis tum veteribus duobus his voluminibus comprehensus",noscemus_616642,noscemus_616642_6547,de Daedalo cum suo filio incluso in labyrintho ipsis aptasse alas ex pennis cum ce ra quibus euolarent ex labyrintho.,"Aeneid. | Aeneid. | de Daedalo cum suo filio incluso in labyrintho ipsis aptasse alas ex pennis cum ce ra quibus euolarent ex labyrintho. | de Daedalo cum suo filio incluso in labyrintho ipsis aptasse alas ex pennis cum ce ra quibus euolarent ex labyrintho. | Icarus uero nimis alte uolans in mare precipitatus est, liquefecerat enim Solis calor ceram, cum qua alae compactae, & sibi adaptatae erant. | Icarus uero nimis alte uolans in mare precipitatus est, liquefecerat enim Solis calor ceram, cum qua alae compactae, & sibi adaptatae erant.",mythological,"[{'char_end': 2, 'char_start': 0, 'lemma': 'de', 'pos': 'ADP', 'sentence_id': 'noscemus_616642_6547', 'token_id': 91068617, 'token_text': 'de'}
 {'char_end': 10, 'char_start': 3, 'lemma': 'daedalus', 'pos': 'PROPN', 'sentence_id': 'noscemus_616642_6547', 'token_id': 91068618, 'token_text': 'Daedalo'}
 {'char_end': 14, 'char_start': 11, 'lemma': 'cum', 'pos': 'NOUN', 'sentence_id': 'noscemus_616642_6547', 'token_id': 91068619, 'token_text': 'cum'}
 {'char_end': 18, 'char_start': 15, 'lemma': 'suus', 'pos': 'DET', 'sentence_id': 'noscemus_616642_6547', 'token_id': 91068620, 'token_text': 'suo'}
 {'char_end': 24, 'char_start': 19, 'lemma': 'filius', 'pos': 'NOUN', 'sentence_id': 'noscemus_616642_6547', 'token_id': 91068621, 'token_text': 'filio'}
 {'char_end': 32, 'char_start': 25, 'lemma': 'includo', 'pos': 'VERB', 'sentence_id': 'noscemus_616642_6547', 'token_id': 91068622, 'token_text': 'incluso'}
 {'char_end': 35, 'char_start': 33, 'lemma': 'in', 'pos': 'ADP', 'sentence_id': 'noscemus_616642_6547', 'token_id': 91068623, 'token_text': 'in'}
 {'char_end': 46, 'char_start': 36, 'lemma': 'labyrinthus', 'pos': 'NOUN', 'sentence_id': 'noscemus_616642_6547', 'token_id': 91068624, 'token_text': 'labyrintho'}
 {'char_end': 52, 'char_start': 47, 'lemma': 'ipse', 'pos': 'DET', 'sentence_id': 'noscemus_616642_6547', 'token_id': 91068625, 'token_text': 'ipsis'}
 {'char_end': 60, 'char_start': 53, 'lemma': 'apto', 'pos': 'VERB', 'sentence_id': 'noscemus_616642_6547', 'token_id': 91068626, 'token_text': 'aptasse'}
 {'char_end': 65, 'char_start': 61, 'lemma': 'ala', 'pos': 'NOUN', 'sentence_id': 'noscemus_616642_6547', 'token_id': 91068627, 'token_text': 'alas'}
 {'char_end': 68, 'char_start': 66, 'lemma': 'ex', 'pos': 'ADP', 'sentence_id': 'noscemus_616642_6547', 'token_id': 91068628, 'token_text': 'ex'}
 {'char_end': 75, 'char_start': 69, 'lemma': 'penna', 'pos': 'NOUN', 'sentence_id': 'noscemus_616642_6547', 'token_id': 91068629, 'token_text': 'pennis'}
 {'char_end': 79, 'char_start': 76, 'lemma': 'cum', 'pos': 'ADP', 'sentence_id': 'noscemus_616642_6547', 'token_id': 91068630, 'token_text': 'cum'}
 {'char_end': 82, 'char_start': 80, 'lemma': 'cem', 'pos': 'CCONJ', 'sentence_id': 'noscemus_616642_6547', 'token_id': 91068631, 'token_text': 'ce'}
 {'char_end': 85, 'char_start': 83, 'lemma': 'ra', 'pos': 'NUM', 'sentence_id': 'noscemus_616642_6547', 'token_id': 91068632, 'token_text': 'ra'}
 {'char_end': 92, 'char_start': 86, 'lemma': 'qui', 'pos': 'PRON', 'sentence_id': 'noscemus_616642_6547', 'token_id': 91068633, 'token_text': 'quibus'}
 {'char_end': 102, 'char_start': 93, 'lemma': 'euolo', 'pos': 'VERB', 'sentence_id': 'noscemus_616642_6547', 'token_id': 91068634, 'token_text': 'euolarent'}
 {'char_end': 105, 'char_start': 103, 'lemma': 'ex', 'pos': 'ADP', 'sentence_id': 'noscemus_616642_6547', 'token_id': 91068635, 'token_text': 'ex'}
 {'char_end': 116, 'char_start': 106, 'lemma': 'labyrinthus', 'pos': 'NOUN', 'sentence_id': 'noscemus_616642_6547', 'token_id': 91068636, 'token_text': 'labyrintho'}
 {'char_end': 117, 'char_start': 116, 'lemma': '.', 'pos': 'PUNCT', 'sentence_id': 'noscemus_616642_6547', 'token_id': 91068637, 'token_text': '.'}]","[{'char_end': 7, 'char_start': 6, 'lemma': '.', 'pos': 'PUNCT', 'sentence_id': 'noscemus_616642_6545', 'token_id': 91068614, 'token_text': '.'}
 {'char_end': 6, 'char_start': 0, 'lemma': 'aeneid', 'pos': 'NOUN', 'sentence_id': 'noscemus_616642_6546', 'token_id': 91068615, 'token_text': 'Aeneid'}
 {'char_end': 7, 'char_start': 6, 'lemma': '.', 'pos': 'PUNCT', 'sentence_id': 'noscemus_616642_6546', 'token_id': 91068616, 'token_text': '.'}
 {'char_end': 2, 'char_start': 0, 'lemma': 'de', 'pos': 'ADP', 'sentence_id': 'noscemus_616642_6547', 'token_id': 91068617, 'token_text': 'de'}
 {'char_end': 10, 'char_start': 3, 'lemma': 'daedalus', 'pos': 'PROPN', 'sentence_id': 'noscemus_616642_6547', 'token_id': 91068618, 'token_text': 'Daedalo'}
 {'char_end': 14, 'char_start': 11, 'lemma': 'cum', 'pos': 'NOUN', 'sentence_id': 'noscemus_616642_6547', 'token_id': 91068619, 'token_text': 'cum'}
 {'char_end': 18, 'char_start': 15, 'lemma': 'suus', 'pos': 'DET', 'sentence_id': 'noscemus_616642_6547', 'token_id': 91068620, 'token_text': 'suo'}
 {'char_end': 24, 'char_start': 19, 'lemma': 'filius', 'pos': 'NOUN', 'sentence_id': 'noscemus_616642_6547', 'token_id': 91068621, 'token_text': 'filio'}
 {'char_end': 32, 'char_start': 25, 'lemma': 'includo', 'pos': 'VERB', 'sentence_id': 'noscemus_616642_6547', 'token_id': 91068622, 'token_text': 'incluso'}
 {'char_end': 35, 'char_start': 33, 'lemma': 'in', 'pos': 'ADP', 'sentence_id': 'noscemus_616642_6547', 'token_id': 91068623, 'token_text': 'in'}
 {'char_end': 46, 'char_start': 36, 'lemma': 'labyrinthus', 'pos': 'NOUN', 'sentence_id': 'noscemus_616642_6547', 'token_id': 91068624, 'token_text': 'labyrintho'}
 {'char_end': 52, 'char_start': 47, 'lemma': 'ipse', 'pos': 'DET', 'sentence_id': 'noscemus_616642_6547', 'token_id': 91068625, 'token_text': 'ipsis'}
 {'char_end': 60, 'char_start': 53, 'lemma': 'apto', 'pos': 'VERB', 'sentence_id': 'noscemus_616642_6547', 'token_id': 91068626, 'token_text': 'aptasse'}
 {'char_end': 65, 'char_start': 61, 'lemma': 'ala', 'pos': 'NOUN', 'sentence_id': 'noscemus_616642_6547', 'token_id': 91068627, 'token_text': 'alas'}
 {'char_end': 68, 'char_start': 66, 'lemma': 'ex', 'pos': 'ADP', 'sentence_id': 'noscemus_616642_6547', 'token_id': 91068628, 'token_text': 'ex'}
 {'char_end': 75, 'char_start': 69, 'lemma': 'penna', 'pos': 'NOUN', 'sentence_id': 'noscemus_616642_6547', 'token_id': 91068629, 'token_text': 'pennis'}
 {'char_end': 79, 'char_start': 76, 'lemma': 'cum', 'pos': 'ADP', 'sentence_id': 'noscemus_616642_6547', 'token_id': 91068630, 'token_text': 'cum'}
 {'char_end': 82, 'char_start': 80, 'lemma': 'cem', 'pos': 'CCONJ', 'sentence_id': 'noscemus_616642_6547', 'token_id': 91068631, 'token_text': 'ce'}
 {'char_end': 85, 'char_start': 83, 'lemma': 'ra', 'pos': 'NUM', 'sentence_id': 'noscemus_616642_6547', 'token_id': 91068632, 'token_text': 'ra'}
 {'char_end': 92, 'char_start': 86, 'lemma': 'qui', 'pos': 'PRON', 'sentence_id': 'noscemus_616642_6547', 'token_id': 91068633, 'token_text': 'quibus'}
 {'char_end': 102, 'char_start': 93, 'lemma': 'euolo', 'pos': 'VERB', 'sentence_id': 'noscemus_616642_6547', 'token_id': 91068634, 'token_text': 'euolarent'}]",1572.0,1572.0,1572.0,,,"Other (see description), Encyclopedic work",Alchemy/Chemistry,91068624,36,46
55,Rostangnus Cluniacensis ,Tractatus,cc_11744,cc_11744_78,"Tandem a labyrintho eorum liberati, inciderunt in Carybdim imperatoris Constantinopolitani:","qui transitum eis neque naulo neque aliquo pretio ex longo tempore concedere uoluerunt. | Tandem a labyrintho eorum liberati, inciderunt in Carybdim imperatoris Constantinopolitani: | qui dolens de aduentu eorum, tristitiam cordis ficta laetitia celauit, diu in auxilium sibi falsis persuasionibus detinuit, et peracto negotio suo, non ut imperator, sed ut perfidus, stipendia, quae eis promiserat mentitus est.",confusion_metaphorics,"[{'char_end': 6, 'char_start': 0, 'lemma': 'tandem', 'pos': 'ADV', 'sentence_id': 'cc_11744_78', 'token_id': 180564706, 'token_text': 'Tandem'}
 {'char_end': 8, 'char_start': 7, 'lemma': 'ab', 'pos': 'ADP', 'sentence_id': 'cc_11744_78', 'token_id': 180564707, 'token_text': 'a'}
 {'char_end': 19, 'char_start': 9, 'lemma': 'labyrinthus', 'pos': 'NOUN', 'sentence_id': 'cc_11744_78', 'token_id': 180564708, 'token_text': 'labyrintho'}
 {'char_end': 25, 'char_start': 20, 'lemma': 'is', 'pos': 'PRON', 'sentence_id': 'cc_11744_78', 'token_id': 180564709, 'token_text': 'eorum'}
 {'char_end': 34, 'char_start': 26, 'lemma': 'libero', 'pos': 'VERB', 'sentence_id': 'cc_11744_78', 'token_id': 180564710, 'token_text': 'liberati'}
 {'char_end': 35, 'char_start': 34, 'lemma': ',', 'pos': 'PUNCT', 'sentence_id': 'cc_11744_78', 'token_id': 180564711, 'token_text': ','}
 {'char_end': 46, 'char_start': 36, 'lemma': 'incido', 'pos': 'VERB', 'sentence_id': 'cc_11744_78', 'token_id': 180564712, 'token_text': 'inciderunt'}
 {'char_end': 49, 'char_start': 47, 'lemma': 'in', 'pos': 'ADP', 'sentence_id': 'cc_11744_78', 'token_id': 180564713, 'token_text': 'in'}
 {'char_end': 58, 'char_start': 50, 'lemma': 'Carybdim', 'pos': 'PROPN', 'sentence_id': 'cc_11744_78', 'token_id': 180564714, 'token_text': 'Carybdim'}
 {'char_end': 70, 'char_start': 59, 'lemma': 'imperator', 'pos': 'NOUN', 'sentence_id': 'cc_11744_78', 'token_id': 180564715, 'token_text': 'imperatoris'}
 {'char_end': 90, 'char_start': 71, 'lemma': 'Constantinopolitanus', 'pos': 'PROPN', 'sentence_id': 'cc_11744_78', 'token_id': 180564716, 'token_text': 'Constantinopolitani'}
 {'char_end': 91, 'char_start': 90, 'lemma': ':', 'pos': 'PUNCT', 'sentence_id': 'cc_11744_78', 'token_id': 180564717, 'token_text': ':'}]","[{'char_end': 42, 'char_start': 36, 'lemma': 'aliquis', 'pos': 'PRON', 'sentence_id': 'cc_11744_77', 'token_id': 180564698, 'token_text': 'aliquo'}
 {'char_end': 49, 'char_start': 43, 'lemma': 'pretium', 'pos': 'NOUN', 'sentence_id': 'cc_11744_77', 'token_id': 180564699, 'token_text': 'pretio'}
 {'char_end': 52, 'char_start': 50, 'lemma': 'ex', 'pos': 'ADP', 'sentence_id': 'cc_11744_77', 'token_id': 180564700, 'token_text': 'ex'}
 {'char_end': 58, 'char_start': 53, 'lemma': 'longus', 'pos': 'ADJ', 'sentence_id': 'cc_11744_77', 'token_id': 180564701, 'token_text': 'longo'}
 {'char_end': 66, 'char_start': 59, 'lemma': 'tempus', 'pos': 'NOUN', 'sentence_id': 'cc_11744_77', 'token_id': 180564702, 'token_text': 'tempore'}
 {'char_end': 76, 'char_start': 67, 'lemma': 'concedo', 'pos': 'VERB', 'sentence_id': 'cc_11744_77', 'token_id': 180564703, 'token_text': 'concedere'}
 {'char_end': 86, 'char_start': 77, 'lemma': 'uolo', 'pos': 'VERB', 'sentence_id': 'cc_11744_77', 'token_id': 180564704, 'token_text': 'uoluerunt'}
 {'char_end': 87, 'char_start': 86, 'lemma': '.', 'pos': 'PUNCT', 'sentence_id': 'cc_11744_77', 'token_id': 180564705, 'token_text': '.'}
 {'char_end': 6, 'char_start': 0, 'lemma': 'tandem', 'pos': 'ADV', 'sentence_id': 'cc_11744_78', 'token_id': 180564706, 'token_text': 'Tandem'}
 {'char_end': 8, 'char_start': 7, 'lemma': 'ab', 'pos': 'ADP', 'sentence_id': 'cc_11744_78', 'token_id': 180564707, 'token_text': 'a'}
 {'char_end': 19, 'char_start': 9, 'lemma': 'labyrinthus', 'pos': 'NOUN', 'sentence_id': 'cc_11744_78', 'token_id': 180564708, 'token_text': 'labyrintho'}
 {'char_end': 25, 'char_start': 20, 'lemma': 'is', 'pos': 'PRON', 'sentence_id': 'cc_11744_78', 'token_id': 180564709, 'token_text': 'eorum'}
 {'char_end': 34, 'char_start': 26, 'lemma': 'libero', 'pos': 'VERB', 'sentence_id': 'cc_11744_78', 'token_id': 180564710, 'token_text': 'liberati'}
 {'char_end': 35, 'char_start': 34, 'lemma': ',', 'pos': 'PUNCT', 'sentence_id': 'cc_11744_78', 'token_id': 180564711, 'token_text': ','}
 {'char_end': 46, 'char_start': 36, 'lemma': 'incido', 'pos': 'VERB', 'sentence_id': 'cc_11744_78', 'token_id': 180564712, 'token_text': 'inciderunt'}
 {'char_end': 49, 'char_start': 47, 'lemma': 'in', 'pos': 'ADP', 'sentence_id': 'cc_11744_78', 'token_id': 180564713, 'token_text': 'in'}
 {'char_end': 58, 'char_start': 50, 'lemma': 'Carybdim', 'pos': 'PROPN', 'sentence_id': 'cc_11744_78', 'token_id': 180564714, 'token_text': 'Carybdim'}
 {'char_end': 70, 'char_start': 59, 'lemma': 'imperator', 'pos': 'NOUN', 'sentence_id': 'cc_11744_78', 'token_id': 180564715, 'token_text': 'imperatoris'}
 {'char_end': 90, 'char_start': 71, 'lemma': 'Constantinopolitanus', 'pos': 'PROPN', 'sentence_id': 'cc_11744_78', 'token_id': 180564716, 'token_text': 'Constantinopolitani'}
 {'char_end': 91, 'char_start': 90, 'lemma': ':', 'pos': 'PUNCT', 'sentence_id': 'cc_11744_78', 'token_id': 180564717, 'token_text': ':'}
 {'char_end': 3, 'char_start': 0, 'lemma': 'qui', 'pos': 'PRON', 'sentence_id': 'cc_11744_79', 'token_id': 180564718, 'token_text': 'qui'}]",,,,,,,,180564708,9,19
912,"Meetkercke, Adolf van","Ῥαψωδία ἑκατόστιχος, frontispicii explicatio",noscemus_928890,noscemus_928890_4804,"Labyrintho, Sophiano.","Dicta, mons Cretae; | Labyrintho, Sophiano. | Sethie & Lasthi, Bellonio.",ambiguous_indeterminate,"[{'char_end': 10, 'char_start': 0, 'lemma': 'labyrinthus', 'pos': 'PROPN', 'sentence_id': 'noscemus_928890_4804', 'token_id': 76978474, 'token_text': 'Labyrintho'}
 {'char_end': 11, 'char_start': 10, 'lemma': ',', 'pos': 'PUNCT', 'sentence_id': 'noscemus_928890_4804', 'token_id': 76978475, 'token_text': ','}
 {'char_end': 20, 'char_start': 12, 'lemma': 'Sophianus', 'pos': 'PROPN', 'sentence_id': 'noscemus_928890_4804', 'token_id': 76978476, 'token_text': 'Sophiano'}
 {'char_end': 21, 'char_start': 20, 'lemma': '.', 'pos': 'PUNCT', 'sentence_id': 'noscemus_928890_4804', 'token_id': 76978477, 'token_text': '.'}]","[{'char_end': 5, 'char_start': 0, 'lemma': 'Dianus', 'pos': 'VERB', 'sentence_id': 'noscemus_928890_4802', 'token_id': 76978464, 'token_text': 'Diano'}
 {'char_end': 6, 'char_start': 5, 'lemma': ',', 'pos': 'PUNCT', 'sentence_id': 'noscemus_928890_4802', 'token_id': 76978465, 'token_text': ','}
 {'char_end': 9, 'char_start': 7, 'lemma': 'L.', 'pos': 'PUNCT', 'sentence_id': 'noscemus_928890_4802', 'token_id': 76978466, 'token_text': 'L.'}
 {'char_end': 17, 'char_start': 10, 'lemma': 'Albertus', 'pos': 'PROPN', 'sentence_id': 'noscemus_928890_4802', 'token_id': 76978467, 'token_text': 'Alberto'}
 {'char_end': 18, 'char_start': 17, 'lemma': '.', 'pos': 'PUNCT', 'sentence_id': 'noscemus_928890_4802', 'token_id': 76978468, 'token_text': '.'}
 {'char_end': 5, 'char_start': 0, 'lemma': 'dico', 'pos': 'VERB', 'sentence_id': 'noscemus_928890_4803', 'token_id': 76978469, 'token_text': 'Dicta'}
 {'char_end': 6, 'char_start': 5, 'lemma': ',', 'pos': 'PUNCT', 'sentence_id': 'noscemus_928890_4803', 'token_id': 76978470, 'token_text': ','}
 {'char_end': 11, 'char_start': 7, 'lemma': 'mons', 'pos': 'NOUN', 'sentence_id': 'noscemus_928890_4803', 'token_id': 76978471, 'token_text': 'mons'}
 {'char_end': 18, 'char_start': 12, 'lemma': 'Creta', 'pos': 'PROPN', 'sentence_id': 'noscemus_928890_4803', 'token_id': 76978472, 'token_text': 'Cretae'}
 {'char_end': 19, 'char_start': 18, 'lemma': ';', 'pos': 'PUNCT', 'sentence_id': 'noscemus_928890_4803', 'token_id': 76978473, 'token_text': ';'}
 {'char_end': 10, 'char_start': 0, 'lemma': 'labyrinthus', 'pos': 'PROPN', 'sentence_id': 'noscemus_928890_4804', 'token_id': 76978474, 'token_text': 'Labyrintho'}
 {'char_end': 11, 'char_start': 10, 'lemma': ',', 'pos': 'PUNCT', 'sentence_id': 'noscemus_928890_4804', 'token_id': 76978475, 'token_text': ','}
 {'char_end': 20, 'char_start': 12, 'lemma': 'Sophianus', 'pos': 'PROPN', 'sentence_id': 'noscemus_928890_4804', 'token_id': 76978476, 'token_text': 'Sophiano'}
 {'char_end': 21, 'char_start': 20, 'lemma': '.', 'pos': 'PUNCT', 'sentence_id': 'noscemus_928890_4804', 'token_id': 76978477, 'token_text': '.'}
 {'char_end': 6, 'char_start': 0, 'lemma': 'Sethias', 'pos': 'PROPN', 'sentence_id': 'noscemus_928890_4805', 'token_id': 76978478, 'token_text': 'Sethie'}
 {'char_end': 8, 'char_start': 7, 'lemma': '&', 'pos': 'PUNCT', 'sentence_id': 'noscemus_928890_4805', 'token_id': 76978479, 'token_text': '&'}
 {'char_end': 15, 'char_start': 9, 'lemma': 'Lasthus', 'pos': 'PROPN', 'sentence_id': 'noscemus_928890_4805', 'token_id': 76978480, 'token_text': 'Lasthi'}
 {'char_end': 16, 'char_start': 15, 'lemma': ',', 'pos': 'PUNCT', 'sentence_id': 'noscemus_928890_4805', 'token_id': 76978481, 'token_text': ','}
 {'char_end': 25, 'char_start': 17, 'lemma': 'Bellonium', 'pos': 'PROPN', 'sentence_id': 'noscemus_928890_4805', 'token_id': 76978482, 'token_text': 'Bellonio'}
 {'char_end': 26, 'char_start': 25, 'lemma': '.', 'pos': 'PUNCT', 'sentence_id': 'noscemus_928890_4805', 'token_id': 76978483, 'token_text': '.'}
 {'char_end': 6, 'char_start': 0, 'lemma': '', 'pos': 'VERB', 'sentence_id': 'noscemus_928890_4806', 'token_id': 76978484, 'token_text': 'Didima'}]",,,,,,"Didactic poem, Panegyric poem, Other (see description)",Geography/Cartography,76978474,0,10
97,Francis Bacon,"Novum Organon1620
",cc_12198,cc_12198_1239,"relicta prorsus et deserta experientia, aut in ipsa (tanquam in labyrintho) se intricando, et circumcursando;","Itaque desinant homines mirari si spatium scientiarum non confectum sit, cum a uia omnino aberrauerint; | relicta prorsus et deserta experientia, aut in ipsa (tanquam in labyrintho) se intricando, et circumcursando; | cum rite institutus ordo per experientiae syluas ad aperta axiomatum tramite constanti ducat.",scientific_complexity_metaphorics,"[{'char_end': 7, 'char_start': 0, 'lemma': 'relinquo', 'pos': 'VERB', 'sentence_id': 'cc_12198_1239', 'token_id': 239484565, 'token_text': 'relicta'}
 {'char_end': 15, 'char_start': 8, 'lemma': 'prorsus', 'pos': 'ADV', 'sentence_id': 'cc_12198_1239', 'token_id': 239484566, 'token_text': 'prorsus'}
 {'char_end': 18, 'char_start': 16, 'lemma': 'et', 'pos': 'CCONJ', 'sentence_id': 'cc_12198_1239', 'token_id': 239484567, 'token_text': 'et'}
 {'char_end': 26, 'char_start': 19, 'lemma': 'desero', 'pos': 'VERB', 'sentence_id': 'cc_12198_1239', 'token_id': 239484568, 'token_text': 'deserta'}
 {'char_end': 38, 'char_start': 27, 'lemma': 'experientia', 'pos': 'NOUN', 'sentence_id': 'cc_12198_1239', 'token_id': 239484569, 'token_text': 'experientia'}
 {'char_end': 39, 'char_start': 38, 'lemma': ',', 'pos': 'PUNCT', 'sentence_id': 'cc_12198_1239', 'token_id': 239484570, 'token_text': ','}
 {'char_end': 43, 'char_start': 40, 'lemma': 'aut', 'pos': 'CCONJ', 'sentence_id': 'cc_12198_1239', 'token_id': 239484571, 'token_text': 'aut'}
 {'char_end': 46, 'char_start': 44, 'lemma': 'in', 'pos': 'ADP', 'sentence_id': 'cc_12198_1239', 'token_id': 239484572, 'token_text': 'in'}
 {'char_end': 51, 'char_start': 47, 'lemma': 'ipse', 'pos': 'DET', 'sentence_id': 'cc_12198_1239', 'token_id': 239484573, 'token_text': 'ipsa'}
 {'char_end': 53, 'char_start': 52, 'lemma': '(', 'pos': 'PUNCT', 'sentence_id': 'cc_12198_1239', 'token_id': 239484574, 'token_text': '('}
 {'char_end': 60, 'char_start': 53, 'lemma': 'tamquam', 'pos': 'SCONJ', 'sentence_id': 'cc_12198_1239', 'token_id': 239484575, 'token_text': 'tanquam'}
 {'char_end': 63, 'char_start': 61, 'lemma': 'in', 'pos': 'ADP', 'sentence_id': 'cc_12198_1239', 'token_id': 239484576, 'token_text': 'in'}
 {'char_end': 74, 'char_start': 64, 'lemma': 'labyrinthus', 'pos': 'NOUN', 'sentence_id': 'cc_12198_1239', 'token_id': 239484577, 'token_text': 'labyrintho'}
 {'char_end': 75, 'char_start': 74, 'lemma': ')', 'pos': 'PUNCT', 'sentence_id': 'cc_12198_1239', 'token_id': 239484578, 'token_text': ')'}
 {'char_end': 78, 'char_start': 76, 'lemma': 'sui', 'pos': 'PRON', 'sentence_id': 'cc_12198_1239', 'token_id': 239484579, 'token_text': 'se'}
 {'char_end': 89, 'char_start': 79, 'lemma': 'intrico', 'pos': 'VERB', 'sentence_id': 'cc_12198_1239', 'token_id': 239484580, 'token_text': 'intricando'}
 {'char_end': 90, 'char_start': 89, 'lemma': ',', 'pos': 'PUNCT', 'sentence_id': 'cc_12198_1239', 'token_id': 239484581, 'token_text': ','}
 {'char_end': 93, 'char_start': 91, 'lemma': 'et', 'pos': 'CCONJ', 'sentence_id': 'cc_12198_1239', 'token_id': 239484582, 'token_text': 'et'}
 {'char_end': 108, 'char_start': 94, 'lemma': 'circumcurso', 'pos': 'VERB', 'sentence_id': 'cc_12198_1239', 'token_id': 239484583, 'token_text': 'circumcursando'}
 {'char_end': 109, 'char_start': 108, 'lemma': ';', 'pos': 'PUNCT', 'sentence_id': 'cc_12198_1239', 'token_id': 239484584, 'token_text': ';'}]","[{'char_end': 18, 'char_start': 16, 'lemma': 'et', 'pos': 'CCONJ', 'sentence_id': 'cc_12198_1239', 'token_id': 239484567, 'token_text': 'et'}
 {'char_end': 26, 'char_start': 19, 'lemma': 'desero', 'pos': 'VERB', 'sentence_id': 'cc_12198_1239', 'token_id': 239484568, 'token_text': 'deserta'}
 {'char_end': 38, 'char_start': 27, 'lemma': 'experientia', 'pos': 'NOUN', 'sentence_id': 'cc_12198_1239', 'token_id': 239484569, 'token_text': 'experientia'}
 {'char_end': 39, 'char_start': 38, 'lemma': ',', 'pos': 'PUNCT', 'sentence_id': 'cc_12198_1239', 'token_id': 239484570, 'token_text': ','}
 {'char_end': 43, 'char_start': 40, 'lemma': 'aut', 'pos': 'CCONJ', 'sentence_id': 'cc_12198_1239', 'token_id': 239484571, 'token_text': 'aut'}
 {'char_end': 46, 'char_start': 44, 'lemma': 'in', 'pos': 'ADP', 'sentence_id': 'cc_12198_1239', 'token_id': 239484572, 'token_text': 'in'}
 {'char_end': 51, 'char_start': 47, 'lemma': 'ipse', 'pos': 'DET', 'sentence_id': 'cc_12198_1239', 'token_id': 239484573, 'token_text': 'ipsa'}
 {'char_end': 53, 'char_start': 52, 'lemma': '(', 'pos': 'PUNCT', 'sentence_id': 'cc_12198_1239', 'token_id': 239484574, 'token_text': '('}
 {'char_end': 60, 'char_start': 53, 'lemma': 'tamquam', 'pos': 'SCONJ', 'sentence_id': 'cc_12198_1239', 'token_id': 239484575, 'token_text': 'tanquam'}
 {'char_end': 63, 'char_start': 61, 'lemma': 'in', 'pos': 'ADP', 'sentence_id': 'cc_12198_1239', 'token_id': 239484576, 'token_text': 'in'}
 {'char_end': 74, 'char_start': 64, 'lemma': 'labyrinthus', 'pos': 'NOUN', 'sentence_id': 'cc_12198_1239', 'token_id': 239484577, 'token_text': 'labyrintho'}
 {'char_end': 75, 'char_start': 74, 'lemma': ')', 'pos': 'PUNCT', 'sentence_id': 'cc_12198_1239', 'token_id': 239484578, 'token_text': ')'}
 {'char_end': 78, 'char_start': 76, 'lemma': 'sui', 'pos': 'PRON', 'sentence_id': 'cc_12198_1239', 'token_id': 239484579, 'token_text': 'se'}
 {'char_end': 89, 'char_start': 79, 'lemma': 'intrico', 'pos': 'VERB', 'sentence_id': 'cc_12198_1239', 'token_id': 239484580, 'token_text': 'intricando'}
 {'char_end': 90, 'char_start': 89, 'lemma': ',', 'pos': 'PUNCT', 'sentence_id': 'cc_12198_1239', 'token_id': 239484581, 'token_text': ','}
 {'char_end': 93, 'char_start': 91, 'lemma': 'et', 'pos': 'CCONJ', 'sentence_id': 'cc_12198_1239', 'token_id': 239484582, 'token_text': 'et'}
 {'char_end': 108, 'char_start': 94, 'lemma': 'circumcurso', 'pos': 'VERB', 'sentence_id': 'cc_12198_1239', 'token_id': 239484583, 'token_text': 'circumcursando'}
 {'char_end': 109, 'char_start': 108, 'lemma': ';', 'pos': 'PUNCT', 'sentence_id': 'cc_12198_1239', 'token_id': 239484584, 'token_text': ';'}
 {'char_end': 3, 'char_start': 0, 'lemma': 'cum', 'pos': 'SCONJ', 'sentence_id': 'cc_12198_1240', 'token_id': 239484585, 'token_text': 'cum'}
 {'char_end': 8, 'char_start': 4, 'lemma': 'rite', 'pos': 'ADV', 'sentence_id': 'cc_12198_1240', 'token_id': 239484586, 'token_text': 'rite'}
 {'char_end': 19, 'char_start': 9, 'lemma': 'instituo', 'pos': 'VERB', 'sentence_id': 'cc_12198_1240', 'token_id': 239484587, 'token_text': 'institutus'}]",1561.0,1626.0,1589.0,,,,,239484577,64,74
14,Wernerus S. Blasii-1174 ,Libri deflorationum,cc_10602,cc_10602_10892,"Doctores errorum, scilicet haeretici, prauis persuasionibus ita per argumenta fraudulentiae suos illigant auditores, ut eos quasi labyrintho implicent, a quo exire non ualeant.","neque semetipsos earum sensibus subdunt, sed eas peruerse ad errorem proprium trahunt. | Doctores errorum, scilicet haeretici, prauis persuasionibus ita per argumenta fraudulentiae suos illigant auditores, ut eos quasi labyrintho implicent, a quo exire non ualeant. | Tanta est haereticorum calliditas, ut falsa ueris malaque bonis permisceant, salutaribusque rebus plerumque errorum uirus interserant, quo facilius possint prauitatem peruersi dogmatis sub specie persuadere ueritatis.",confusion_metaphorics,"[{'char_end': 8, 'char_start': 0, 'lemma': '', 'pos': 'NOUN', 'sentence_id': 'cc_10602_10892', 'token_id': 335211633, 'token_text': 'Doctores'}
 {'char_end': 16, 'char_start': 9, 'lemma': 'error', 'pos': 'NOUN', 'sentence_id': 'cc_10602_10892', 'token_id': 335211634, 'token_text': 'errorum'}
 {'char_end': 17, 'char_start': 16, 'lemma': ',', 'pos': 'PUNCT', 'sentence_id': 'cc_10602_10892', 'token_id': 335211635, 'token_text': ','}
 {'char_end': 26, 'char_start': 18, 'lemma': 'scilicet', 'pos': 'CCONJ', 'sentence_id': 'cc_10602_10892', 'token_id': 335211636, 'token_text': 'scilicet'}
 {'char_end': 36, 'char_start': 27, 'lemma': 'haereticus', 'pos': 'NOUN', 'sentence_id': 'cc_10602_10892', 'token_id': 335211637, 'token_text': 'haeretici'}
 {'char_end': 37, 'char_start': 36, 'lemma': ',', 'pos': 'PUNCT', 'sentence_id': 'cc_10602_10892', 'token_id': 335211638, 'token_text': ','}
 {'char_end': 44, 'char_start': 38, 'lemma': 'prauus', 'pos': 'ADJ', 'sentence_id': 'cc_10602_10892', 'token_id': 335211639, 'token_text': 'prauis'}
 {'char_end': 59, 'char_start': 45, 'lemma': 'persuasio', 'pos': 'NOUN', 'sentence_id': 'cc_10602_10892', 'token_id': 335211640, 'token_text': 'persuasionibus'}
 {'char_end': 63, 'char_start': 60, 'lemma': 'ita', 'pos': 'ADV', 'sentence_id': 'cc_10602_10892', 'token_id': 335211641, 'token_text': 'ita'}
 {'char_end': 67, 'char_start': 64, 'lemma': 'per', 'pos': 'ADP', 'sentence_id': 'cc_10602_10892', 'token_id': 335211642, 'token_text': 'per'}
 {'char_end': 77, 'char_start': 68, 'lemma': 'argumentum', 'pos': 'NOUN', 'sentence_id': 'cc_10602_10892', 'token_id': 335211643, 'token_text': 'argumenta'}
 {'char_end': 91, 'char_start': 78, 'lemma': 'fraudulentia', 'pos': 'NOUN', 'sentence_id': 'cc_10602_10892', 'token_id': 335211644, 'token_text': 'fraudulentiae'}
 {'char_end': 96, 'char_start': 92, 'lemma': 'suus', 'pos': 'DET', 'sentence_id': 'cc_10602_10892', 'token_id': 335211645, 'token_text': 'suos'}
 {'char_end': 105, 'char_start': 97, 'lemma': 'illigo', 'pos': 'VERB', 'sentence_id': 'cc_10602_10892', 'token_id': 335211646, 'token_text': 'illigant'}
 {'char_end': 115, 'char_start': 106, 'lemma': 'auditor', 'pos': 'NOUN', 'sentence_id': 'cc_10602_10892', 'token_id': 335211647, 'token_text': 'auditores'}
 {'char_end': 116, 'char_start': 115, 'lemma': ',', 'pos': 'PUNCT', 'sentence_id': 'cc_10602_10892', 'token_id': 335211648, 'token_text': ','}
 {'char_end': 119, 'char_start': 117, 'lemma': 'ut', 'pos': 'SCONJ', 'sentence_id': 'cc_10602_10892', 'token_id': 335211649, 'token_text': 'ut'}
 {'char_end': 123, 'char_start': 120, 'lemma': 'is', 'pos': 'PRON', 'sentence_id': 'cc_10602_10892', 'token_id': 335211650, 'token_text': 'eos'}
 {'char_end': 129, 'char_start': 124, 'lemma': 'quasi', 'pos': 'ADV', 'sentence_id': 'cc_10602_10892', 'token_id': 335211651, 'token_text': 'quasi'}
 {'char_end': 140, 'char_start': 130, 'lemma': 'labyrinthus', 'pos': 'NOUN', 'sentence_id': 'cc_10602_10892', 'token_id': 335211652, 'token_text': 'labyrintho'}
 {'char_end': 150, 'char_start': 141, 'lemma': 'implico', 'pos': 'VERB', 'sentence_id': 'cc_10602_10892', 'token_id': 335211653, 'token_text': 'implicent'}
 {'char_end': 151, 'char_start': 150, 'lemma': ',', 'pos': 'PUNCT', 'sentence_id': 'cc_10602_10892', 'token_id': 335211654, 'token_text': ','}
 {'char_end': 153, 'char_start': 152, 'lemma': 'ab', 'pos': 'ADP', 'sentence_id': 'cc_10602_10892', 'token_id': 335211655, 'token_text': 'a'}
 {'char_end': 157, 'char_start': 154, 'lemma': 'qui', 'pos': 'PRON', 'sentence_id': 'cc_10602_10892', 'token_id': 335211656, 'token_text': 'quo'}
 {'char_end': 163, 'char_start': 158, 'lemma': 'exeo', 'pos': 'VERB', 'sentence_id': 'cc_10602_10892', 'token_id': 335211657, 'token_text': 'exire'}
 {'char_end': 167, 'char_start': 164, 'lemma': 'non', 'pos': 'PART', 'sentence_id': 'cc_10602_10892', 'token_id': 335211658, 'token_text': 'non'}
 {'char_end': 175, 'char_start': 168, 'lemma': 'ualeo', 'pos': 'VERB', 'sentence_id': 'cc_10602_10892', 'token_id': 335211659, 'token_text': 'ualeant'}
 {'char_end': 176, 'char_start': 175, 'lemma': '.', 'pos': 'PUNCT', 'sentence_id': 'cc_10602_10892', 'token_id': 335211660, 'token_text': '.'}]","[{'char_end': 67, 'char_start': 64, 'lemma': 'per', 'pos': 'ADP', 'sentence_id': 'cc_10602_10892', 'token_id': 335211642, 'token_text': 'per'}
 {'char_end': 77, 'char_start': 68, 'lemma': 'argumentum', 'pos': 'NOUN', 'sentence_id': 'cc_10602_10892', 'token_id': 335211643, 'token_text': 'argumenta'}
 {'char_end': 91, 'char_start': 78, 'lemma': 'fraudulentia', 'pos': 'NOUN', 'sentence_id': 'cc_10602_10892', 'token_id': 335211644, 'token_text': 'fraudulentiae'}
 {'char_end': 96, 'char_start': 92, 'lemma': 'suus', 'pos': 'DET', 'sentence_id': 'cc_10602_10892', 'token_id': 335211645, 'token_text': 'suos'}
 {'char_end': 105, 'char_start': 97, 'lemma': 'illigo', 'pos': 'VERB', 'sentence_id': 'cc_10602_10892', 'token_id': 335211646, 'token_text': 'illigant'}
 {'char_end': 115, 'char_start': 106, 'lemma': 'auditor', 'pos': 'NOUN', 'sentence_id': 'cc_10602_10892', 'token_id': 335211647, 'token_text': 'auditores'}
 {'char_end': 116, 'char_start': 115, 'lemma': ',', 'pos': 'PUNCT', 'sentence_id': 'cc_10602_10892', 'token_id': 335211648, 'token_text': ','}
 {'char_end': 119, 'char_start': 117, 'lemma': 'ut', 'pos': 'SCONJ', 'sentence_id': 'cc_10602_10892', 'token_id': 335211649, 'token_text': 'ut'}
 {'char_end': 123, 'char_start': 120, 'lemma': 'is', 'pos': 'PRON', 'sentence_id': 'cc_10602_10892', 'token_id': 335211650, 'token_text': 'eos'}
 {'char_end': 129, 'char_start': 124, 'lemma': 'quasi', 'pos': 'ADV', 'sentence_id': 'cc_10602_10892', 'token_id': 335211651, 'token_text': 'quasi'}
 {'char_end': 140, 'char_start': 130, 'lemma': 'labyrinthus', 'pos': 'NOUN', 'sentence_id': 'cc_10602_10892', 'token_id': 335211652, 'token_text': 'labyrintho'}
 {'char_end': 150, 'char_start': 141, 'lemma': 'implico', 'pos': 'VERB', 'sentence_id': 'cc_10602_10892', 'token_id': 335211653, 'token_text': 'implicent'}
 {'char_end': 151, 'char_start': 150, 'lemma': ',', 'pos': 'PUNCT', 'sentence_id': 'cc_10602_10892', 'token_id': 335211654, 'token_text': ','}
 {'char_end': 153, 'char_start': 152, 'lemma': 'ab', 'pos': 'ADP', 'sentence_id': 'cc_10602_10892', 'token_id': 335211655, 'token_text': 'a'}
 {'char_end': 157, 'char_start': 154, 'lemma': 'qui', 'pos': 'PRON', 'sentence_id': 'cc_10602_10892', 'token_id': 335211656, 'token_text': 'quo'}
 {'char_end': 163, 'char_start': 158, 'lemma': 'exeo', 'pos': 'VERB', 'sentence_id': 'cc_10602_10892', 'token_id': 335211657, 'token_text': 'exire'}
 {'char_end': 167, 'char_start': 164, 'lemma': 'non', 'pos': 'PART', 'sentence_id': 'cc_10602_10892', 'token_id': 335211658, 'token_text': 'non'}
 {'char_end': 175, 'char_start': 168, 'lemma': 'ualeo', 'pos': 'VERB', 'sentence_id': 'cc_10602_10892', 'token_id': 335211659, 'token_text': 'ualeant'}
 {'char_end': 176, 'char_start': 175, 'lemma': '.', 'pos': 'PUNCT', 'sentence_id': 'cc_10602_10892', 'token_id': 335211660, 'token_text': '.'}
 {'char_end': 5, 'char_start': 0, 'lemma': 'tantus', 'pos': 'DET', 'sentence_id': 'cc_10602_10893', 'token_id': 335211661, 'token_text': 'Tanta'}
 {'char_end': 9, 'char_start': 6, 'lemma': 'sum', 'pos': 'AUX', 'sentence_id': 'cc_10602_10893', 'token_id': 335211662, 'token_text': 'est'}]",1174.0,1174.0,1174.0,,,,,335211652,130,140
653,"Cabeo, Niccolò","Philosophia magnetica in qua magnetis natura penitus explicatur et omnium quae hoc lapide cernuntur causae propriae afferuntur: nova etiam pyxis construitur, quae propriam poli elevationem, cum suo meridiano, ubique demonstrat",noscemus_742419,noscemus_742419_2746,"& quasi filum defecerit ignotae se uiae, aut, si mauis, labyrintho haud quaquam committendum.","120 tim, ut ingenia deterreant ab illius inuestigatione, id ex ignota, & occulta qualitate prouenire pronunciant, nec aliam esse causam inquirendam: | & quasi filum defecerit ignotae se uiae, aut, si mauis, labyrintho haud quaquam committendum. | quasi uero eorum tantum modo effectuum causa sciri dicatur, qui ex primis qualitatibus prouenire deprehenduntur, & ubi aliquid nouum deprehendatur, si ad primarum qualitatum combinationem statim reuocari non possit, ad occultas confugiendum sit qualitates, & causam sciri non posse proclamandum;",scientific_complexity_metaphorics,"[{'char_end': 1, 'char_start': 0, 'lemma': '&', 'pos': 'PUNCT', 'sentence_id': 'noscemus_742419_2746', 'token_id': 57953166, 'token_text': '&'}
 {'char_end': 7, 'char_start': 2, 'lemma': 'quasi', 'pos': 'ADV', 'sentence_id': 'noscemus_742419_2746', 'token_id': 57953167, 'token_text': 'quasi'}
 {'char_end': 13, 'char_start': 8, 'lemma': 'filum', 'pos': 'NOUN', 'sentence_id': 'noscemus_742419_2746', 'token_id': 57953168, 'token_text': 'filum'}
 {'char_end': 23, 'char_start': 14, 'lemma': 'deficio', 'pos': 'VERB', 'sentence_id': 'noscemus_742419_2746', 'token_id': 57953169, 'token_text': 'defecerit'}
 {'char_end': 31, 'char_start': 24, 'lemma': 'ignotus', 'pos': 'VERB', 'sentence_id': 'noscemus_742419_2746', 'token_id': 57953170, 'token_text': 'ignotae'}
 {'char_end': 34, 'char_start': 32, 'lemma': 'sui', 'pos': 'PRON', 'sentence_id': 'noscemus_742419_2746', 'token_id': 57953171, 'token_text': 'se'}
 {'char_end': 39, 'char_start': 35, 'lemma': 'uia', 'pos': 'NOUN', 'sentence_id': 'noscemus_742419_2746', 'token_id': 57953172, 'token_text': 'uiae'}
 {'char_end': 40, 'char_start': 39, 'lemma': ',', 'pos': 'PUNCT', 'sentence_id': 'noscemus_742419_2746', 'token_id': 57953173, 'token_text': ','}
 {'char_end': 44, 'char_start': 41, 'lemma': 'aut', 'pos': 'CCONJ', 'sentence_id': 'noscemus_742419_2746', 'token_id': 57953174, 'token_text': 'aut'}
 {'char_end': 45, 'char_start': 44, 'lemma': ',', 'pos': 'PUNCT', 'sentence_id': 'noscemus_742419_2746', 'token_id': 57953175, 'token_text': ','}
 {'char_end': 48, 'char_start': 46, 'lemma': 'si', 'pos': 'SCONJ', 'sentence_id': 'noscemus_742419_2746', 'token_id': 57953176, 'token_text': 'si'}
 {'char_end': 54, 'char_start': 49, 'lemma': 'malo', 'pos': 'NOUN', 'sentence_id': 'noscemus_742419_2746', 'token_id': 57953177, 'token_text': 'mauis'}
 {'char_end': 55, 'char_start': 54, 'lemma': ',', 'pos': 'PUNCT', 'sentence_id': 'noscemus_742419_2746', 'token_id': 57953178, 'token_text': ','}
 {'char_end': 66, 'char_start': 56, 'lemma': 'labyrinthus', 'pos': 'NOUN', 'sentence_id': 'noscemus_742419_2746', 'token_id': 57953179, 'token_text': 'labyrintho'}
 {'char_end': 71, 'char_start': 67, 'lemma': 'haud', 'pos': 'PART', 'sentence_id': 'noscemus_742419_2746', 'token_id': 57953180, 'token_text': 'haud'}
 {'char_end': 79, 'char_start': 72, 'lemma': 'quisquam', 'pos': 'ADV', 'sentence_id': 'noscemus_742419_2746', 'token_id': 57953181, 'token_text': 'quaquam'}
 {'char_end': 92, 'char_start': 80, 'lemma': 'committo', 'pos': 'VERB', 'sentence_id': 'noscemus_742419_2746', 'token_id': 57953182, 'token_text': 'committendum'}
 {'char_end': 93, 'char_start': 92, 'lemma': '.', 'pos': 'PUNCT', 'sentence_id': 'noscemus_742419_2746', 'token_id': 57953183, 'token_text': '.'}]","[{'char_end': 23, 'char_start': 14, 'lemma': 'deficio', 'pos': 'VERB', 'sentence_id': 'noscemus_742419_2746', 'token_id': 57953169, 'token_text': 'defecerit'}
 {'char_end': 31, 'char_start': 24, 'lemma': 'ignotus', 'pos': 'VERB', 'sentence_id': 'noscemus_742419_2746', 'token_id': 57953170, 'token_text': 'ignotae'}
 {'char_end': 34, 'char_start': 32, 'lemma': 'sui', 'pos': 'PRON', 'sentence_id': 'noscemus_742419_2746', 'token_id': 57953171, 'token_text': 'se'}
 {'char_end': 39, 'char_start': 35, 'lemma': 'uia', 'pos': 'NOUN', 'sentence_id': 'noscemus_742419_2746', 'token_id': 57953172, 'token_text': 'uiae'}
 {'char_end': 40, 'char_start': 39, 'lemma': ',', 'pos': 'PUNCT', 'sentence_id': 'noscemus_742419_2746', 'token_id': 57953173, 'token_text': ','}
 {'char_end': 44, 'char_start': 41, 'lemma': 'aut', 'pos': 'CCONJ', 'sentence_id': 'noscemus_742419_2746', 'token_id': 57953174, 'token_text': 'aut'}
 {'char_end': 45, 'char_start': 44, 'lemma': ',', 'pos': 'PUNCT', 'sentence_id': 'noscemus_742419_2746', 'token_id': 57953175, 'token_text': ','}
 {'char_end': 48, 'char_start': 46, 'lemma': 'si', 'pos': 'SCONJ', 'sentence_id': 'noscemus_742419_2746', 'token_id': 57953176, 'token_text': 'si'}
 {'char_end': 54, 'char_start': 49, 'lemma': 'malo', 'pos': 'NOUN', 'sentence_id': 'noscemus_742419_2746', 'token_id': 57953177, 'token_text': 'mauis'}
 {'char_end': 55, 'char_start': 54, 'lemma': ',', 'pos': 'PUNCT', 'sentence_id': 'noscemus_742419_2746', 'token_id': 57953178, 'token_text': ','}
 {'char_end': 66, 'char_start': 56, 'lemma': 'labyrinthus', 'pos': 'NOUN', 'sentence_id': 'noscemus_742419_2746', 'token_id': 57953179, 'token_text': 'labyrintho'}
 {'char_end': 71, 'char_start': 67, 'lemma': 'haud', 'pos': 'PART', 'sentence_id': 'noscemus_742419_2746', 'token_id': 57953180, 'token_text': 'haud'}
 {'char_end': 79, 'char_start': 72, 'lemma': 'quisquam', 'pos': 'ADV', 'sentence_id': 'noscemus_742419_2746', 'token_id': 57953181, 'token_text': 'quaquam'}
 {'char_end': 92, 'char_start': 80, 'lemma': 'committo', 'pos': 'VERB', 'sentence_id': 'noscemus_742419_2746', 'token_id': 57953182, 'token_text': 'committendum'}
 {'char_end': 93, 'char_start': 92, 'lemma': '.', 'pos': 'PUNCT', 'sentence_id': 'noscemus_742419_2746', 'token_id': 57953183, 'token_text': '.'}
 {'char_end': 5, 'char_start': 0, 'lemma': 'quasi', 'pos': 'ADV', 'sentence_id': 'noscemus_742419_2747', 'token_id': 57953184, 'token_text': 'quasi'}
 {'char_end': 10, 'char_start': 6, 'lemma': 'uero', 'pos': 'ADV', 'sentence_id': 'noscemus_742419_2747', 'token_id': 57953185, 'token_text': 'uero'}
 {'char_end': 16, 'char_start': 11, 'lemma': 'is', 'pos': 'PRON', 'sentence_id': 'noscemus_742419_2747', 'token_id': 57953186, 'token_text': 'eorum'}
 {'char_end': 23, 'char_start': 17, 'lemma': 'tantum', 'pos': 'ADV', 'sentence_id': 'noscemus_742419_2747', 'token_id': 57953187, 'token_text': 'tantum'}
 {'char_end': 28, 'char_start': 24, 'lemma': 'modo', 'pos': 'ADV', 'sentence_id': 'noscemus_742419_2747', 'token_id': 57953188, 'token_text': 'modo'}
 {'char_end': 38, 'char_start': 29, 'lemma': 'effectus', 'pos': 'NOUN', 'sentence_id': 'noscemus_742419_2747', 'token_id': 57953189, 'token_text': 'effectuum'}]",1629.0,1629.0,1629.0,,,"Monograph, Encyclopedic work","Physics, Meteorology/Earth sciences",57953179,56,66
497,"Gessner, Conrad","Bibliotheca universalis sive catalogus omnium scriptorum locupletissimus in tribus linguis Latina, Graeca et Hebraica: extantium et non extantium, veterum et recentiorum in hunc usque diem, doctorum et indoctorum, publicatorum et in bibliothecis latentium, authore Conrado Gesnero Tigurino doctore medico",noscemus_704338,noscemus_704338_23011,De authoribus labyrinthorum.,"De labyrinthis, Aegyptio, Lemnio, & Italico, Plinius 36. 13. | De authoribus labyrinthorum. | Polydo rus 3. 10.",ambiguous_indeterminate,"[{'char_end': 2, 'char_start': 0, 'lemma': 'de', 'pos': 'ADP', 'sentence_id': 'noscemus_704338_23011', 'token_id': 119179286, 'token_text': 'De'}
 {'char_end': 13, 'char_start': 3, 'lemma': 'author', 'pos': 'NOUN', 'sentence_id': 'noscemus_704338_23011', 'token_id': 119179287, 'token_text': 'authoribus'}
 {'char_end': 27, 'char_start': 14, 'lemma': 'labyrinthus', 'pos': 'NOUN', 'sentence_id': 'noscemus_704338_23011', 'token_id': 119179288, 'token_text': 'labyrinthorum'}
 {'char_end': 28, 'char_start': 27, 'lemma': '.', 'pos': 'PUNCT', 'sentence_id': 'noscemus_704338_23011', 'token_id': 119179289, 'token_text': '.'}]","[{'char_end': 35, 'char_start': 34, 'lemma': '&', 'pos': 'PUNCT', 'sentence_id': 'noscemus_704338_23010', 'token_id': 119179278, 'token_text': '&'}
 {'char_end': 43, 'char_start': 36, 'lemma': 'italicus', 'pos': 'PROPN', 'sentence_id': 'noscemus_704338_23010', 'token_id': 119179279, 'token_text': 'Italico'}
 {'char_end': 44, 'char_start': 43, 'lemma': ',', 'pos': 'PUNCT', 'sentence_id': 'noscemus_704338_23010', 'token_id': 119179280, 'token_text': ','}
 {'char_end': 52, 'char_start': 45, 'lemma': 'Plinius', 'pos': 'PROPN', 'sentence_id': 'noscemus_704338_23010', 'token_id': 119179281, 'token_text': 'Plinius'}
 {'char_end': 55, 'char_start': 53, 'lemma': '36', 'pos': 'NUM', 'sentence_id': 'noscemus_704338_23010', 'token_id': 119179282, 'token_text': '36'}
 {'char_end': 56, 'char_start': 55, 'lemma': '.', 'pos': 'PUNCT', 'sentence_id': 'noscemus_704338_23010', 'token_id': 119179283, 'token_text': '.'}
 {'char_end': 59, 'char_start': 57, 'lemma': '13', 'pos': 'NUM', 'sentence_id': 'noscemus_704338_23010', 'token_id': 119179284, 'token_text': '13'}
 {'char_end': 60, 'char_start': 59, 'lemma': '.', 'pos': 'PUNCT', 'sentence_id': 'noscemus_704338_23010', 'token_id': 119179285, 'token_text': '.'}
 {'char_end': 2, 'char_start': 0, 'lemma': 'de', 'pos': 'ADP', 'sentence_id': 'noscemus_704338_23011', 'token_id': 119179286, 'token_text': 'De'}
 {'char_end': 13, 'char_start': 3, 'lemma': 'author', 'pos': 'NOUN', 'sentence_id': 'noscemus_704338_23011', 'token_id': 119179287, 'token_text': 'authoribus'}
 {'char_end': 27, 'char_start': 14, 'lemma': 'labyrinthus', 'pos': 'NOUN', 'sentence_id': 'noscemus_704338_23011', 'token_id': 119179288, 'token_text': 'labyrinthorum'}
 {'char_end': 28, 'char_start': 27, 'lemma': '.', 'pos': 'PUNCT', 'sentence_id': 'noscemus_704338_23011', 'token_id': 119179289, 'token_text': '.'}
 {'char_end': 6, 'char_start': 0, 'lemma': 'Polydo', 'pos': 'PROPN', 'sentence_id': 'noscemus_704338_23012', 'token_id': 119179290, 'token_text': 'Polydo'}
 {'char_end': 10, 'char_start': 7, 'lemma': 'rus', 'pos': 'NOUN', 'sentence_id': 'noscemus_704338_23012', 'token_id': 119179291, 'token_text': 'rus'}
 {'char_end': 12, 'char_start': 11, 'lemma': '3', 'pos': 'NUM', 'sentence_id': 'noscemus_704338_23012', 'token_id': 119179292, 'token_text': '3'}
 {'char_end': 13, 'char_start': 12, 'lemma': '.', 'pos': 'PUNCT', 'sentence_id': 'noscemus_704338_23012', 'token_id': 119179293, 'token_text': '.'}
 {'char_end': 16, 'char_start': 14, 'lemma': '10', 'pos': 'NUM', 'sentence_id': 'noscemus_704338_23012', 'token_id': 119179294, 'token_text': '10'}
 {'char_end': 17, 'char_start': 16, 'lemma': '.', 'pos': 'PUNCT', 'sentence_id': 'noscemus_704338_23012', 'token_id': 119179295, 'token_text': '.'}
 {'char_end': 2, 'char_start': 0, 'lemma': 'de', 'pos': 'ADP', 'sentence_id': 'noscemus_704338_23013', 'token_id': 119179296, 'token_text': 'De'}
 {'char_end': 10, 'char_start': 3, 'lemma': 'arcus', 'pos': 'NOUN', 'sentence_id': 'noscemus_704338_23013', 'token_id': 119179297, 'token_text': 'arcubus'}
 {'char_end': 24, 'char_start': 11, 'lemma': 'exaedifico', 'pos': 'VERB', 'sentence_id': 'noscemus_704338_23013', 'token_id': 119179298, 'token_text': 'exaedificatis'}]",1545.0,1545.0,1545.0,,,Bibliography,"Mathematics, Physics, Astronomy/Astrology/Cosmography, Geography/Cartography, Meteorology/Earth sciences, Alchemy/Chemistry, Biology, Medicine, Other (see description)",119179288,14,27
568,"Du Laurens, André",Historia anatomica humani corporis singularum eius partium multis controversiis et observationibus novis illustrata,noscemus_725080,noscemus_725080_28532,"In ea uerissimile est inspiratum cum odoribus aerem alterari, ut in auris cochlea & labyrintho aer praeparatur 3 Mammillarium processuum usus.","opplet utrinque narium cauitatem. | In ea uerissimile est inspiratum cum odoribus aerem alterari, ut in auris cochlea & labyrintho aer praeparatur 3 Mammillarium processuum usus. | Aristoteles nasum externum statuit princeps odoratus organi Refellitur Atristoteles.",medical_anatomical,"[{'char_end': 2, 'char_start': 0, 'lemma': 'in', 'pos': 'ADP', 'sentence_id': 'noscemus_725080_28532', 'token_id': 12120579, 'token_text': 'In'}
 {'char_end': 5, 'char_start': 3, 'lemma': 'is', 'pos': 'PRON', 'sentence_id': 'noscemus_725080_28532', 'token_id': 12120580, 'token_text': 'ea'}
 {'char_end': 17, 'char_start': 6, 'lemma': 'uerissimilis', 'pos': 'ADJ', 'sentence_id': 'noscemus_725080_28532', 'token_id': 12120581, 'token_text': 'uerissimile'}
 {'char_end': 21, 'char_start': 18, 'lemma': 'sum', 'pos': 'AUX', 'sentence_id': 'noscemus_725080_28532', 'token_id': 12120582, 'token_text': 'est'}
 {'char_end': 32, 'char_start': 22, 'lemma': 'inspiro', 'pos': 'VERB', 'sentence_id': 'noscemus_725080_28532', 'token_id': 12120583, 'token_text': 'inspiratum'}
 {'char_end': 36, 'char_start': 33, 'lemma': 'cum', 'pos': 'ADP', 'sentence_id': 'noscemus_725080_28532', 'token_id': 12120584, 'token_text': 'cum'}
 {'char_end': 45, 'char_start': 37, 'lemma': 'odor', 'pos': 'NOUN', 'sentence_id': 'noscemus_725080_28532', 'token_id': 12120585, 'token_text': 'odoribus'}
 {'char_end': 51, 'char_start': 46, 'lemma': 'aer', 'pos': 'NOUN', 'sentence_id': 'noscemus_725080_28532', 'token_id': 12120586, 'token_text': 'aerem'}
 {'char_end': 60, 'char_start': 52, 'lemma': 'altero', 'pos': 'VERB', 'sentence_id': 'noscemus_725080_28532', 'token_id': 12120587, 'token_text': 'alterari'}
 {'char_end': 61, 'char_start': 60, 'lemma': ',', 'pos': 'PUNCT', 'sentence_id': 'noscemus_725080_28532', 'token_id': 12120588, 'token_text': ','}
 {'char_end': 64, 'char_start': 62, 'lemma': 'ut', 'pos': 'SCONJ', 'sentence_id': 'noscemus_725080_28532', 'token_id': 12120589, 'token_text': 'ut'}
 {'char_end': 67, 'char_start': 65, 'lemma': 'in', 'pos': 'ADP', 'sentence_id': 'noscemus_725080_28532', 'token_id': 12120590, 'token_text': 'in'}
 {'char_end': 73, 'char_start': 68, 'lemma': 'auris', 'pos': 'NOUN', 'sentence_id': 'noscemus_725080_28532', 'token_id': 12120591, 'token_text': 'auris'}
 {'char_end': 81, 'char_start': 74, 'lemma': 'cochlea', 'pos': 'NOUN', 'sentence_id': 'noscemus_725080_28532', 'token_id': 12120592, 'token_text': 'cochlea'}
 {'char_end': 83, 'char_start': 82, 'lemma': '&', 'pos': 'PUNCT', 'sentence_id': 'noscemus_725080_28532', 'token_id': 12120593, 'token_text': '&'}
 {'char_end': 94, 'char_start': 84, 'lemma': 'labyrinthus', 'pos': 'NOUN', 'sentence_id': 'noscemus_725080_28532', 'token_id': 12120594, 'token_text': 'labyrintho'}
 {'char_end': 98, 'char_start': 95, 'lemma': 'aer', 'pos': 'NOUN', 'sentence_id': 'noscemus_725080_28532', 'token_id': 12120595, 'token_text': 'aer'}
 {'char_end': 110, 'char_start': 99, 'lemma': 'praeparo', 'pos': 'VERB', 'sentence_id': 'noscemus_725080_28532', 'token_id': 12120596, 'token_text': 'praeparatur'}
 {'char_end': 112, 'char_start': 111, 'lemma': '3', 'pos': 'NUM', 'sentence_id': 'noscemus_725080_28532', 'token_id': 12120597, 'token_text': '3'}
 {'char_end': 125, 'char_start': 113, 'lemma': 'Mammillarius', 'pos': 'PROPN', 'sentence_id': 'noscemus_725080_28532', 'token_id': 12120598, 'token_text': 'Mammillarium'}
 {'char_end': 136, 'char_start': 126, 'lemma': 'processus', 'pos': 'NOUN', 'sentence_id': 'noscemus_725080_28532', 'token_id': 12120599, 'token_text': 'processuum'}
 {'char_end': 141, 'char_start': 137, 'lemma': 'usus', 'pos': 'NOUN', 'sentence_id': 'noscemus_725080_28532', 'token_id': 12120600, 'token_text': 'usus'}
 {'char_end': 142, 'char_start': 141, 'lemma': '.', 'pos': 'PUNCT', 'sentence_id': 'noscemus_725080_28532', 'token_id': 12120601, 'token_text': '.'}]","[{'char_end': 36, 'char_start': 33, 'lemma': 'cum', 'pos': 'ADP', 'sentence_id': 'noscemus_725080_28532', 'token_id': 12120584, 'token_text': 'cum'}
 {'char_end': 45, 'char_start': 37, 'lemma': 'odor', 'pos': 'NOUN', 'sentence_id': 'noscemus_725080_28532', 'token_id': 12120585, 'token_text': 'odoribus'}
 {'char_end': 51, 'char_start': 46, 'lemma': 'aer', 'pos': 'NOUN', 'sentence_id': 'noscemus_725080_28532', 'token_id': 12120586, 'token_text': 'aerem'}
 {'char_end': 60, 'char_start': 52, 'lemma': 'altero', 'pos': 'VERB', 'sentence_id': 'noscemus_725080_28532', 'token_id': 12120587, 'token_text': 'alterari'}
 {'char_end': 61, 'char_start': 60, 'lemma': ',', 'pos': 'PUNCT', 'sentence_id': 'noscemus_725080_28532', 'token_id': 12120588, 'token_text': ','}
 {'char_end': 64, 'char_start': 62, 'lemma': 'ut', 'pos': 'SCONJ', 'sentence_id': 'noscemus_725080_28532', 'token_id': 12120589, 'token_text': 'ut'}
 {'char_end': 67, 'char_start': 65, 'lemma': 'in', 'pos': 'ADP', 'sentence_id': 'noscemus_725080_28532', 'token_id': 12120590, 'token_text': 'in'}
 {'char_end': 73, 'char_start': 68, 'lemma': 'auris', 'pos': 'NOUN', 'sentence_id': 'noscemus_725080_28532', 'token_id': 12120591, 'token_text': 'auris'}
 {'char_end': 81, 'char_start': 74, 'lemma': 'cochlea', 'pos': 'NOUN', 'sentence_id': 'noscemus_725080_28532', 'token_id': 12120592, 'token_text': 'cochlea'}
 {'char_end': 83, 'char_start': 82, 'lemma': '&', 'pos': 'PUNCT', 'sentence_id': 'noscemus_725080_28532', 'token_id': 12120593, 'token_text': '&'}
 {'char_end': 94, 'char_start': 84, 'lemma': 'labyrinthus', 'pos': 'NOUN', 'sentence_id': 'noscemus_725080_28532', 'token_id': 12120594, 'token_text': 'labyrintho'}
 {'char_end': 98, 'char_start': 95, 'lemma': 'aer', 'pos': 'NOUN', 'sentence_id': 'noscemus_725080_28532', 'token_id': 12120595, 'token_text': 'aer'}
 {'char_end': 110, 'char_start': 99, 'lemma': 'praeparo', 'pos': 'VERB', 'sentence_id': 'noscemus_725080_28532', 'token_id': 12120596, 'token_text': 'praeparatur'}
 {'char_end': 112, 'char_start': 111, 'lemma': '3', 'pos': 'NUM', 'sentence_id': 'noscemus_725080_28532', 'token_id': 12120597, 'token_text': '3'}
 {'char_end': 125, 'char_start': 113, 'lemma': 'Mammillarius', 'pos': 'PROPN', 'sentence_id': 'noscemus_725080_28532', 'token_id': 12120598, 'token_text': 'Mammillarium'}
 {'char_end': 136, 'char_start': 126, 'lemma': 'processus', 'pos': 'NOUN', 'sentence_id': 'noscemus_725080_28532', 'token_id': 12120599, 'token_text': 'processuum'}
 {'char_end': 141, 'char_start': 137, 'lemma': 'usus', 'pos': 'NOUN', 'sentence_id': 'noscemus_725080_28532', 'token_id': 12120600, 'token_text': 'usus'}
 {'char_end': 142, 'char_start': 141, 'lemma': '.', 'pos': 'PUNCT', 'sentence_id': 'noscemus_725080_28532', 'token_id': 12120601, 'token_text': '.'}
 {'char_end': 11, 'char_start': 0, 'lemma': 'Aristoteles', 'pos': 'PROPN', 'sentence_id': 'noscemus_725080_28533', 'token_id': 12120602, 'token_text': 'Aristoteles'}
 {'char_end': 17, 'char_start': 12, 'lemma': 'nasus', 'pos': 'NOUN', 'sentence_id': 'noscemus_725080_28533', 'token_id': 12120603, 'token_text': 'nasum'}
 {'char_end': 26, 'char_start': 18, 'lemma': 'externum', 'pos': 'ADJ', 'sentence_id': 'noscemus_725080_28533', 'token_id': 12120604, 'token_text': 'externum'}]",1600.0,1600.0,1600.0,,,Encyclopedic work,Medicine,12120594,84,94
196,"Mantovano, Battista",Parthenice prima sive Mariana,cc_20245,cc_20245_27,est cursus uitae labyrinthus.,"Longi patientia carceris aetas Longior; | est cursus uitae labyrinthus. | In ipsum Ex utero ingredimur, per limina mortis abimus.",confusion_metaphorics,"[{'char_end': 3, 'char_start': 0, 'lemma': 'sum', 'pos': 'AUX', 'sentence_id': 'cc_20245_27', 'token_id': 307627030, 'token_text': 'est'}
 {'char_end': 10, 'char_start': 4, 'lemma': 'cursus', 'pos': 'NOUN', 'sentence_id': 'cc_20245_27', 'token_id': 307627031, 'token_text': 'cursus'}
 {'char_end': 16, 'char_start': 11, 'lemma': 'uita', 'pos': 'NOUN', 'sentence_id': 'cc_20245_27', 'token_id': 307627032, 'token_text': 'uitae'}
 {'char_end': 28, 'char_start': 17, 'lemma': 'labyrinthus', 'pos': 'NOUN', 'sentence_id': 'cc_20245_27', 'token_id': 307627033, 'token_text': 'labyrinthus'}
 {'char_end': 29, 'char_start': 28, 'lemma': '.', 'pos': 'PUNCT', 'sentence_id': 'cc_20245_27', 'token_id': 307627034, 'token_text': '.'}]","[{'char_end': 57, 'char_start': 56, 'lemma': '?', 'pos': 'PUNCT', 'sentence_id': 'cc_20245_25', 'token_id': 307627023, 'token_text': '?'}
 {'char_end': 5, 'char_start': 0, 'lemma': 'longus', 'pos': 'PROPN', 'sentence_id': 'cc_20245_26', 'token_id': 307627024, 'token_text': 'Longi'}
 {'char_end': 15, 'char_start': 6, 'lemma': 'patientia', 'pos': 'NOUN', 'sentence_id': 'cc_20245_26', 'token_id': 307627025, 'token_text': 'patientia'}
 {'char_end': 24, 'char_start': 16, 'lemma': 'carcer', 'pos': 'NOUN', 'sentence_id': 'cc_20245_26', 'token_id': 307627026, 'token_text': 'carceris'}
 {'char_end': 30, 'char_start': 25, 'lemma': 'aetas', 'pos': 'NOUN', 'sentence_id': 'cc_20245_26', 'token_id': 307627027, 'token_text': 'aetas'}
 {'char_end': 38, 'char_start': 31, 'lemma': 'Longus', 'pos': 'ADJ', 'sentence_id': 'cc_20245_26', 'token_id': 307627028, 'token_text': 'Longior'}
 {'char_end': 39, 'char_start': 38, 'lemma': ';', 'pos': 'PUNCT', 'sentence_id': 'cc_20245_26', 'token_id': 307627029, 'token_text': ';'}
 {'char_end': 3, 'char_start': 0, 'lemma': 'sum', 'pos': 'AUX', 'sentence_id': 'cc_20245_27', 'token_id': 307627030, 'token_text': 'est'}
 {'char_end': 10, 'char_start': 4, 'lemma': 'cursus', 'pos': 'NOUN', 'sentence_id': 'cc_20245_27', 'token_id': 307627031, 'token_text': 'cursus'}
 {'char_end': 16, 'char_start': 11, 'lemma': 'uita', 'pos': 'NOUN', 'sentence_id': 'cc_20245_27', 'token_id': 307627032, 'token_text': 'uitae'}
 {'char_end': 28, 'char_start': 17, 'lemma': 'labyrinthus', 'pos': 'NOUN', 'sentence_id': 'cc_20245_27', 'token_id': 307627033, 'token_text': 'labyrinthus'}
 {'char_end': 29, 'char_start': 28, 'lemma': '.', 'pos': 'PUNCT', 'sentence_id': 'cc_20245_27', 'token_id': 307627034, 'token_text': '.'}
 {'char_end': 2, 'char_start': 0, 'lemma': 'in', 'pos': 'ADP', 'sentence_id': 'cc_20245_28', 'token_id': 307627035, 'token_text': 'In'}
 {'char_end': 8, 'char_start': 3, 'lemma': 'ipse', 'pos': 'DET', 'sentence_id': 'cc_20245_28', 'token_id': 307627036, 'token_text': 'ipsum'}
 {'char_end': 11, 'char_start': 9, 'lemma': 'ex', 'pos': 'ADP', 'sentence_id': 'cc_20245_28', 'token_id': 307627037, 'token_text': 'Ex'}
 {'char_end': 17, 'char_start': 12, 'lemma': 'uterus', 'pos': 'NOUN', 'sentence_id': 'cc_20245_28', 'token_id': 307627038, 'token_text': 'utero'}
 {'char_end': 28, 'char_start': 18, 'lemma': 'ingredior', 'pos': 'VERB', 'sentence_id': 'cc_20245_28', 'token_id': 307627039, 'token_text': 'ingredimur'}
 {'char_end': 29, 'char_start': 28, 'lemma': ',', 'pos': 'PUNCT', 'sentence_id': 'cc_20245_28', 'token_id': 307627040, 'token_text': ','}
 {'char_end': 33, 'char_start': 30, 'lemma': 'per', 'pos': 'ADP', 'sentence_id': 'cc_20245_28', 'token_id': 307627041, 'token_text': 'per'}
 {'char_end': 40, 'char_start': 34, 'lemma': 'limen', 'pos': 'NOUN', 'sentence_id': 'cc_20245_28', 'token_id': 307627042, 'token_text': 'limina'}
 {'char_end': 47, 'char_start': 41, 'lemma': 'mors', 'pos': 'NOUN', 'sentence_id': 'cc_20245_28', 'token_id': 307627043, 'token_text': 'mortis'}]",1447.0,1516.0,1512.0,,,,,307627033,17,28
724,"Galenus,Ingrassia, Giovanni Filippo","In Galeni librum de ossibus doctissima et expectatissima commentaria, nunc primum sedulo in lucem edita et apte naturam imitantibus iconibus insignata, quibus est appositus Graecus Galeni contextus una cum nova et fideli eiusdem Ingrassiae in Latinum versione",noscemus_770140,noscemus_770140_5228,"Itemque aliis quatuor processibus mamillari inquam, styloideque, & auditorio etiam labyrintho, nec non & Zygomatis dimidium constituente processu, ad rotundam figuram quod remanet temporum ossis referri non inepte potest.","Semotis igitur ea sinu recipiente parte, siue mauis dicere eo processu: | Itemque aliis quatuor processibus mamillari inquam, styloideque, & auditorio etiam labyrintho, nec non & Zygomatis dimidium constituente processu, ad rotundam figuram quod remanet temporum ossis referri non inepte potest. | Ad quam & frontis quoque os aptius, faciliusque apud recentiores Digitized by r Caput Primum. 7.",medical_anatomical,"[{'char_end': 4, 'char_start': 0, 'lemma': 'item', 'pos': 'ADV', 'sentence_id': 'noscemus_770140_5228', 'token_id': 24811299, 'token_text': 'Item'}
 {'char_end': 7, 'char_start': 4, 'lemma': 'que', 'pos': 'ADV', 'sentence_id': 'noscemus_770140_5228', 'token_id': 24811300, 'token_text': 'que'}
 {'char_end': 13, 'char_start': 8, 'lemma': 'alius', 'pos': 'DET', 'sentence_id': 'noscemus_770140_5228', 'token_id': 24811301, 'token_text': 'aliis'}
 {'char_end': 21, 'char_start': 14, 'lemma': 'quattuor', 'pos': 'NUM', 'sentence_id': 'noscemus_770140_5228', 'token_id': 24811302, 'token_text': 'quatuor'}
 {'char_end': 33, 'char_start': 22, 'lemma': 'processus', 'pos': 'NOUN', 'sentence_id': 'noscemus_770140_5228', 'token_id': 24811303, 'token_text': 'processibus'}
 {'char_end': 43, 'char_start': 34, 'lemma': 'mamillo', 'pos': 'VERB', 'sentence_id': 'noscemus_770140_5228', 'token_id': 24811304, 'token_text': 'mamillari'}
 {'char_end': 50, 'char_start': 44, 'lemma': 'inquam', 'pos': 'VERB', 'sentence_id': 'noscemus_770140_5228', 'token_id': 24811305, 'token_text': 'inquam'}
 {'char_end': 51, 'char_start': 50, 'lemma': ',', 'pos': 'PUNCT', 'sentence_id': 'noscemus_770140_5228', 'token_id': 24811306, 'token_text': ','}
 {'char_end': 60, 'char_start': 52, 'lemma': 'styloides', 'pos': 'NOUN', 'sentence_id': 'noscemus_770140_5228', 'token_id': 24811307, 'token_text': 'styloide'}
 {'char_end': 63, 'char_start': 60, 'lemma': 'que', 'pos': 'CCONJ', 'sentence_id': 'noscemus_770140_5228', 'token_id': 24811308, 'token_text': 'que'}
 {'char_end': 64, 'char_start': 63, 'lemma': ',', 'pos': 'PUNCT', 'sentence_id': 'noscemus_770140_5228', 'token_id': 24811309, 'token_text': ','}
 {'char_end': 66, 'char_start': 65, 'lemma': '&', 'pos': 'PUNCT', 'sentence_id': 'noscemus_770140_5228', 'token_id': 24811310, 'token_text': '&'}
 {'char_end': 76, 'char_start': 67, 'lemma': 'auditorius', 'pos': 'ADJ', 'sentence_id': 'noscemus_770140_5228', 'token_id': 24811311, 'token_text': 'auditorio'}
 {'char_end': 82, 'char_start': 77, 'lemma': 'etiam', 'pos': 'ADV', 'sentence_id': 'noscemus_770140_5228', 'token_id': 24811312, 'token_text': 'etiam'}
 {'char_end': 93, 'char_start': 83, 'lemma': 'labyrinthus', 'pos': 'NOUN', 'sentence_id': 'noscemus_770140_5228', 'token_id': 24811313, 'token_text': 'labyrintho'}
 {'char_end': 94, 'char_start': 93, 'lemma': ',', 'pos': 'PUNCT', 'sentence_id': 'noscemus_770140_5228', 'token_id': 24811314, 'token_text': ','}
 {'char_end': 98, 'char_start': 95, 'lemma': 'neque', 'pos': 'CCONJ', 'sentence_id': 'noscemus_770140_5228', 'token_id': 24811315, 'token_text': 'nec'}
 {'char_end': 102, 'char_start': 99, 'lemma': 'non', 'pos': 'PART', 'sentence_id': 'noscemus_770140_5228', 'token_id': 24811316, 'token_text': 'non'}
 {'char_end': 104, 'char_start': 103, 'lemma': '&', 'pos': 'PUNCT', 'sentence_id': 'noscemus_770140_5228', 'token_id': 24811317, 'token_text': '&'}
 {'char_end': 114, 'char_start': 105, 'lemma': 'Zygomo', 'pos': 'VERB', 'sentence_id': 'noscemus_770140_5228', 'token_id': 24811318, 'token_text': 'Zygomatis'}
 {'char_end': 123, 'char_start': 115, 'lemma': 'dimidium', 'pos': 'NOUN', 'sentence_id': 'noscemus_770140_5228', 'token_id': 24811319, 'token_text': 'dimidium'}
 {'char_end': 136, 'char_start': 124, 'lemma': 'constituo', 'pos': 'VERB', 'sentence_id': 'noscemus_770140_5228', 'token_id': 24811320, 'token_text': 'constituente'}
 {'char_end': 145, 'char_start': 137, 'lemma': 'processus', 'pos': 'NOUN', 'sentence_id': 'noscemus_770140_5228', 'token_id': 24811321, 'token_text': 'processu'}
 {'char_end': 146, 'char_start': 145, 'lemma': ',', 'pos': 'PUNCT', 'sentence_id': 'noscemus_770140_5228', 'token_id': 24811322, 'token_text': ','}
 {'char_end': 149, 'char_start': 147, 'lemma': 'ad', 'pos': 'ADP', 'sentence_id': 'noscemus_770140_5228', 'token_id': 24811323, 'token_text': 'ad'}
 {'char_end': 158, 'char_start': 150, 'lemma': 'rotundus', 'pos': 'ADJ', 'sentence_id': 'noscemus_770140_5228', 'token_id': 24811324, 'token_text': 'rotundam'}
 {'char_end': 166, 'char_start': 159, 'lemma': 'figura', 'pos': 'NOUN', 'sentence_id': 'noscemus_770140_5228', 'token_id': 24811325, 'token_text': 'figuram'}
 {'char_end': 171, 'char_start': 167, 'lemma': 'qui', 'pos': 'PRON', 'sentence_id': 'noscemus_770140_5228', 'token_id': 24811326, 'token_text': 'quod'}
 {'char_end': 179, 'char_start': 172, 'lemma': 'remaneo', 'pos': 'VERB', 'sentence_id': 'noscemus_770140_5228', 'token_id': 24811327, 'token_text': 'remanet'}
 {'char_end': 188, 'char_start': 180, 'lemma': 'tempus', 'pos': 'NOUN', 'sentence_id': 'noscemus_770140_5228', 'token_id': 24811328, 'token_text': 'temporum'}
 {'char_end': 194, 'char_start': 189, 'lemma': 'os', 'pos': 'NOUN', 'sentence_id': 'noscemus_770140_5228', 'token_id': 24811329, 'token_text': 'ossis'}
 {'char_end': 202, 'char_start': 195, 'lemma': 'refero', 'pos': 'VERB', 'sentence_id': 'noscemus_770140_5228', 'token_id': 24811330, 'token_text': 'referri'}
 {'char_end': 206, 'char_start': 203, 'lemma': 'non', 'pos': 'PART', 'sentence_id': 'noscemus_770140_5228', 'token_id': 24811331, 'token_text': 'non'}
 {'char_end': 213, 'char_start': 207, 'lemma': 'ineptus', 'pos': 'ADV', 'sentence_id': 'noscemus_770140_5228', 'token_id': 24811332, 'token_text': 'inepte'}
 {'char_end': 220, 'char_start': 214, 'lemma': 'possum', 'pos': 'VERB', 'sentence_id': 'noscemus_770140_5228', 'token_id': 24811333, 'token_text': 'potest'}
 {'char_end': 221, 'char_start': 220, 'lemma': '.', 'pos': 'PUNCT', 'sentence_id': 'noscemus_770140_5228', 'token_id': 24811334, 'token_text': '.'}]","[{'char_end': 33, 'char_start': 22, 'lemma': 'processus', 'pos': 'NOUN', 'sentence_id': 'noscemus_770140_5228', 'token_id': 24811303, 'token_text': 'processibus'}
 {'char_end': 43, 'char_start': 34, 'lemma': 'mamillo', 'pos': 'VERB', 'sentence_id': 'noscemus_770140_5228', 'token_id': 24811304, 'token_text': 'mamillari'}
 {'char_end': 50, 'char_start': 44, 'lemma': 'inquam', 'pos': 'VERB', 'sentence_id': 'noscemus_770140_5228', 'token_id': 24811305, 'token_text': 'inquam'}
 {'char_end': 51, 'char_start': 50, 'lemma': ',', 'pos': 'PUNCT', 'sentence_id': 'noscemus_770140_5228', 'token_id': 24811306, 'token_text': ','}
 {'char_end': 60, 'char_start': 52, 'lemma': 'styloides', 'pos': 'NOUN', 'sentence_id': 'noscemus_770140_5228', 'token_id': 24811307, 'token_text': 'styloide'}
 {'char_end': 63, 'char_start': 60, 'lemma': 'que', 'pos': 'CCONJ', 'sentence_id': 'noscemus_770140_5228', 'token_id': 24811308, 'token_text': 'que'}
 {'char_end': 64, 'char_start': 63, 'lemma': ',', 'pos': 'PUNCT', 'sentence_id': 'noscemus_770140_5228', 'token_id': 24811309, 'token_text': ','}
 {'char_end': 66, 'char_start': 65, 'lemma': '&', 'pos': 'PUNCT', 'sentence_id': 'noscemus_770140_5228', 'token_id': 24811310, 'token_text': '&'}
 {'char_end': 76, 'char_start': 67, 'lemma': 'auditorius', 'pos': 'ADJ', 'sentence_id': 'noscemus_770140_5228', 'token_id': 24811311, 'token_text': 'auditorio'}
 {'char_end': 82, 'char_start': 77, 'lemma': 'etiam', 'pos': 'ADV', 'sentence_id': 'noscemus_770140_5228', 'token_id': 24811312, 'token_text': 'etiam'}
 {'char_end': 93, 'char_start': 83, 'lemma': 'labyrinthus', 'pos': 'NOUN', 'sentence_id': 'noscemus_770140_5228', 'token_id': 24811313, 'token_text': 'labyrintho'}
 {'char_end': 94, 'char_start': 93, 'lemma': ',', 'pos': 'PUNCT', 'sentence_id': 'noscemus_770140_5228', 'token_id': 24811314, 'token_text': ','}
 {'char_end': 98, 'char_start': 95, 'lemma': 'neque', 'pos': 'CCONJ', 'sentence_id': 'noscemus_770140_5228', 'token_id': 24811315, 'token_text': 'nec'}
 {'char_end': 102, 'char_start': 99, 'lemma': 'non', 'pos': 'PART', 'sentence_id': 'noscemus_770140_5228', 'token_id': 24811316, 'token_text': 'non'}
 {'char_end': 104, 'char_start': 103, 'lemma': '&', 'pos': 'PUNCT', 'sentence_id': 'noscemus_770140_5228', 'token_id': 24811317, 'token_text': '&'}
 {'char_end': 114, 'char_start': 105, 'lemma': 'Zygomo', 'pos': 'VERB', 'sentence_id': 'noscemus_770140_5228', 'token_id': 24811318, 'token_text': 'Zygomatis'}
 {'char_end': 123, 'char_start': 115, 'lemma': 'dimidium', 'pos': 'NOUN', 'sentence_id': 'noscemus_770140_5228', 'token_id': 24811319, 'token_text': 'dimidium'}
 {'char_end': 136, 'char_start': 124, 'lemma': 'constituo', 'pos': 'VERB', 'sentence_id': 'noscemus_770140_5228', 'token_id': 24811320, 'token_text': 'constituente'}
 {'char_end': 145, 'char_start': 137, 'lemma': 'processus', 'pos': 'NOUN', 'sentence_id': 'noscemus_770140_5228', 'token_id': 24811321, 'token_text': 'processu'}
 {'char_end': 146, 'char_start': 145, 'lemma': ',', 'pos': 'PUNCT', 'sentence_id': 'noscemus_770140_5228', 'token_id': 24811322, 'token_text': ','}
 {'char_end': 149, 'char_start': 147, 'lemma': 'ad', 'pos': 'ADP', 'sentence_id': 'noscemus_770140_5228', 'token_id': 24811323, 'token_text': 'ad'}]",1546.0,1603.0,1583.0,,,"Commentary, Translation",Medicine,24811313,83,93
204,Eusebius Caesariensis; Hieronymus Stridonensis ,Interpretatio Chronicae Eusebii,cc_21415,cc_21415_43,"Unde praemonendum puto, ut prout quaeque scripta sunt, etiam colorum diuersitates seruentur, ne quis irrationabili aestimet uoluptate oculis tantum rem esse quaesitam, et dum scribendi taedium fugit, labyrinthum erroris intexat.","Non tamen omnia hujusmodi requirenda sunt necessario, cum minor est numerus linearum. | Unde praemonendum puto, ut prout quaeque scripta sunt, etiam colorum diuersitates seruentur, ne quis irrationabili aestimet uoluptate oculis tantum rem esse quaesitam, et dum scribendi taedium fugit, labyrinthum erroris intexat. | Id enim elucubratum est, ut regnorum tramites, qui per uicinitatem nimiam pene mixti erant, distinctione minii separarentur, et eumdem coloris locum quem prior membrana signauerat, etiam posterior seruaret.",confusion_metaphorics,"[{'char_end': 4, 'char_start': 0, 'lemma': 'unde', 'pos': 'ADV', 'sentence_id': 'cc_21415_43', 'token_id': 233777087, 'token_text': 'Unde'}
 {'char_end': 17, 'char_start': 5, 'lemma': 'praemoneo', 'pos': 'VERB', 'sentence_id': 'cc_21415_43', 'token_id': 233777088, 'token_text': 'praemonendum'}
 {'char_end': 22, 'char_start': 18, 'lemma': 'puto', 'pos': 'VERB', 'sentence_id': 'cc_21415_43', 'token_id': 233777089, 'token_text': 'puto'}
 {'char_end': 23, 'char_start': 22, 'lemma': ',', 'pos': 'PUNCT', 'sentence_id': 'cc_21415_43', 'token_id': 233777090, 'token_text': ','}
 {'char_end': 26, 'char_start': 24, 'lemma': 'ut', 'pos': 'SCONJ', 'sentence_id': 'cc_21415_43', 'token_id': 233777091, 'token_text': 'ut'}
 {'char_end': 32, 'char_start': 27, 'lemma': 'prout', 'pos': 'SCONJ', 'sentence_id': 'cc_21415_43', 'token_id': 233777092, 'token_text': 'prout'}
 {'char_end': 40, 'char_start': 33, 'lemma': '', 'pos': 'DET', 'sentence_id': 'cc_21415_43', 'token_id': 233777093, 'token_text': 'quaeque'}
 {'char_end': 48, 'char_start': 41, 'lemma': 'scribo', 'pos': 'VERB', 'sentence_id': 'cc_21415_43', 'token_id': 233777094, 'token_text': 'scripta'}
 {'char_end': 53, 'char_start': 49, 'lemma': 'sum', 'pos': 'AUX', 'sentence_id': 'cc_21415_43', 'token_id': 233777095, 'token_text': 'sunt'}
 {'char_end': 54, 'char_start': 53, 'lemma': ',', 'pos': 'PUNCT', 'sentence_id': 'cc_21415_43', 'token_id': 233777096, 'token_text': ','}
 {'char_end': 60, 'char_start': 55, 'lemma': 'etiam', 'pos': 'ADV', 'sentence_id': 'cc_21415_43', 'token_id': 233777097, 'token_text': 'etiam'}
 {'char_end': 68, 'char_start': 61, 'lemma': 'color', 'pos': 'NOUN', 'sentence_id': 'cc_21415_43', 'token_id': 233777098, 'token_text': 'colorum'}
 {'char_end': 81, 'char_start': 69, 'lemma': 'diuersitas', 'pos': 'NOUN', 'sentence_id': 'cc_21415_43', 'token_id': 233777099, 'token_text': 'diuersitates'}
 {'char_end': 91, 'char_start': 82, 'lemma': 'seruo', 'pos': 'VERB', 'sentence_id': 'cc_21415_43', 'token_id': 233777100, 'token_text': 'seruentur'}
 {'char_end': 92, 'char_start': 91, 'lemma': ',', 'pos': 'PUNCT', 'sentence_id': 'cc_21415_43', 'token_id': 233777101, 'token_text': ','}
 {'char_end': 95, 'char_start': 93, 'lemma': 'ne', 'pos': 'SCONJ', 'sentence_id': 'cc_21415_43', 'token_id': 233777102, 'token_text': 'ne'}
 {'char_end': 100, 'char_start': 96, 'lemma': 'quis', 'pos': 'PRON', 'sentence_id': 'cc_21415_43', 'token_id': 233777103, 'token_text': 'quis'}
 {'char_end': 114, 'char_start': 101, 'lemma': 'irrationabilis', 'pos': 'ADJ', 'sentence_id': 'cc_21415_43', 'token_id': 233777104, 'token_text': 'irrationabili'}
 {'char_end': 123, 'char_start': 115, 'lemma': 'aestimo', 'pos': 'VERB', 'sentence_id': 'cc_21415_43', 'token_id': 233777105, 'token_text': 'aestimet'}
 {'char_end': 133, 'char_start': 124, 'lemma': 'uoluptas', 'pos': 'NOUN', 'sentence_id': 'cc_21415_43', 'token_id': 233777106, 'token_text': 'uoluptate'}
 {'char_end': 140, 'char_start': 134, 'lemma': 'oculus', 'pos': 'NOUN', 'sentence_id': 'cc_21415_43', 'token_id': 233777107, 'token_text': 'oculis'}
 {'char_end': 147, 'char_start': 141, 'lemma': 'tantum', 'pos': 'ADV', 'sentence_id': 'cc_21415_43', 'token_id': 233777108, 'token_text': 'tantum'}
 {'char_end': 151, 'char_start': 148, 'lemma': 'res', 'pos': 'NOUN', 'sentence_id': 'cc_21415_43', 'token_id': 233777109, 'token_text': 'rem'}
 {'char_end': 156, 'char_start': 152, 'lemma': 'sum', 'pos': 'AUX', 'sentence_id': 'cc_21415_43', 'token_id': 233777110, 'token_text': 'esse'}
 {'char_end': 166, 'char_start': 157, 'lemma': 'quaero', 'pos': 'VERB', 'sentence_id': 'cc_21415_43', 'token_id': 233777111, 'token_text': 'quaesitam'}
 {'char_end': 167, 'char_start': 166, 'lemma': ',', 'pos': 'PUNCT', 'sentence_id': 'cc_21415_43', 'token_id': 233777112, 'token_text': ','}
 {'char_end': 170, 'char_start': 168, 'lemma': 'et', 'pos': 'CCONJ', 'sentence_id': 'cc_21415_43', 'token_id': 233777113, 'token_text': 'et'}
 {'char_end': 174, 'char_start': 171, 'lemma': 'dum', 'pos': 'SCONJ', 'sentence_id': 'cc_21415_43', 'token_id': 233777114, 'token_text': 'dum'}
 {'char_end': 184, 'char_start': 175, 'lemma': 'scribo', 'pos': 'VERB', 'sentence_id': 'cc_21415_43', 'token_id': 233777115, 'token_text': 'scribendi'}
 {'char_end': 192, 'char_start': 185, 'lemma': 'taedium', 'pos': 'NOUN', 'sentence_id': 'cc_21415_43', 'token_id': 233777116, 'token_text': 'taedium'}
 {'char_end': 198, 'char_start': 193, 'lemma': 'fugio', 'pos': 'VERB', 'sentence_id': 'cc_21415_43', 'token_id': 233777117, 'token_text': 'fugit'}
 {'char_end': 199, 'char_start': 198, 'lemma': ',', 'pos': 'PUNCT', 'sentence_id': 'cc_21415_43', 'token_id': 233777118, 'token_text': ','}
 {'char_end': 211, 'char_start': 200, 'lemma': 'labyrinthus', 'pos': 'NOUN', 'sentence_id': 'cc_21415_43', 'token_id': 233777119, 'token_text': 'labyrinthum'}
 {'char_end': 219, 'char_start': 212, 'lemma': 'error', 'pos': 'NOUN', 'sentence_id': 'cc_21415_43', 'token_id': 233777120, 'token_text': 'erroris'}
 {'char_end': 227, 'char_start': 220, 'lemma': 'intexo', 'pos': 'VERB', 'sentence_id': 'cc_21415_43', 'token_id': 233777121, 'token_text': 'intexat'}
 {'char_end': 228, 'char_start': 227, 'lemma': '.', 'pos': 'PUNCT', 'sentence_id': 'cc_21415_43', 'token_id': 233777122, 'token_text': '.'}]","[{'char_end': 151, 'char_start': 148, 'lemma': 'res', 'pos': 'NOUN', 'sentence_id': 'cc_21415_43', 'token_id': 233777109, 'token_text': 'rem'}
 {'char_end': 156, 'char_start': 152, 'lemma': 'sum', 'pos': 'AUX', 'sentence_id': 'cc_21415_43', 'token_id': 233777110, 'token_text': 'esse'}
 {'char_end': 166, 'char_start': 157, 'lemma': 'quaero', 'pos': 'VERB', 'sentence_id': 'cc_21415_43', 'token_id': 233777111, 'token_text': 'quaesitam'}
 {'char_end': 167, 'char_start': 166, 'lemma': ',', 'pos': 'PUNCT', 'sentence_id': 'cc_21415_43', 'token_id': 233777112, 'token_text': ','}
 {'char_end': 170, 'char_start': 168, 'lemma': 'et', 'pos': 'CCONJ', 'sentence_id': 'cc_21415_43', 'token_id': 233777113, 'token_text': 'et'}
 {'char_end': 174, 'char_start': 171, 'lemma': 'dum', 'pos': 'SCONJ', 'sentence_id': 'cc_21415_43', 'token_id': 233777114, 'token_text': 'dum'}
 {'char_end': 184, 'char_start': 175, 'lemma': 'scribo', 'pos': 'VERB', 'sentence_id': 'cc_21415_43', 'token_id': 233777115, 'token_text': 'scribendi'}
 {'char_end': 192, 'char_start': 185, 'lemma': 'taedium', 'pos': 'NOUN', 'sentence_id': 'cc_21415_43', 'token_id': 233777116, 'token_text': 'taedium'}
 {'char_end': 198, 'char_start': 193, 'lemma': 'fugio', 'pos': 'VERB', 'sentence_id': 'cc_21415_43', 'token_id': 233777117, 'token_text': 'fugit'}
 {'char_end': 199, 'char_start': 198, 'lemma': ',', 'pos': 'PUNCT', 'sentence_id': 'cc_21415_43', 'token_id': 233777118, 'token_text': ','}
 {'char_end': 211, 'char_start': 200, 'lemma': 'labyrinthus', 'pos': 'NOUN', 'sentence_id': 'cc_21415_43', 'token_id': 233777119, 'token_text': 'labyrinthum'}
 {'char_end': 219, 'char_start': 212, 'lemma': 'error', 'pos': 'NOUN', 'sentence_id': 'cc_21415_43', 'token_id': 233777120, 'token_text': 'erroris'}
 {'char_end': 227, 'char_start': 220, 'lemma': 'intexo', 'pos': 'VERB', 'sentence_id': 'cc_21415_43', 'token_id': 233777121, 'token_text': 'intexat'}
 {'char_end': 228, 'char_start': 227, 'lemma': '.', 'pos': 'PUNCT', 'sentence_id': 'cc_21415_43', 'token_id': 233777122, 'token_text': '.'}
 {'char_end': 2, 'char_start': 0, 'lemma': 'is', 'pos': 'PRON', 'sentence_id': 'cc_21415_44', 'token_id': 233777123, 'token_text': 'Id'}
 {'char_end': 7, 'char_start': 3, 'lemma': 'enim', 'pos': 'PART', 'sentence_id': 'cc_21415_44', 'token_id': 233777124, 'token_text': 'enim'}
 {'char_end': 19, 'char_start': 8, 'lemma': 'elucubro', 'pos': 'ADJ', 'sentence_id': 'cc_21415_44', 'token_id': 233777125, 'token_text': 'elucubratum'}
 {'char_end': 23, 'char_start': 20, 'lemma': 'sum', 'pos': 'AUX', 'sentence_id': 'cc_21415_44', 'token_id': 233777126, 'token_text': 'est'}
 {'char_end': 24, 'char_start': 23, 'lemma': ',', 'pos': 'PUNCT', 'sentence_id': 'cc_21415_44', 'token_id': 233777127, 'token_text': ','}
 {'char_end': 27, 'char_start': 25, 'lemma': 'ut', 'pos': 'SCONJ', 'sentence_id': 'cc_21415_44', 'token_id': 233777128, 'token_text': 'ut'}
 {'char_end': 36, 'char_start': 28, 'lemma': 'regnum', 'pos': 'NOUN', 'sentence_id': 'cc_21415_44', 'token_id': 233777129, 'token_text': 'regnorum'}]",,,,,,,,233777119,200,211
548,"Patrizi, Francesco","Francisci Patricii Discussionum peripateticarum tomi IV. Quibus Aristotelicae philosophiae universa Historia atque Dogmata cum Veterum Placitis collata, eleganter et erudite declarantur. Operis veteri rerum novitate gratissimi Argumenta sequens docebit pagina.",noscemus_724119,noscemus_724119_21637,"Si in utraque interpretatione, inextricabiles labyrinthi sint, si excellentissima ingenia torta hac ambiguitate, quid nos ex tali doctrina sperabimus?","& forma sit non actu, sed actus, non materiae aut compositi, sed tou dunamei potentiae, materiae ipsius? | Si in utraque interpretatione, inextricabiles labyrinthi sint, si excellentissima ingenia torta hac ambiguitate, quid nos ex tali doctrina sperabimus? | Formam causam esse dicit, unam de quatuor generibus causarum.",scientific_complexity_metaphorics,"[{'char_end': 2, 'char_start': 0, 'lemma': 'si', 'pos': 'SCONJ', 'sentence_id': 'noscemus_724119_21637', 'token_id': 28761412, 'token_text': 'Si'}
 {'char_end': 5, 'char_start': 3, 'lemma': 'in', 'pos': 'ADP', 'sentence_id': 'noscemus_724119_21637', 'token_id': 28761413, 'token_text': 'in'}
 {'char_end': 13, 'char_start': 6, 'lemma': 'uterque', 'pos': 'DET', 'sentence_id': 'noscemus_724119_21637', 'token_id': 28761414, 'token_text': 'utraque'}
 {'char_end': 29, 'char_start': 14, 'lemma': 'interpretatio', 'pos': 'NOUN', 'sentence_id': 'noscemus_724119_21637', 'token_id': 28761415, 'token_text': 'interpretatione'}
 {'char_end': 30, 'char_start': 29, 'lemma': ',', 'pos': 'PUNCT', 'sentence_id': 'noscemus_724119_21637', 'token_id': 28761416, 'token_text': ','}
 {'char_end': 45, 'char_start': 31, 'lemma': 'inextricabilis', 'pos': 'ADJ', 'sentence_id': 'noscemus_724119_21637', 'token_id': 28761417, 'token_text': 'inextricabiles'}
 {'char_end': 56, 'char_start': 46, 'lemma': 'labyrinthus', 'pos': 'ADJ', 'sentence_id': 'noscemus_724119_21637', 'token_id': 28761418, 'token_text': 'labyrinthi'}
 {'char_end': 61, 'char_start': 57, 'lemma': 'sum', 'pos': 'AUX', 'sentence_id': 'noscemus_724119_21637', 'token_id': 28761419, 'token_text': 'sint'}
 {'char_end': 62, 'char_start': 61, 'lemma': ',', 'pos': 'PUNCT', 'sentence_id': 'noscemus_724119_21637', 'token_id': 28761420, 'token_text': ','}
 {'char_end': 65, 'char_start': 63, 'lemma': 'si', 'pos': 'SCONJ', 'sentence_id': 'noscemus_724119_21637', 'token_id': 28761421, 'token_text': 'si'}
 {'char_end': 81, 'char_start': 66, 'lemma': 'excellentissimus', 'pos': 'ADJ', 'sentence_id': 'noscemus_724119_21637', 'token_id': 28761422, 'token_text': 'excellentissima'}
 {'char_end': 89, 'char_start': 82, 'lemma': 'ingenium', 'pos': 'NOUN', 'sentence_id': 'noscemus_724119_21637', 'token_id': 28761423, 'token_text': 'ingenia'}
 {'char_end': 95, 'char_start': 90, 'lemma': 'torqueo', 'pos': 'VERB', 'sentence_id': 'noscemus_724119_21637', 'token_id': 28761424, 'token_text': 'torta'}
 {'char_end': 99, 'char_start': 96, 'lemma': 'hic', 'pos': 'DET', 'sentence_id': 'noscemus_724119_21637', 'token_id': 28761425, 'token_text': 'hac'}
 {'char_end': 111, 'char_start': 100, 'lemma': 'ambiguitas', 'pos': 'NOUN', 'sentence_id': 'noscemus_724119_21637', 'token_id': 28761426, 'token_text': 'ambiguitate'}
 {'char_end': 112, 'char_start': 111, 'lemma': ',', 'pos': 'PUNCT', 'sentence_id': 'noscemus_724119_21637', 'token_id': 28761427, 'token_text': ','}
 {'char_end': 117, 'char_start': 113, 'lemma': 'quis', 'pos': 'ADV', 'sentence_id': 'noscemus_724119_21637', 'token_id': 28761428, 'token_text': 'quid'}
 {'char_end': 121, 'char_start': 118, 'lemma': 'nos', 'pos': 'PRON', 'sentence_id': 'noscemus_724119_21637', 'token_id': 28761429, 'token_text': 'nos'}
 {'char_end': 124, 'char_start': 122, 'lemma': 'ex', 'pos': 'ADP', 'sentence_id': 'noscemus_724119_21637', 'token_id': 28761430, 'token_text': 'ex'}
 {'char_end': 129, 'char_start': 125, 'lemma': 'talis', 'pos': 'DET', 'sentence_id': 'noscemus_724119_21637', 'token_id': 28761431, 'token_text': 'tali'}
 {'char_end': 138, 'char_start': 130, 'lemma': 'doctrina', 'pos': 'NOUN', 'sentence_id': 'noscemus_724119_21637', 'token_id': 28761432, 'token_text': 'doctrina'}
 {'char_end': 149, 'char_start': 139, 'lemma': 'spero', 'pos': 'VERB', 'sentence_id': 'noscemus_724119_21637', 'token_id': 28761433, 'token_text': 'sperabimus'}
 {'char_end': 150, 'char_start': 149, 'lemma': '?', 'pos': 'PUNCT', 'sentence_id': 'noscemus_724119_21637', 'token_id': 28761434, 'token_text': '?'}]","[{'char_end': 87, 'char_start': 86, 'lemma': ',', 'pos': 'PUNCT', 'sentence_id': 'noscemus_724119_21636', 'token_id': 28761408, 'token_text': ','}
 {'char_end': 96, 'char_start': 88, 'lemma': 'materia', 'pos': 'NOUN', 'sentence_id': 'noscemus_724119_21636', 'token_id': 28761409, 'token_text': 'materiae'}
 {'char_end': 103, 'char_start': 97, 'lemma': 'ipse', 'pos': 'DET', 'sentence_id': 'noscemus_724119_21636', 'token_id': 28761410, 'token_text': 'ipsius'}
 {'char_end': 104, 'char_start': 103, 'lemma': '?', 'pos': 'PUNCT', 'sentence_id': 'noscemus_724119_21636', 'token_id': 28761411, 'token_text': '?'}
 {'char_end': 2, 'char_start': 0, 'lemma': 'si', 'pos': 'SCONJ', 'sentence_id': 'noscemus_724119_21637', 'token_id': 28761412, 'token_text': 'Si'}
 {'char_end': 5, 'char_start': 3, 'lemma': 'in', 'pos': 'ADP', 'sentence_id': 'noscemus_724119_21637', 'token_id': 28761413, 'token_text': 'in'}
 {'char_end': 13, 'char_start': 6, 'lemma': 'uterque', 'pos': 'DET', 'sentence_id': 'noscemus_724119_21637', 'token_id': 28761414, 'token_text': 'utraque'}
 {'char_end': 29, 'char_start': 14, 'lemma': 'interpretatio', 'pos': 'NOUN', 'sentence_id': 'noscemus_724119_21637', 'token_id': 28761415, 'token_text': 'interpretatione'}
 {'char_end': 30, 'char_start': 29, 'lemma': ',', 'pos': 'PUNCT', 'sentence_id': 'noscemus_724119_21637', 'token_id': 28761416, 'token_text': ','}
 {'char_end': 45, 'char_start': 31, 'lemma': 'inextricabilis', 'pos': 'ADJ', 'sentence_id': 'noscemus_724119_21637', 'token_id': 28761417, 'token_text': 'inextricabiles'}
 {'char_end': 56, 'char_start': 46, 'lemma': 'labyrinthus', 'pos': 'ADJ', 'sentence_id': 'noscemus_724119_21637', 'token_id': 28761418, 'token_text': 'labyrinthi'}
 {'char_end': 61, 'char_start': 57, 'lemma': 'sum', 'pos': 'AUX', 'sentence_id': 'noscemus_724119_21637', 'token_id': 28761419, 'token_text': 'sint'}
 {'char_end': 62, 'char_start': 61, 'lemma': ',', 'pos': 'PUNCT', 'sentence_id': 'noscemus_724119_21637', 'token_id': 28761420, 'token_text': ','}
 {'char_end': 65, 'char_start': 63, 'lemma': 'si', 'pos': 'SCONJ', 'sentence_id': 'noscemus_724119_21637', 'token_id': 28761421, 'token_text': 'si'}
 {'char_end': 81, 'char_start': 66, 'lemma': 'excellentissimus', 'pos': 'ADJ', 'sentence_id': 'noscemus_724119_21637', 'token_id': 28761422, 'token_text': 'excellentissima'}
 {'char_end': 89, 'char_start': 82, 'lemma': 'ingenium', 'pos': 'NOUN', 'sentence_id': 'noscemus_724119_21637', 'token_id': 28761423, 'token_text': 'ingenia'}
 {'char_end': 95, 'char_start': 90, 'lemma': 'torqueo', 'pos': 'VERB', 'sentence_id': 'noscemus_724119_21637', 'token_id': 28761424, 'token_text': 'torta'}
 {'char_end': 99, 'char_start': 96, 'lemma': 'hic', 'pos': 'DET', 'sentence_id': 'noscemus_724119_21637', 'token_id': 28761425, 'token_text': 'hac'}
 {'char_end': 111, 'char_start': 100, 'lemma': 'ambiguitas', 'pos': 'NOUN', 'sentence_id': 'noscemus_724119_21637', 'token_id': 28761426, 'token_text': 'ambiguitate'}
 {'char_end': 112, 'char_start': 111, 'lemma': ',', 'pos': 'PUNCT', 'sentence_id': 'noscemus_724119_21637', 'token_id': 28761427, 'token_text': ','}
 {'char_end': 117, 'char_start': 113, 'lemma': 'quis', 'pos': 'ADV', 'sentence_id': 'noscemus_724119_21637', 'token_id': 28761428, 'token_text': 'quid'}]",1581.0,1581.0,1581.0,,,Encyclopedic work,"Physics, Astronomy/Astrology/Cosmography, Meteorology/Earth sciences, Other (see description)",28761418,46,56
181,Boetius,De consolatione Philosophiae [CSEL],cc_14875,cc_14875_1996,"- Ludisne, inquam, me inextricabilem labyrinthum rationibus texens, quae nunc quidem, qua egrediaris, introeas, nunc uero, quo introieris, egrediare, an mirabilem am diuinae simplicitatis orbem complicas?","-- Malum igitur, inquit, nihil est, cum id facere ille non possit, qui nihil non potest. | - Ludisne, inquam, me inextricabilem labyrinthum rationibus texens, quae nunc quidem, qua egrediaris, introeas, nunc uero, quo introieris, egrediare, an mirabilem am diuinae simplicitatis orbem complicas? | Etenim paulo ante oeatitudine beatitudine incipiens eam summum bonum esse dicebusqumo deo sitam loquebare.",confusion_metaphorics,"[{'char_end': 1, 'char_start': 0, 'lemma': '-', 'pos': 'PUNCT', 'sentence_id': 'cc_14875_1996', 'token_id': 231257412, 'token_text': '-'}
 {'char_end': 9, 'char_start': 2, 'lemma': 'Ludisnus', 'pos': 'PROPN', 'sentence_id': 'cc_14875_1996', 'token_id': 231257413, 'token_text': 'Ludisne'}
 {'char_end': 10, 'char_start': 9, 'lemma': ',', 'pos': 'PUNCT', 'sentence_id': 'cc_14875_1996', 'token_id': 231257414, 'token_text': ','}
 {'char_end': 17, 'char_start': 11, 'lemma': 'inquam', 'pos': 'VERB', 'sentence_id': 'cc_14875_1996', 'token_id': 231257415, 'token_text': 'inquam'}
 {'char_end': 18, 'char_start': 17, 'lemma': ',', 'pos': 'PUNCT', 'sentence_id': 'cc_14875_1996', 'token_id': 231257416, 'token_text': ','}
 {'char_end': 21, 'char_start': 19, 'lemma': 'ego', 'pos': 'PRON', 'sentence_id': 'cc_14875_1996', 'token_id': 231257417, 'token_text': 'me'}
 {'char_end': 36, 'char_start': 22, 'lemma': 'inextricabilis', 'pos': 'ADJ', 'sentence_id': 'cc_14875_1996', 'token_id': 231257418, 'token_text': 'inextricabilem'}
 {'char_end': 48, 'char_start': 37, 'lemma': 'labyrinthus', 'pos': 'NOUN', 'sentence_id': 'cc_14875_1996', 'token_id': 231257419, 'token_text': 'labyrinthum'}
 {'char_end': 59, 'char_start': 49, 'lemma': 'ratio', 'pos': 'NOUN', 'sentence_id': 'cc_14875_1996', 'token_id': 231257420, 'token_text': 'rationibus'}
 {'char_end': 66, 'char_start': 60, 'lemma': 'texo', 'pos': 'VERB', 'sentence_id': 'cc_14875_1996', 'token_id': 231257421, 'token_text': 'texens'}
 {'char_end': 67, 'char_start': 66, 'lemma': ',', 'pos': 'PUNCT', 'sentence_id': 'cc_14875_1996', 'token_id': 231257422, 'token_text': ','}
 {'char_end': 72, 'char_start': 68, 'lemma': 'qui', 'pos': 'PRON', 'sentence_id': 'cc_14875_1996', 'token_id': 231257423, 'token_text': 'quae'}
 {'char_end': 77, 'char_start': 73, 'lemma': 'nunc', 'pos': 'ADV', 'sentence_id': 'cc_14875_1996', 'token_id': 231257424, 'token_text': 'nunc'}
 {'char_end': 84, 'char_start': 78, 'lemma': 'quidem', 'pos': 'PART', 'sentence_id': 'cc_14875_1996', 'token_id': 231257425, 'token_text': 'quidem'}
 {'char_end': 85, 'char_start': 84, 'lemma': ',', 'pos': 'PUNCT', 'sentence_id': 'cc_14875_1996', 'token_id': 231257426, 'token_text': ','}
 {'char_end': 89, 'char_start': 86, 'lemma': 'qua', 'pos': 'ADV', 'sentence_id': 'cc_14875_1996', 'token_id': 231257427, 'token_text': 'qua'}
 {'char_end': 100, 'char_start': 90, 'lemma': 'egredior', 'pos': 'VERB', 'sentence_id': 'cc_14875_1996', 'token_id': 231257428, 'token_text': 'egrediaris'}
 {'char_end': 101, 'char_start': 100, 'lemma': ',', 'pos': 'PUNCT', 'sentence_id': 'cc_14875_1996', 'token_id': 231257429, 'token_text': ','}
 {'char_end': 110, 'char_start': 102, 'lemma': 'introeo', 'pos': 'VERB', 'sentence_id': 'cc_14875_1996', 'token_id': 231257430, 'token_text': 'introeas'}
 {'char_end': 111, 'char_start': 110, 'lemma': ',', 'pos': 'PUNCT', 'sentence_id': 'cc_14875_1996', 'token_id': 231257431, 'token_text': ','}
 {'char_end': 116, 'char_start': 112, 'lemma': 'nunc', 'pos': 'ADV', 'sentence_id': 'cc_14875_1996', 'token_id': 231257432, 'token_text': 'nunc'}
 {'char_end': 121, 'char_start': 117, 'lemma': 'uero', 'pos': 'ADV', 'sentence_id': 'cc_14875_1996', 'token_id': 231257433, 'token_text': 'uero'}
 {'char_end': 122, 'char_start': 121, 'lemma': ',', 'pos': 'PUNCT', 'sentence_id': 'cc_14875_1996', 'token_id': 231257434, 'token_text': ','}
 {'char_end': 126, 'char_start': 123, 'lemma': 'qui', 'pos': 'PRON', 'sentence_id': 'cc_14875_1996', 'token_id': 231257435, 'token_text': 'quo'}
 {'char_end': 137, 'char_start': 127, 'lemma': 'introeo', 'pos': 'VERB', 'sentence_id': 'cc_14875_1996', 'token_id': 231257436, 'token_text': 'introieris'}
 {'char_end': 138, 'char_start': 137, 'lemma': ',', 'pos': 'PUNCT', 'sentence_id': 'cc_14875_1996', 'token_id': 231257437, 'token_text': ','}
 {'char_end': 148, 'char_start': 139, 'lemma': 'egredior', 'pos': 'VERB', 'sentence_id': 'cc_14875_1996', 'token_id': 231257438, 'token_text': 'egrediare'}
 {'char_end': 149, 'char_start': 148, 'lemma': ',', 'pos': 'PUNCT', 'sentence_id': 'cc_14875_1996', 'token_id': 231257439, 'token_text': ','}
 {'char_end': 152, 'char_start': 150, 'lemma': 'an', 'pos': 'CCONJ', 'sentence_id': 'cc_14875_1996', 'token_id': 231257440, 'token_text': 'an'}
 {'char_end': 162, 'char_start': 153, 'lemma': 'mirabilis', 'pos': 'ADJ', 'sentence_id': 'cc_14875_1996', 'token_id': 231257441, 'token_text': 'mirabilem'}
 {'char_end': 165, 'char_start': 163, 'lemma': '', 'pos': 'NOUN', 'sentence_id': 'cc_14875_1996', 'token_id': 231257442, 'token_text': 'am'}
 {'char_end': 173, 'char_start': 166, 'lemma': 'diuinus', 'pos': 'ADJ', 'sentence_id': 'cc_14875_1996', 'token_id': 231257443, 'token_text': 'diuinae'}
 {'char_end': 187, 'char_start': 174, 'lemma': 'simplicitas', 'pos': 'NOUN', 'sentence_id': 'cc_14875_1996', 'token_id': 231257444, 'token_text': 'simplicitatis'}
 {'char_end': 193, 'char_start': 188, 'lemma': 'orbis', 'pos': 'NOUN', 'sentence_id': 'cc_14875_1996', 'token_id': 231257445, 'token_text': 'orbem'}
 {'char_end': 203, 'char_start': 194, 'lemma': 'complico', 'pos': 'VERB', 'sentence_id': 'cc_14875_1996', 'token_id': 231257446, 'token_text': 'complicas'}
 {'char_end': 204, 'char_start': 203, 'lemma': '?', 'pos': 'PUNCT', 'sentence_id': 'cc_14875_1996', 'token_id': 231257447, 'token_text': '?'}]","[{'char_end': 80, 'char_start': 77, 'lemma': 'non', 'pos': 'PART', 'sentence_id': 'cc_14875_1995', 'token_id': 231257409, 'token_text': 'non'}
 {'char_end': 87, 'char_start': 81, 'lemma': 'possum', 'pos': 'VERB', 'sentence_id': 'cc_14875_1995', 'token_id': 231257410, 'token_text': 'potest'}
 {'char_end': 88, 'char_start': 87, 'lemma': '.', 'pos': 'PUNCT', 'sentence_id': 'cc_14875_1995', 'token_id': 231257411, 'token_text': '.'}
 {'char_end': 1, 'char_start': 0, 'lemma': '-', 'pos': 'PUNCT', 'sentence_id': 'cc_14875_1996', 'token_id': 231257412, 'token_text': '-'}
 {'char_end': 9, 'char_start': 2, 'lemma': 'Ludisnus', 'pos': 'PROPN', 'sentence_id': 'cc_14875_1996', 'token_id': 231257413, 'token_text': 'Ludisne'}
 {'char_end': 10, 'char_start': 9, 'lemma': ',', 'pos': 'PUNCT', 'sentence_id': 'cc_14875_1996', 'token_id': 231257414, 'token_text': ','}
 {'char_end': 17, 'char_start': 11, 'lemma': 'inquam', 'pos': 'VERB', 'sentence_id': 'cc_14875_1996', 'token_id': 231257415, 'token_text': 'inquam'}
 {'char_end': 18, 'char_start': 17, 'lemma': ',', 'pos': 'PUNCT', 'sentence_id': 'cc_14875_1996', 'token_id': 231257416, 'token_text': ','}
 {'char_end': 21, 'char_start': 19, 'lemma': 'ego', 'pos': 'PRON', 'sentence_id': 'cc_14875_1996', 'token_id': 231257417, 'token_text': 'me'}
 {'char_end': 36, 'char_start': 22, 'lemma': 'inextricabilis', 'pos': 'ADJ', 'sentence_id': 'cc_14875_1996', 'token_id': 231257418, 'token_text': 'inextricabilem'}
 {'char_end': 48, 'char_start': 37, 'lemma': 'labyrinthus', 'pos': 'NOUN', 'sentence_id': 'cc_14875_1996', 'token_id': 231257419, 'token_text': 'labyrinthum'}
 {'char_end': 59, 'char_start': 49, 'lemma': 'ratio', 'pos': 'NOUN', 'sentence_id': 'cc_14875_1996', 'token_id': 231257420, 'token_text': 'rationibus'}
 {'char_end': 66, 'char_start': 60, 'lemma': 'texo', 'pos': 'VERB', 'sentence_id': 'cc_14875_1996', 'token_id': 231257421, 'token_text': 'texens'}
 {'char_end': 67, 'char_start': 66, 'lemma': ',', 'pos': 'PUNCT', 'sentence_id': 'cc_14875_1996', 'token_id': 231257422, 'token_text': ','}
 {'char_end': 72, 'char_start': 68, 'lemma': 'qui', 'pos': 'PRON', 'sentence_id': 'cc_14875_1996', 'token_id': 231257423, 'token_text': 'quae'}
 {'char_end': 77, 'char_start': 73, 'lemma': 'nunc', 'pos': 'ADV', 'sentence_id': 'cc_14875_1996', 'token_id': 231257424, 'token_text': 'nunc'}
 {'char_end': 84, 'char_start': 78, 'lemma': 'quidem', 'pos': 'PART', 'sentence_id': 'cc_14875_1996', 'token_id': 231257425, 'token_text': 'quidem'}
 {'char_end': 85, 'char_start': 84, 'lemma': ',', 'pos': 'PUNCT', 'sentence_id': 'cc_14875_1996', 'token_id': 231257426, 'token_text': ','}
 {'char_end': 89, 'char_start': 86, 'lemma': 'qua', 'pos': 'ADV', 'sentence_id': 'cc_14875_1996', 'token_id': 231257427, 'token_text': 'qua'}
 {'char_end': 100, 'char_start': 90, 'lemma': 'egredior', 'pos': 'VERB', 'sentence_id': 'cc_14875_1996', 'token_id': 231257428, 'token_text': 'egrediaris'}
 {'char_end': 101, 'char_start': 100, 'lemma': ',', 'pos': 'PUNCT', 'sentence_id': 'cc_14875_1996', 'token_id': 231257429, 'token_text': ','}]",480.0,525.0,508.0,,,,,231257419,37,48
656,"Callard de LaDucquerie, Jean Baptiste","Lexicon medicum etymologicum, in quo ad tria etymologiarum milia medicinae, chirurgiae, pharmaciae, chymiae et botanices. Accessit explicatio obscuriorum in iisdem artibus vocum fere quattuor milium. Auctore M. Joanne Baptista Callard de la Ducquerie, Cadomi regis consiliario medico, professore regio et decano. Editio nova.",noscemus_746744,noscemus_746744_4163,"Labyrinthus, laburinthos, para to me labein thuras, quod non habeat fores.","Uigne sauuage. | Labyrinthus, laburinthos, para to me labein thuras, quod non habeat fores. | Est locus multis uiarum ambagibus inflexus.",technical_literal,"[{'char_end': 11, 'char_start': 0, 'lemma': 'labyrinthus', 'pos': 'PROPN', 'sentence_id': 'noscemus_746744_4163', 'token_id': 102133766, 'token_text': 'Labyrinthus'}
 {'char_end': 12, 'char_start': 11, 'lemma': ',', 'pos': 'PUNCT', 'sentence_id': 'noscemus_746744_4163', 'token_id': 102133767, 'token_text': ','}
 {'char_end': 24, 'char_start': 13, 'lemma': 'laburinthus', 'pos': 'NOUN', 'sentence_id': 'noscemus_746744_4163', 'token_id': 102133768, 'token_text': 'laburinthos'}
 {'char_end': 25, 'char_start': 24, 'lemma': ',', 'pos': 'PUNCT', 'sentence_id': 'noscemus_746744_4163', 'token_id': 102133769, 'token_text': ','}
 {'char_end': 30, 'char_start': 26, 'lemma': 'paro', 'pos': 'VERB', 'sentence_id': 'noscemus_746744_4163', 'token_id': 102133770, 'token_text': 'para'}
 {'char_end': 33, 'char_start': 31, 'lemma': 'to', 'pos': 'VERB', 'sentence_id': 'noscemus_746744_4163', 'token_id': 102133771, 'token_text': 'to'}
 {'char_end': 36, 'char_start': 34, 'lemma': 'ego', 'pos': 'PRON', 'sentence_id': 'noscemus_746744_4163', 'token_id': 102133772, 'token_text': 'me'}
 {'char_end': 43, 'char_start': 37, 'lemma': 'labein', 'pos': 'NOUN', 'sentence_id': 'noscemus_746744_4163', 'token_id': 102133773, 'token_text': 'labein'}
 {'char_end': 50, 'char_start': 44, 'lemma': 'thura', 'pos': 'NOUN', 'sentence_id': 'noscemus_746744_4163', 'token_id': 102133774, 'token_text': 'thuras'}
 {'char_end': 51, 'char_start': 50, 'lemma': ',', 'pos': 'PUNCT', 'sentence_id': 'noscemus_746744_4163', 'token_id': 102133775, 'token_text': ','}
 {'char_end': 56, 'char_start': 52, 'lemma': 'quod', 'pos': 'SCONJ', 'sentence_id': 'noscemus_746744_4163', 'token_id': 102133776, 'token_text': 'quod'}
 {'char_end': 60, 'char_start': 57, 'lemma': 'non', 'pos': 'PART', 'sentence_id': 'noscemus_746744_4163', 'token_id': 102133777, 'token_text': 'non'}
 {'char_end': 67, 'char_start': 61, 'lemma': 'habeo', 'pos': 'VERB', 'sentence_id': 'noscemus_746744_4163', 'token_id': 102133778, 'token_text': 'habeat'}
 {'char_end': 73, 'char_start': 68, 'lemma': 'foris', 'pos': 'NOUN', 'sentence_id': 'noscemus_746744_4163', 'token_id': 102133779, 'token_text': 'fores'}
 {'char_end': 74, 'char_start': 73, 'lemma': '.', 'pos': 'PUNCT', 'sentence_id': 'noscemus_746744_4163', 'token_id': 102133780, 'token_text': '.'}]","[{'char_end': 71, 'char_start': 66, 'lemma': 'labrum', 'pos': 'NOUN', 'sentence_id': 'noscemus_746744_4160', 'token_id': 102133756, 'token_text': 'labra'}
 {'char_end': 78, 'char_start': 72, 'lemma': 'laedo', 'pos': 'VERB', 'sentence_id': 'noscemus_746744_4160', 'token_id': 102133757, 'token_text': 'laedat'}
 {'char_end': 79, 'char_start': 78, 'lemma': '.', 'pos': 'PUNCT', 'sentence_id': 'noscemus_746744_4160', 'token_id': 102133758, 'token_text': '.'}
 {'char_end': 3, 'char_start': 0, 'lemma': 'sum', 'pos': 'AUX', 'sentence_id': 'noscemus_746744_4161', 'token_id': 102133759, 'token_text': 'Est'}
 {'char_end': 9, 'char_start': 4, 'lemma': 'uitis', 'pos': 'NOUN', 'sentence_id': 'noscemus_746744_4161', 'token_id': 102133760, 'token_text': 'uitis'}
 {'char_end': 20, 'char_start': 10, 'lemma': 'syluestris', 'pos': 'ADJ', 'sentence_id': 'noscemus_746744_4161', 'token_id': 102133761, 'token_text': 'syluestris'}
 {'char_end': 21, 'char_start': 20, 'lemma': '.', 'pos': 'PUNCT', 'sentence_id': 'noscemus_746744_4161', 'token_id': 102133762, 'token_text': '.'}
 {'char_end': 5, 'char_start': 0, 'lemma': 'uigne', 'pos': 'NOUN', 'sentence_id': 'noscemus_746744_4162', 'token_id': 102133763, 'token_text': 'Uigne'}
 {'char_end': 13, 'char_start': 6, 'lemma': 'sauuagio', 'pos': 'VERB', 'sentence_id': 'noscemus_746744_4162', 'token_id': 102133764, 'token_text': 'sauuage'}
 {'char_end': 14, 'char_start': 13, 'lemma': '.', 'pos': 'PUNCT', 'sentence_id': 'noscemus_746744_4162', 'token_id': 102133765, 'token_text': '.'}
 {'char_end': 11, 'char_start': 0, 'lemma': 'labyrinthus', 'pos': 'PROPN', 'sentence_id': 'noscemus_746744_4163', 'token_id': 102133766, 'token_text': 'Labyrinthus'}
 {'char_end': 12, 'char_start': 11, 'lemma': ',', 'pos': 'PUNCT', 'sentence_id': 'noscemus_746744_4163', 'token_id': 102133767, 'token_text': ','}
 {'char_end': 24, 'char_start': 13, 'lemma': 'laburinthus', 'pos': 'NOUN', 'sentence_id': 'noscemus_746744_4163', 'token_id': 102133768, 'token_text': 'laburinthos'}
 {'char_end': 25, 'char_start': 24, 'lemma': ',', 'pos': 'PUNCT', 'sentence_id': 'noscemus_746744_4163', 'token_id': 102133769, 'token_text': ','}
 {'char_end': 30, 'char_start': 26, 'lemma': 'paro', 'pos': 'VERB', 'sentence_id': 'noscemus_746744_4163', 'token_id': 102133770, 'token_text': 'para'}
 {'char_end': 33, 'char_start': 31, 'lemma': 'to', 'pos': 'VERB', 'sentence_id': 'noscemus_746744_4163', 'token_id': 102133771, 'token_text': 'to'}
 {'char_end': 36, 'char_start': 34, 'lemma': 'ego', 'pos': 'PRON', 'sentence_id': 'noscemus_746744_4163', 'token_id': 102133772, 'token_text': 'me'}
 {'char_end': 43, 'char_start': 37, 'lemma': 'labein', 'pos': 'NOUN', 'sentence_id': 'noscemus_746744_4163', 'token_id': 102133773, 'token_text': 'labein'}
 {'char_end': 50, 'char_start': 44, 'lemma': 'thura', 'pos': 'NOUN', 'sentence_id': 'noscemus_746744_4163', 'token_id': 102133774, 'token_text': 'thuras'}
 {'char_end': 51, 'char_start': 50, 'lemma': ',', 'pos': 'PUNCT', 'sentence_id': 'noscemus_746744_4163', 'token_id': 102133775, 'token_text': ','}
 {'char_end': 56, 'char_start': 52, 'lemma': 'quod', 'pos': 'SCONJ', 'sentence_id': 'noscemus_746744_4163', 'token_id': 102133776, 'token_text': 'quod'}]",1693.0,1693.0,1693.0,,,"Textbook, Dictionary/Lexicon","Alchemy/Chemistry, Biology, Medicine",102133766,0,11
882,"Hoffmann, Friedrich","Friderici Hoffmanni Medicinae rationalis systematicae tomus prior, quo philosophia corporis humani vivi et sani ex solidis mechanicis et anatomicis principiis methodo plane demonstrativa per certa theoremata ac scholia traditur et pathologiae ac praxi medicae clinicae ceu verum fundamentum praemittitur in usum docentium et discentium. Cum privilegio regis Poloniae et electoris Saxonici.",noscemus_928139,noscemus_928139_5409,"cuniculis & in labyrinthum anfractuosae iudicantur fistulae, si non alte descendit specillum, & nihilominus plus sanioi effluit, quam tam exigui ulceris ratio ferat:","multis, inquit. | cuniculis & in labyrinthum anfractuosae iudicantur fistulae, si non alte descendit specillum, & nihilominus plus sanioi effluit, quam tam exigui ulceris ratio ferat: | an uero tortuosa sit, opus est, ut id recte cognoscamus.",medical_anatomical,"[{'char_end': 9, 'char_start': 0, 'lemma': 'cuniculus', 'pos': 'NOUN', 'sentence_id': 'noscemus_928139_5409', 'token_id': 138332261, 'token_text': 'cuniculis'}
 {'char_end': 11, 'char_start': 10, 'lemma': '&', 'pos': 'PUNCT', 'sentence_id': 'noscemus_928139_5409', 'token_id': 138332262, 'token_text': '&'}
 {'char_end': 14, 'char_start': 12, 'lemma': 'in', 'pos': 'ADP', 'sentence_id': 'noscemus_928139_5409', 'token_id': 138332263, 'token_text': 'in'}
 {'char_end': 26, 'char_start': 15, 'lemma': 'labyrinthus', 'pos': 'NOUN', 'sentence_id': 'noscemus_928139_5409', 'token_id': 138332264, 'token_text': 'labyrinthum'}
 {'char_end': 39, 'char_start': 27, 'lemma': 'anfractuosa', 'pos': 'ADJ', 'sentence_id': 'noscemus_928139_5409', 'token_id': 138332265, 'token_text': 'anfractuosae'}
 {'char_end': 50, 'char_start': 40, 'lemma': 'iudico', 'pos': 'VERB', 'sentence_id': 'noscemus_928139_5409', 'token_id': 138332266, 'token_text': 'iudicantur'}
 {'char_end': 59, 'char_start': 51, 'lemma': 'fistula', 'pos': 'NOUN', 'sentence_id': 'noscemus_928139_5409', 'token_id': 138332267, 'token_text': 'fistulae'}
 {'char_end': 60, 'char_start': 59, 'lemma': ',', 'pos': 'PUNCT', 'sentence_id': 'noscemus_928139_5409', 'token_id': 138332268, 'token_text': ','}
 {'char_end': 63, 'char_start': 61, 'lemma': 'si', 'pos': 'SCONJ', 'sentence_id': 'noscemus_928139_5409', 'token_id': 138332269, 'token_text': 'si'}
 {'char_end': 67, 'char_start': 64, 'lemma': 'non', 'pos': 'PART', 'sentence_id': 'noscemus_928139_5409', 'token_id': 138332270, 'token_text': 'non'}
 {'char_end': 72, 'char_start': 68, 'lemma': 'alte', 'pos': 'ADV', 'sentence_id': 'noscemus_928139_5409', 'token_id': 138332271, 'token_text': 'alte'}
 {'char_end': 82, 'char_start': 73, 'lemma': 'descendo', 'pos': 'VERB', 'sentence_id': 'noscemus_928139_5409', 'token_id': 138332272, 'token_text': 'descendit'}
 {'char_end': 92, 'char_start': 83, 'lemma': 'specillum', 'pos': 'ADJ', 'sentence_id': 'noscemus_928139_5409', 'token_id': 138332273, 'token_text': 'specillum'}
 {'char_end': 93, 'char_start': 92, 'lemma': ',', 'pos': 'PUNCT', 'sentence_id': 'noscemus_928139_5409', 'token_id': 138332274, 'token_text': ','}
 {'char_end': 95, 'char_start': 94, 'lemma': '&', 'pos': 'PUNCT', 'sentence_id': 'noscemus_928139_5409', 'token_id': 138332275, 'token_text': '&'}
 {'char_end': 107, 'char_start': 96, 'lemma': 'nihilominus', 'pos': 'ADV', 'sentence_id': 'noscemus_928139_5409', 'token_id': 138332276, 'token_text': 'nihilominus'}
 {'char_end': 112, 'char_start': 108, 'lemma': 'plus', 'pos': 'ADV', 'sentence_id': 'noscemus_928139_5409', 'token_id': 138332277, 'token_text': 'plus'}
 {'char_end': 119, 'char_start': 113, 'lemma': 'sanioi', 'pos': 'VERB', 'sentence_id': 'noscemus_928139_5409', 'token_id': 138332278, 'token_text': 'sanioi'}
 {'char_end': 127, 'char_start': 120, 'lemma': 'effluo', 'pos': 'VERB', 'sentence_id': 'noscemus_928139_5409', 'token_id': 138332279, 'token_text': 'effluit'}
 {'char_end': 128, 'char_start': 127, 'lemma': ',', 'pos': 'PUNCT', 'sentence_id': 'noscemus_928139_5409', 'token_id': 138332280, 'token_text': ','}
 {'char_end': 133, 'char_start': 129, 'lemma': 'quam', 'pos': 'PRON', 'sentence_id': 'noscemus_928139_5409', 'token_id': 138332281, 'token_text': 'quam'}
 {'char_end': 137, 'char_start': 134, 'lemma': 'tam', 'pos': 'ADV', 'sentence_id': 'noscemus_928139_5409', 'token_id': 138332282, 'token_text': 'tam'}
 {'char_end': 144, 'char_start': 138, 'lemma': 'exiguus', 'pos': 'ADJ', 'sentence_id': 'noscemus_928139_5409', 'token_id': 138332283, 'token_text': 'exigui'}
 {'char_end': 152, 'char_start': 145, 'lemma': 'ulcus', 'pos': 'NOUN', 'sentence_id': 'noscemus_928139_5409', 'token_id': 138332284, 'token_text': 'ulceris'}
 {'char_end': 158, 'char_start': 153, 'lemma': 'ratio', 'pos': 'NOUN', 'sentence_id': 'noscemus_928139_5409', 'token_id': 138332285, 'token_text': 'ratio'}
 {'char_end': 164, 'char_start': 159, 'lemma': 'fero', 'pos': 'VERB', 'sentence_id': 'noscemus_928139_5409', 'token_id': 138332286, 'token_text': 'ferat'}
 {'char_end': 165, 'char_start': 164, 'lemma': ':', 'pos': 'PUNCT', 'sentence_id': 'noscemus_928139_5409', 'token_id': 138332287, 'token_text': ':'}]","[{'char_end': 9, 'char_start': 8, 'lemma': '.', 'pos': 'PUNCT', 'sentence_id': 'noscemus_928139_5406', 'token_id': 138332254, 'token_text': '.'}
 {'char_end': 5, 'char_start': 0, 'lemma': '', 'pos': 'NUM', 'sentence_id': 'noscemus_928139_5407', 'token_id': 138332255, 'token_text': 'Xxiii'}
 {'char_end': 6, 'char_start': 5, 'lemma': '.', 'pos': 'PUNCT', 'sentence_id': 'noscemus_928139_5407', 'token_id': 138332256, 'token_text': '.'}
 {'char_end': 6, 'char_start': 0, 'lemma': 'multus', 'pos': 'DET', 'sentence_id': 'noscemus_928139_5408', 'token_id': 138332257, 'token_text': 'multis'}
 {'char_end': 7, 'char_start': 6, 'lemma': ',', 'pos': 'PUNCT', 'sentence_id': 'noscemus_928139_5408', 'token_id': 138332258, 'token_text': ','}
 {'char_end': 14, 'char_start': 8, 'lemma': 'inquam', 'pos': 'VERB', 'sentence_id': 'noscemus_928139_5408', 'token_id': 138332259, 'token_text': 'inquit'}
 {'char_end': 15, 'char_start': 14, 'lemma': '.', 'pos': 'PUNCT', 'sentence_id': 'noscemus_928139_5408', 'token_id': 138332260, 'token_text': '.'}
 {'char_end': 9, 'char_start': 0, 'lemma': 'cuniculus', 'pos': 'NOUN', 'sentence_id': 'noscemus_928139_5409', 'token_id': 138332261, 'token_text': 'cuniculis'}
 {'char_end': 11, 'char_start': 10, 'lemma': '&', 'pos': 'PUNCT', 'sentence_id': 'noscemus_928139_5409', 'token_id': 138332262, 'token_text': '&'}
 {'char_end': 14, 'char_start': 12, 'lemma': 'in', 'pos': 'ADP', 'sentence_id': 'noscemus_928139_5409', 'token_id': 138332263, 'token_text': 'in'}
 {'char_end': 26, 'char_start': 15, 'lemma': 'labyrinthus', 'pos': 'NOUN', 'sentence_id': 'noscemus_928139_5409', 'token_id': 138332264, 'token_text': 'labyrinthum'}
 {'char_end': 39, 'char_start': 27, 'lemma': 'anfractuosa', 'pos': 'ADJ', 'sentence_id': 'noscemus_928139_5409', 'token_id': 138332265, 'token_text': 'anfractuosae'}
 {'char_end': 50, 'char_start': 40, 'lemma': 'iudico', 'pos': 'VERB', 'sentence_id': 'noscemus_928139_5409', 'token_id': 138332266, 'token_text': 'iudicantur'}
 {'char_end': 59, 'char_start': 51, 'lemma': 'fistula', 'pos': 'NOUN', 'sentence_id': 'noscemus_928139_5409', 'token_id': 138332267, 'token_text': 'fistulae'}
 {'char_end': 60, 'char_start': 59, 'lemma': ',', 'pos': 'PUNCT', 'sentence_id': 'noscemus_928139_5409', 'token_id': 138332268, 'token_text': ','}
 {'char_end': 63, 'char_start': 61, 'lemma': 'si', 'pos': 'SCONJ', 'sentence_id': 'noscemus_928139_5409', 'token_id': 138332269, 'token_text': 'si'}
 {'char_end': 67, 'char_start': 64, 'lemma': 'non', 'pos': 'PART', 'sentence_id': 'noscemus_928139_5409', 'token_id': 138332270, 'token_text': 'non'}
 {'char_end': 72, 'char_start': 68, 'lemma': 'alte', 'pos': 'ADV', 'sentence_id': 'noscemus_928139_5409', 'token_id': 138332271, 'token_text': 'alte'}
 {'char_end': 82, 'char_start': 73, 'lemma': 'descendo', 'pos': 'VERB', 'sentence_id': 'noscemus_928139_5409', 'token_id': 138332272, 'token_text': 'descendit'}
 {'char_end': 92, 'char_start': 83, 'lemma': 'specillum', 'pos': 'ADJ', 'sentence_id': 'noscemus_928139_5409', 'token_id': 138332273, 'token_text': 'specillum'}
 {'char_end': 93, 'char_start': 92, 'lemma': ',', 'pos': 'PUNCT', 'sentence_id': 'noscemus_928139_5409', 'token_id': 138332274, 'token_text': ','}]",1718.0,1740.0,1736.0,,,Encyclopedic work,Medicine,138332264,15,26
669,"Heister, Lorenz","Domini Laurentii Heisteri anatomiae, chirurgiae ac theoricae medicinae professoris publici Altorfini, Academiae Caesareae et Regiae Berolinensis collegae, Compendium anatomicum veterum recentiorumque observationes et inventa brevissime complectens, in usum praecipue auditorum suorum concinnatum",noscemus_746790,noscemus_746790_654,"ossicula auditus malleum, incudem, stapedem & labyrinthum. 34.","sinus in apophysi mastoidea: | ossicula auditus malleum, incudem, stapedem & labyrinthum. 34. | Os Occipitale sextum craniios, in quo situm, figuram, statum in infante, connexionem, crassitiem, apophyses duas coronoides.",medical_anatomical,"[{'char_end': 8, 'char_start': 0, 'lemma': 'ossiculum', 'pos': 'NOUN', 'sentence_id': 'noscemus_746790_654', 'token_id': 61132964, 'token_text': 'ossicula'}
 {'char_end': 16, 'char_start': 9, 'lemma': 'auditus', 'pos': 'NOUN', 'sentence_id': 'noscemus_746790_654', 'token_id': 61132965, 'token_text': 'auditus'}
 {'char_end': 24, 'char_start': 17, 'lemma': 'malleus', 'pos': 'NOUN', 'sentence_id': 'noscemus_746790_654', 'token_id': 61132966, 'token_text': 'malleum'}
 {'char_end': 25, 'char_start': 24, 'lemma': ',', 'pos': 'PUNCT', 'sentence_id': 'noscemus_746790_654', 'token_id': 61132967, 'token_text': ','}
 {'char_end': 33, 'char_start': 26, 'lemma': 'incus', 'pos': 'NOUN', 'sentence_id': 'noscemus_746790_654', 'token_id': 61132968, 'token_text': 'incudem'}
 {'char_end': 34, 'char_start': 33, 'lemma': ',', 'pos': 'PUNCT', 'sentence_id': 'noscemus_746790_654', 'token_id': 61132969, 'token_text': ','}
 {'char_end': 43, 'char_start': 35, 'lemma': 'stapes', 'pos': 'NOUN', 'sentence_id': 'noscemus_746790_654', 'token_id': 61132970, 'token_text': 'stapedem'}
 {'char_end': 45, 'char_start': 44, 'lemma': '&', 'pos': 'PUNCT', 'sentence_id': 'noscemus_746790_654', 'token_id': 61132971, 'token_text': '&'}
 {'char_end': 57, 'char_start': 46, 'lemma': 'labyrinthus', 'pos': 'ADJ', 'sentence_id': 'noscemus_746790_654', 'token_id': 61132972, 'token_text': 'labyrinthum'}
 {'char_end': 58, 'char_start': 57, 'lemma': '.', 'pos': 'PUNCT', 'sentence_id': 'noscemus_746790_654', 'token_id': 61132973, 'token_text': '.'}
 {'char_end': 61, 'char_start': 59, 'lemma': '34', 'pos': 'NUM', 'sentence_id': 'noscemus_746790_654', 'token_id': 61132974, 'token_text': '34'}
 {'char_end': 62, 'char_start': 61, 'lemma': '.', 'pos': 'PUNCT', 'sentence_id': 'noscemus_746790_654', 'token_id': 61132975, 'token_text': '.'}]","[{'char_end': 27, 'char_start': 18, 'lemma': 'mastoideus', 'pos': 'ADJ', 'sentence_id': 'noscemus_746790_653', 'token_id': 61132962, 'token_text': 'mastoidea'}
 {'char_end': 28, 'char_start': 27, 'lemma': ':', 'pos': 'PUNCT', 'sentence_id': 'noscemus_746790_653', 'token_id': 61132963, 'token_text': ':'}
 {'char_end': 8, 'char_start': 0, 'lemma': 'ossiculum', 'pos': 'NOUN', 'sentence_id': 'noscemus_746790_654', 'token_id': 61132964, 'token_text': 'ossicula'}
 {'char_end': 16, 'char_start': 9, 'lemma': 'auditus', 'pos': 'NOUN', 'sentence_id': 'noscemus_746790_654', 'token_id': 61132965, 'token_text': 'auditus'}
 {'char_end': 24, 'char_start': 17, 'lemma': 'malleus', 'pos': 'NOUN', 'sentence_id': 'noscemus_746790_654', 'token_id': 61132966, 'token_text': 'malleum'}
 {'char_end': 25, 'char_start': 24, 'lemma': ',', 'pos': 'PUNCT', 'sentence_id': 'noscemus_746790_654', 'token_id': 61132967, 'token_text': ','}
 {'char_end': 33, 'char_start': 26, 'lemma': 'incus', 'pos': 'NOUN', 'sentence_id': 'noscemus_746790_654', 'token_id': 61132968, 'token_text': 'incudem'}
 {'char_end': 34, 'char_start': 33, 'lemma': ',', 'pos': 'PUNCT', 'sentence_id': 'noscemus_746790_654', 'token_id': 61132969, 'token_text': ','}
 {'char_end': 43, 'char_start': 35, 'lemma': 'stapes', 'pos': 'NOUN', 'sentence_id': 'noscemus_746790_654', 'token_id': 61132970, 'token_text': 'stapedem'}
 {'char_end': 45, 'char_start': 44, 'lemma': '&', 'pos': 'PUNCT', 'sentence_id': 'noscemus_746790_654', 'token_id': 61132971, 'token_text': '&'}
 {'char_end': 57, 'char_start': 46, 'lemma': 'labyrinthus', 'pos': 'ADJ', 'sentence_id': 'noscemus_746790_654', 'token_id': 61132972, 'token_text': 'labyrinthum'}
 {'char_end': 58, 'char_start': 57, 'lemma': '.', 'pos': 'PUNCT', 'sentence_id': 'noscemus_746790_654', 'token_id': 61132973, 'token_text': '.'}
 {'char_end': 61, 'char_start': 59, 'lemma': '34', 'pos': 'NUM', 'sentence_id': 'noscemus_746790_654', 'token_id': 61132974, 'token_text': '34'}
 {'char_end': 62, 'char_start': 61, 'lemma': '.', 'pos': 'PUNCT', 'sentence_id': 'noscemus_746790_654', 'token_id': 61132975, 'token_text': '.'}
 {'char_end': 2, 'char_start': 0, 'lemma': 'os', 'pos': 'NOUN', 'sentence_id': 'noscemus_746790_655', 'token_id': 61132976, 'token_text': 'Os'}
 {'char_end': 13, 'char_start': 3, 'lemma': 'occipitalis', 'pos': 'ADJ', 'sentence_id': 'noscemus_746790_655', 'token_id': 61132977, 'token_text': 'Occipitale'}
 {'char_end': 20, 'char_start': 14, 'lemma': 'sextus', 'pos': 'ADJ', 'sentence_id': 'noscemus_746790_655', 'token_id': 61132978, 'token_text': 'sextum'}
 {'char_end': 29, 'char_start': 21, 'lemma': 'craniius', 'pos': 'NOUN', 'sentence_id': 'noscemus_746790_655', 'token_id': 61132979, 'token_text': 'craniios'}
 {'char_end': 30, 'char_start': 29, 'lemma': ',', 'pos': 'PUNCT', 'sentence_id': 'noscemus_746790_655', 'token_id': 61132980, 'token_text': ','}
 {'char_end': 33, 'char_start': 31, 'lemma': 'in', 'pos': 'ADP', 'sentence_id': 'noscemus_746790_655', 'token_id': 61132981, 'token_text': 'in'}
 {'char_end': 37, 'char_start': 34, 'lemma': 'qui', 'pos': 'PRON', 'sentence_id': 'noscemus_746790_655', 'token_id': 61132982, 'token_text': 'quo'}]",1717.0,1717.0,1717.0,,,Textbook,Medicine,61132972,46,57
31,Joannes Saresberiensisc.1120–1180 ,Epistolae,cc_11583,cc_11583_2808,"Urunt eum undique sollicitudines, sed bellum quod aduersus Christum et Ecclesiam exercet, ulterius praegrauat, et ei uidetur inextricabilis labyrinthus et exsecrabilis labor.","Xix). | Urunt eum undique sollicitudines, sed bellum quod aduersus Christum et Ecclesiam exercet, ulterius praegrauat, et ei uidetur inextricabilis labyrinthus et exsecrabilis labor. | Accitis ergo nuper ad colloquium Chinonense magnatibus suis cum familiaribus, qui rerum malarum industriam habere dignoscuntur et usum, et sapientes sunt ut dictent et faciant mala, studiosius inquisiuit, cum promissis, minis, et obtestatione quamplurima, quonam consilio sibi utendum esset aduersus Ecclesiam, de Cantuariensi archiepiscopo grauissime conquerens, non sine gemitibus et suspiriis multis:",confusion_metaphorics,"[{'char_end': 5, 'char_start': 0, 'lemma': 'uro', 'pos': 'VERB', 'sentence_id': 'cc_11583_2808', 'token_id': 257764860, 'token_text': 'Urunt'}
 {'char_end': 9, 'char_start': 6, 'lemma': 'is', 'pos': 'PRON', 'sentence_id': 'cc_11583_2808', 'token_id': 257764861, 'token_text': 'eum'}
 {'char_end': 17, 'char_start': 10, 'lemma': 'undique', 'pos': 'ADV', 'sentence_id': 'cc_11583_2808', 'token_id': 257764862, 'token_text': 'undique'}
 {'char_end': 32, 'char_start': 18, 'lemma': 'sollicitudo', 'pos': 'NOUN', 'sentence_id': 'cc_11583_2808', 'token_id': 257764863, 'token_text': 'sollicitudines'}
 {'char_end': 33, 'char_start': 32, 'lemma': ',', 'pos': 'PUNCT', 'sentence_id': 'cc_11583_2808', 'token_id': 257764864, 'token_text': ','}
 {'char_end': 37, 'char_start': 34, 'lemma': 'sed', 'pos': 'CCONJ', 'sentence_id': 'cc_11583_2808', 'token_id': 257764865, 'token_text': 'sed'}
 {'char_end': 44, 'char_start': 38, 'lemma': 'bellum', 'pos': 'NOUN', 'sentence_id': 'cc_11583_2808', 'token_id': 257764866, 'token_text': 'bellum'}
 {'char_end': 49, 'char_start': 45, 'lemma': 'qui', 'pos': 'PRON', 'sentence_id': 'cc_11583_2808', 'token_id': 257764867, 'token_text': 'quod'}
 {'char_end': 58, 'char_start': 50, 'lemma': 'aduersus', 'pos': 'ADP', 'sentence_id': 'cc_11583_2808', 'token_id': 257764868, 'token_text': 'aduersus'}
 {'char_end': 67, 'char_start': 59, 'lemma': 'Christus', 'pos': 'PROPN', 'sentence_id': 'cc_11583_2808', 'token_id': 257764869, 'token_text': 'Christum'}
 {'char_end': 70, 'char_start': 68, 'lemma': 'et', 'pos': 'CCONJ', 'sentence_id': 'cc_11583_2808', 'token_id': 257764870, 'token_text': 'et'}
 {'char_end': 80, 'char_start': 71, 'lemma': 'ecclesia', 'pos': 'NOUN', 'sentence_id': 'cc_11583_2808', 'token_id': 257764871, 'token_text': 'Ecclesiam'}
 {'char_end': 88, 'char_start': 81, 'lemma': 'exerceo', 'pos': 'VERB', 'sentence_id': 'cc_11583_2808', 'token_id': 257764872, 'token_text': 'exercet'}
 {'char_end': 89, 'char_start': 88, 'lemma': ',', 'pos': 'PUNCT', 'sentence_id': 'cc_11583_2808', 'token_id': 257764873, 'token_text': ','}
 {'char_end': 98, 'char_start': 90, 'lemma': 'ulterior', 'pos': 'ADV', 'sentence_id': 'cc_11583_2808', 'token_id': 257764874, 'token_text': 'ulterius'}
 {'char_end': 109, 'char_start': 99, 'lemma': 'praegrauo', 'pos': 'VERB', 'sentence_id': 'cc_11583_2808', 'token_id': 257764875, 'token_text': 'praegrauat'}
 {'char_end': 110, 'char_start': 109, 'lemma': ',', 'pos': 'PUNCT', 'sentence_id': 'cc_11583_2808', 'token_id': 257764876, 'token_text': ','}
 {'char_end': 113, 'char_start': 111, 'lemma': 'et', 'pos': 'CCONJ', 'sentence_id': 'cc_11583_2808', 'token_id': 257764877, 'token_text': 'et'}
 {'char_end': 116, 'char_start': 114, 'lemma': 'is', 'pos': 'PRON', 'sentence_id': 'cc_11583_2808', 'token_id': 257764878, 'token_text': 'ei'}
 {'char_end': 124, 'char_start': 117, 'lemma': 'uideo', 'pos': 'VERB', 'sentence_id': 'cc_11583_2808', 'token_id': 257764879, 'token_text': 'uidetur'}
 {'char_end': 139, 'char_start': 125, 'lemma': 'inextricabilis', 'pos': 'ADJ', 'sentence_id': 'cc_11583_2808', 'token_id': 257764880, 'token_text': 'inextricabilis'}
 {'char_end': 151, 'char_start': 140, 'lemma': 'labyrinthus', 'pos': 'NOUN', 'sentence_id': 'cc_11583_2808', 'token_id': 257764881, 'token_text': 'labyrinthus'}
 {'char_end': 154, 'char_start': 152, 'lemma': 'et', 'pos': 'CCONJ', 'sentence_id': 'cc_11583_2808', 'token_id': 257764882, 'token_text': 'et'}
 {'char_end': 167, 'char_start': 155, 'lemma': 'exsecrabilis', 'pos': 'ADJ', 'sentence_id': 'cc_11583_2808', 'token_id': 257764883, 'token_text': 'exsecrabilis'}
 {'char_end': 173, 'char_start': 168, 'lemma': 'labor', 'pos': 'NOUN', 'sentence_id': 'cc_11583_2808', 'token_id': 257764884, 'token_text': 'labor'}
 {'char_end': 174, 'char_start': 173, 'lemma': '.', 'pos': 'PUNCT', 'sentence_id': 'cc_11583_2808', 'token_id': 257764885, 'token_text': '.'}]","[{'char_end': 80, 'char_start': 71, 'lemma': 'ecclesia', 'pos': 'NOUN', 'sentence_id': 'cc_11583_2808', 'token_id': 257764871, 'token_text': 'Ecclesiam'}
 {'char_end': 88, 'char_start': 81, 'lemma': 'exerceo', 'pos': 'VERB', 'sentence_id': 'cc_11583_2808', 'token_id': 257764872, 'token_text': 'exercet'}
 {'char_end': 89, 'char_start': 88, 'lemma': ',', 'pos': 'PUNCT', 'sentence_id': 'cc_11583_2808', 'token_id': 257764873, 'token_text': ','}
 {'char_end': 98, 'char_start': 90, 'lemma': 'ulterior', 'pos': 'ADV', 'sentence_id': 'cc_11583_2808', 'token_id': 257764874, 'token_text': 'ulterius'}
 {'char_end': 109, 'char_start': 99, 'lemma': 'praegrauo', 'pos': 'VERB', 'sentence_id': 'cc_11583_2808', 'token_id': 257764875, 'token_text': 'praegrauat'}
 {'char_end': 110, 'char_start': 109, 'lemma': ',', 'pos': 'PUNCT', 'sentence_id': 'cc_11583_2808', 'token_id': 257764876, 'token_text': ','}
 {'char_end': 113, 'char_start': 111, 'lemma': 'et', 'pos': 'CCONJ', 'sentence_id': 'cc_11583_2808', 'token_id': 257764877, 'token_text': 'et'}
 {'char_end': 116, 'char_start': 114, 'lemma': 'is', 'pos': 'PRON', 'sentence_id': 'cc_11583_2808', 'token_id': 257764878, 'token_text': 'ei'}
 {'char_end': 124, 'char_start': 117, 'lemma': 'uideo', 'pos': 'VERB', 'sentence_id': 'cc_11583_2808', 'token_id': 257764879, 'token_text': 'uidetur'}
 {'char_end': 139, 'char_start': 125, 'lemma': 'inextricabilis', 'pos': 'ADJ', 'sentence_id': 'cc_11583_2808', 'token_id': 257764880, 'token_text': 'inextricabilis'}
 {'char_end': 151, 'char_start': 140, 'lemma': 'labyrinthus', 'pos': 'NOUN', 'sentence_id': 'cc_11583_2808', 'token_id': 257764881, 'token_text': 'labyrinthus'}
 {'char_end': 154, 'char_start': 152, 'lemma': 'et', 'pos': 'CCONJ', 'sentence_id': 'cc_11583_2808', 'token_id': 257764882, 'token_text': 'et'}
 {'char_end': 167, 'char_start': 155, 'lemma': 'exsecrabilis', 'pos': 'ADJ', 'sentence_id': 'cc_11583_2808', 'token_id': 257764883, 'token_text': 'exsecrabilis'}
 {'char_end': 173, 'char_start': 168, 'lemma': 'labor', 'pos': 'NOUN', 'sentence_id': 'cc_11583_2808', 'token_id': 257764884, 'token_text': 'labor'}
 {'char_end': 174, 'char_start': 173, 'lemma': '.', 'pos': 'PUNCT', 'sentence_id': 'cc_11583_2808', 'token_id': 257764885, 'token_text': '.'}
 {'char_end': 7, 'char_start': 0, 'lemma': 'accio', 'pos': 'VERB', 'sentence_id': 'cc_11583_2809', 'token_id': 257764886, 'token_text': 'Accitis'}
 {'char_end': 12, 'char_start': 8, 'lemma': 'ergo', 'pos': 'ADV', 'sentence_id': 'cc_11583_2809', 'token_id': 257764887, 'token_text': 'ergo'}
 {'char_end': 18, 'char_start': 13, 'lemma': 'nuper', 'pos': 'ADV', 'sentence_id': 'cc_11583_2809', 'token_id': 257764888, 'token_text': 'nuper'}
 {'char_end': 21, 'char_start': 19, 'lemma': 'ad', 'pos': 'ADP', 'sentence_id': 'cc_11583_2809', 'token_id': 257764889, 'token_text': 'ad'}
 {'char_end': 32, 'char_start': 22, 'lemma': 'colloquium', 'pos': 'NOUN', 'sentence_id': 'cc_11583_2809', 'token_id': 257764890, 'token_text': 'colloquium'}
 {'char_end': 43, 'char_start': 33, 'lemma': 'Chinonensis', 'pos': 'PROPN', 'sentence_id': 'cc_11583_2809', 'token_id': 257764891, 'token_text': 'Chinonense'}]",1120.0,1180.0,1133.0,,,,,257764881,140,151
270,"Paracelsus, Theophrastus von Hohenheim",,emlap_100023,emlap_100023_39,"Quidam enim homines, posteaquam in errorem ac labyrinthum inciderunt, ita grauiter errant, ut neque monoculum illum centaurum, neque exitum erroris inueniant, & isti errant supremo errore, ac suprema ignorantia laborant, quemadmodum caeci, qui plane certi nihil norint.","Opinari autem siue errare & scire, dupliciter intelligitur. | Quidam enim homines, posteaquam in errorem ac labyrinthum inciderunt, ita grauiter errant, ut neque monoculum illum centaurum, neque exitum erroris inueniant, & isti errant supremo errore, ac suprema ignorantia laborant, quemadmodum caeci, qui plane certi nihil norint. | Si igitur errantes, dum saepius ac diu quaerunt, nihil inueniunt, & dum gnauiter laborant, parum proficiunt, tamen nec ad finem labyrinthi perueniunt:",confusion_metaphorics,"[{'char_end': 6, 'char_start': 0, 'lemma': 'quidam', 'pos': 'DET', 'sentence_id': 'emlap_100023_39', 'token_id': 2540601, 'token_text': 'Quidam'}
 {'char_end': 11, 'char_start': 7, 'lemma': 'enim', 'pos': 'PART', 'sentence_id': 'emlap_100023_39', 'token_id': 2540602, 'token_text': 'enim'}
 {'char_end': 19, 'char_start': 12, 'lemma': 'homo', 'pos': 'NOUN', 'sentence_id': 'emlap_100023_39', 'token_id': 2540603, 'token_text': 'homines'}
 {'char_end': 20, 'char_start': 19, 'lemma': ',', 'pos': 'PUNCT', 'sentence_id': 'emlap_100023_39', 'token_id': 2540604, 'token_text': ','}
 {'char_end': 31, 'char_start': 21, 'lemma': 'posteaquam', 'pos': 'SCONJ', 'sentence_id': 'emlap_100023_39', 'token_id': 2540605, 'token_text': 'posteaquam'}
 {'char_end': 34, 'char_start': 32, 'lemma': 'in', 'pos': 'ADP', 'sentence_id': 'emlap_100023_39', 'token_id': 2540606, 'token_text': 'in'}
 {'char_end': 42, 'char_start': 35, 'lemma': 'error', 'pos': 'NOUN', 'sentence_id': 'emlap_100023_39', 'token_id': 2540607, 'token_text': 'errorem'}
 {'char_end': 45, 'char_start': 43, 'lemma': 'atque', 'pos': 'CCONJ', 'sentence_id': 'emlap_100023_39', 'token_id': 2540608, 'token_text': 'ac'}
 {'char_end': 57, 'char_start': 46, 'lemma': 'labyrinthus', 'pos': 'NOUN', 'sentence_id': 'emlap_100023_39', 'token_id': 2540609, 'token_text': 'labyrinthum'}
 {'char_end': 68, 'char_start': 58, 'lemma': 'incido', 'pos': 'VERB', 'sentence_id': 'emlap_100023_39', 'token_id': 2540610, 'token_text': 'inciderunt'}
 {'char_end': 69, 'char_start': 68, 'lemma': ',', 'pos': 'PUNCT', 'sentence_id': 'emlap_100023_39', 'token_id': 2540611, 'token_text': ','}
 {'char_end': 73, 'char_start': 70, 'lemma': 'ita', 'pos': 'ADV', 'sentence_id': 'emlap_100023_39', 'token_id': 2540612, 'token_text': 'ita'}
 {'char_end': 82, 'char_start': 74, 'lemma': 'grauiter', 'pos': 'ADV', 'sentence_id': 'emlap_100023_39', 'token_id': 2540613, 'token_text': 'grauiter'}
 {'char_end': 89, 'char_start': 83, 'lemma': 'erro', 'pos': 'VERB', 'sentence_id': 'emlap_100023_39', 'token_id': 2540614, 'token_text': 'errant'}
 {'char_end': 90, 'char_start': 89, 'lemma': ',', 'pos': 'PUNCT', 'sentence_id': 'emlap_100023_39', 'token_id': 2540615, 'token_text': ','}
 {'char_end': 93, 'char_start': 91, 'lemma': 'ut', 'pos': 'SCONJ', 'sentence_id': 'emlap_100023_39', 'token_id': 2540616, 'token_text': 'ut'}
 {'char_end': 99, 'char_start': 94, 'lemma': 'neque', 'pos': 'CCONJ', 'sentence_id': 'emlap_100023_39', 'token_id': 2540617, 'token_text': 'neque'}
 {'char_end': 109, 'char_start': 100, 'lemma': 'monoculus', 'pos': 'NOUN', 'sentence_id': 'emlap_100023_39', 'token_id': 2540618, 'token_text': 'monoculum'}
 {'char_end': 115, 'char_start': 110, 'lemma': 'ille', 'pos': 'DET', 'sentence_id': 'emlap_100023_39', 'token_id': 2540619, 'token_text': 'illum'}
 {'char_end': 125, 'char_start': 116, 'lemma': 'centaurus', 'pos': 'ADJ', 'sentence_id': 'emlap_100023_39', 'token_id': 2540620, 'token_text': 'centaurum'}
 {'char_end': 126, 'char_start': 125, 'lemma': ',', 'pos': 'PUNCT', 'sentence_id': 'emlap_100023_39', 'token_id': 2540621, 'token_text': ','}
 {'char_end': 132, 'char_start': 127, 'lemma': 'neque', 'pos': 'CCONJ', 'sentence_id': 'emlap_100023_39', 'token_id': 2540622, 'token_text': 'neque'}
 {'char_end': 139, 'char_start': 133, 'lemma': 'exitus', 'pos': 'NOUN', 'sentence_id': 'emlap_100023_39', 'token_id': 2540623, 'token_text': 'exitum'}
 {'char_end': 147, 'char_start': 140, 'lemma': 'error', 'pos': 'NOUN', 'sentence_id': 'emlap_100023_39', 'token_id': 2540624, 'token_text': 'erroris'}
 {'char_end': 157, 'char_start': 148, 'lemma': 'inuenio', 'pos': 'VERB', 'sentence_id': 'emlap_100023_39', 'token_id': 2540625, 'token_text': 'inueniant'}
 {'char_end': 158, 'char_start': 157, 'lemma': ',', 'pos': 'PUNCT', 'sentence_id': 'emlap_100023_39', 'token_id': 2540626, 'token_text': ','}
 {'char_end': 160, 'char_start': 159, 'lemma': '&', 'pos': 'PUNCT', 'sentence_id': 'emlap_100023_39', 'token_id': 2540627, 'token_text': '&'}
 {'char_end': 165, 'char_start': 161, 'lemma': 'eo', 'pos': 'DET', 'sentence_id': 'emlap_100023_39', 'token_id': 2540628, 'token_text': 'isti'}
 {'char_end': 172, 'char_start': 166, 'lemma': 'erro', 'pos': 'VERB', 'sentence_id': 'emlap_100023_39', 'token_id': 2540629, 'token_text': 'errant'}
 {'char_end': 180, 'char_start': 173, 'lemma': 'supremus', 'pos': 'ADJ', 'sentence_id': 'emlap_100023_39', 'token_id': 2540630, 'token_text': 'supremo'}
 {'char_end': 187, 'char_start': 181, 'lemma': 'error', 'pos': 'NOUN', 'sentence_id': 'emlap_100023_39', 'token_id': 2540631, 'token_text': 'errore'}
 {'char_end': 188, 'char_start': 187, 'lemma': ',', 'pos': 'PUNCT', 'sentence_id': 'emlap_100023_39', 'token_id': 2540632, 'token_text': ','}
 {'char_end': 191, 'char_start': 189, 'lemma': 'atque', 'pos': 'CCONJ', 'sentence_id': 'emlap_100023_39', 'token_id': 2540633, 'token_text': 'ac'}
 {'char_end': 199, 'char_start': 192, 'lemma': 'supremus', 'pos': 'ADJ', 'sentence_id': 'emlap_100023_39', 'token_id': 2540634, 'token_text': 'suprema'}
 {'char_end': 210, 'char_start': 200, 'lemma': 'ignorantia', 'pos': 'NOUN', 'sentence_id': 'emlap_100023_39', 'token_id': 2540635, 'token_text': 'ignorantia'}
 {'char_end': 219, 'char_start': 211, 'lemma': 'laboro', 'pos': 'VERB', 'sentence_id': 'emlap_100023_39', 'token_id': 2540636, 'token_text': 'laborant'}
 {'char_end': 220, 'char_start': 219, 'lemma': ',', 'pos': 'PUNCT', 'sentence_id': 'emlap_100023_39', 'token_id': 2540637, 'token_text': ','}
 {'char_end': 232, 'char_start': 221, 'lemma': 'quemadmodum', 'pos': 'SCONJ', 'sentence_id': 'emlap_100023_39', 'token_id': 2540638, 'token_text': 'quemadmodum'}
 {'char_end': 238, 'char_start': 233, 'lemma': 'caecus', 'pos': 'NOUN', 'sentence_id': 'emlap_100023_39', 'token_id': 2540639, 'token_text': 'caeci'}
 {'char_end': 239, 'char_start': 238, 'lemma': ',', 'pos': 'PUNCT', 'sentence_id': 'emlap_100023_39', 'token_id': 2540640, 'token_text': ','}
 {'char_end': 243, 'char_start': 240, 'lemma': 'qui', 'pos': 'PRON', 'sentence_id': 'emlap_100023_39', 'token_id': 2540641, 'token_text': 'qui'}
 {'char_end': 249, 'char_start': 244, 'lemma': 'plane', 'pos': 'ADV', 'sentence_id': 'emlap_100023_39', 'token_id': 2540642, 'token_text': 'plane'}
 {'char_end': 255, 'char_start': 250, 'lemma': 'certus', 'pos': 'ADJ', 'sentence_id': 'emlap_100023_39', 'token_id': 2540643, 'token_text': 'certi'}
 {'char_end': 261, 'char_start': 256, 'lemma': 'nihil', 'pos': 'PRON', 'sentence_id': 'emlap_100023_39', 'token_id': 2540644, 'token_text': 'nihil'}
 {'char_end': 268, 'char_start': 262, 'lemma': 'norum', 'pos': 'VERB', 'sentence_id': 'emlap_100023_39', 'token_id': 2540645, 'token_text': 'norint'}
 {'char_end': 269, 'char_start': 268, 'lemma': '.', 'pos': 'PUNCT', 'sentence_id': 'emlap_100023_39', 'token_id': 2540646, 'token_text': '.'}]","[{'char_end': 58, 'char_start': 46, 'lemma': 'intellego', 'pos': 'VERB', 'sentence_id': 'emlap_100023_38', 'token_id': 2540599, 'token_text': 'intelligitur'}
 {'char_end': 59, 'char_start': 58, 'lemma': '.', 'pos': 'PUNCT', 'sentence_id': 'emlap_100023_38', 'token_id': 2540600, 'token_text': '.'}
 {'char_end': 6, 'char_start': 0, 'lemma': 'quidam', 'pos': 'DET', 'sentence_id': 'emlap_100023_39', 'token_id': 2540601, 'token_text': 'Quidam'}
 {'char_end': 11, 'char_start': 7, 'lemma': 'enim', 'pos': 'PART', 'sentence_id': 'emlap_100023_39', 'token_id': 2540602, 'token_text': 'enim'}
 {'char_end': 19, 'char_start': 12, 'lemma': 'homo', 'pos': 'NOUN', 'sentence_id': 'emlap_100023_39', 'token_id': 2540603, 'token_text': 'homines'}
 {'char_end': 20, 'char_start': 19, 'lemma': ',', 'pos': 'PUNCT', 'sentence_id': 'emlap_100023_39', 'token_id': 2540604, 'token_text': ','}
 {'char_end': 31, 'char_start': 21, 'lemma': 'posteaquam', 'pos': 'SCONJ', 'sentence_id': 'emlap_100023_39', 'token_id': 2540605, 'token_text': 'posteaquam'}
 {'char_end': 34, 'char_start': 32, 'lemma': 'in', 'pos': 'ADP', 'sentence_id': 'emlap_100023_39', 'token_id': 2540606, 'token_text': 'in'}
 {'char_end': 42, 'char_start': 35, 'lemma': 'error', 'pos': 'NOUN', 'sentence_id': 'emlap_100023_39', 'token_id': 2540607, 'token_text': 'errorem'}
 {'char_end': 45, 'char_start': 43, 'lemma': 'atque', 'pos': 'CCONJ', 'sentence_id': 'emlap_100023_39', 'token_id': 2540608, 'token_text': 'ac'}
 {'char_end': 57, 'char_start': 46, 'lemma': 'labyrinthus', 'pos': 'NOUN', 'sentence_id': 'emlap_100023_39', 'token_id': 2540609, 'token_text': 'labyrinthum'}
 {'char_end': 68, 'char_start': 58, 'lemma': 'incido', 'pos': 'VERB', 'sentence_id': 'emlap_100023_39', 'token_id': 2540610, 'token_text': 'inciderunt'}
 {'char_end': 69, 'char_start': 68, 'lemma': ',', 'pos': 'PUNCT', 'sentence_id': 'emlap_100023_39', 'token_id': 2540611, 'token_text': ','}
 {'char_end': 73, 'char_start': 70, 'lemma': 'ita', 'pos': 'ADV', 'sentence_id': 'emlap_100023_39', 'token_id': 2540612, 'token_text': 'ita'}
 {'char_end': 82, 'char_start': 74, 'lemma': 'grauiter', 'pos': 'ADV', 'sentence_id': 'emlap_100023_39', 'token_id': 2540613, 'token_text': 'grauiter'}
 {'char_end': 89, 'char_start': 83, 'lemma': 'erro', 'pos': 'VERB', 'sentence_id': 'emlap_100023_39', 'token_id': 2540614, 'token_text': 'errant'}
 {'char_end': 90, 'char_start': 89, 'lemma': ',', 'pos': 'PUNCT', 'sentence_id': 'emlap_100023_39', 'token_id': 2540615, 'token_text': ','}
 {'char_end': 93, 'char_start': 91, 'lemma': 'ut', 'pos': 'SCONJ', 'sentence_id': 'emlap_100023_39', 'token_id': 2540616, 'token_text': 'ut'}
 {'char_end': 99, 'char_start': 94, 'lemma': 'neque', 'pos': 'CCONJ', 'sentence_id': 'emlap_100023_39', 'token_id': 2540617, 'token_text': 'neque'}
 {'char_end': 109, 'char_start': 100, 'lemma': 'monoculus', 'pos': 'NOUN', 'sentence_id': 'emlap_100023_39', 'token_id': 2540618, 'token_text': 'monoculum'}
 {'char_end': 115, 'char_start': 110, 'lemma': 'ille', 'pos': 'DET', 'sentence_id': 'emlap_100023_39', 'token_id': 2540619, 'token_text': 'illum'}]",1553.0,1553.0,1553.0,,,,,2540609,46,57
103,Sidonius Apollinaris,Carmina,cc_12610,cc_12610_903,"esset si praesens aetas, impenderet illi Lemnias imperium, Cressa stamen labyrinthi, Alceste uitam, Circe herbas, poma Calypso, Scylla comas, Atalanta pedes, Medea furores, Hippodame ceras, cygno Ioue nata coronam;","noua gaudia porto felicis praedae, genetrix, calet ille superbus Ruricius nostris facibus dulcique ueneno tactus uotiuum suspirat corde dolorem. | esset si praesens aetas, impenderet illi Lemnias imperium, Cressa stamen labyrinthi, Alceste uitam, Circe herbas, poma Calypso, Scylla comas, Atalanta pedes, Medea furores, Hippodame ceras, cygno Ioue nata coronam; | huic Dido in ferrum, simul in suspendia Phyllis, Euadne in flammas et Sestias isset in undas.",confusion_metaphorics,"[{'char_end': 5, 'char_start': 0, 'lemma': 'sum', 'pos': 'AUX', 'sentence_id': 'cc_12610_903', 'token_id': 302375814, 'token_text': 'esset'}
 {'char_end': 8, 'char_start': 6, 'lemma': 'si', 'pos': 'SCONJ', 'sentence_id': 'cc_12610_903', 'token_id': 302375815, 'token_text': 'si'}
 {'char_end': 17, 'char_start': 9, 'lemma': 'praesens', 'pos': 'ADJ', 'sentence_id': 'cc_12610_903', 'token_id': 302375816, 'token_text': 'praesens'}
 {'char_end': 23, 'char_start': 18, 'lemma': 'aetas', 'pos': 'NOUN', 'sentence_id': 'cc_12610_903', 'token_id': 302375817, 'token_text': 'aetas'}
 {'char_end': 24, 'char_start': 23, 'lemma': ',', 'pos': 'PUNCT', 'sentence_id': 'cc_12610_903', 'token_id': 302375818, 'token_text': ','}
 {'char_end': 35, 'char_start': 25, 'lemma': 'impendo', 'pos': 'VERB', 'sentence_id': 'cc_12610_903', 'token_id': 302375819, 'token_text': 'impenderet'}
 {'char_end': 40, 'char_start': 36, 'lemma': 'ille', 'pos': 'DET', 'sentence_id': 'cc_12610_903', 'token_id': 302375820, 'token_text': 'illi'}
 {'char_end': 48, 'char_start': 41, 'lemma': 'Lemnia', 'pos': 'NOUN', 'sentence_id': 'cc_12610_903', 'token_id': 302375821, 'token_text': 'Lemnias'}
 {'char_end': 57, 'char_start': 49, 'lemma': 'imperium', 'pos': 'NOUN', 'sentence_id': 'cc_12610_903', 'token_id': 302375822, 'token_text': 'imperium'}
 {'char_end': 58, 'char_start': 57, 'lemma': ',', 'pos': 'PUNCT', 'sentence_id': 'cc_12610_903', 'token_id': 302375823, 'token_text': ','}
 {'char_end': 65, 'char_start': 59, 'lemma': 'cressus', 'pos': 'VERB', 'sentence_id': 'cc_12610_903', 'token_id': 302375824, 'token_text': 'Cressa'}
 {'char_end': 72, 'char_start': 66, 'lemma': 'stamen', 'pos': 'NOUN', 'sentence_id': 'cc_12610_903', 'token_id': 302375825, 'token_text': 'stamen'}
 {'char_end': 83, 'char_start': 73, 'lemma': 'labyrinthus', 'pos': 'ADJ', 'sentence_id': 'cc_12610_903', 'token_id': 302375826, 'token_text': 'labyrinthi'}
 {'char_end': 84, 'char_start': 83, 'lemma': ',', 'pos': 'PUNCT', 'sentence_id': 'cc_12610_903', 'token_id': 302375827, 'token_text': ','}
 {'char_end': 92, 'char_start': 85, 'lemma': 'alceste', 'pos': 'PROPN', 'sentence_id': 'cc_12610_903', 'token_id': 302375828, 'token_text': 'Alceste'}
 {'char_end': 98, 'char_start': 93, 'lemma': 'uita', 'pos': 'NOUN', 'sentence_id': 'cc_12610_903', 'token_id': 302375829, 'token_text': 'uitam'}
 {'char_end': 99, 'char_start': 98, 'lemma': ',', 'pos': 'PUNCT', 'sentence_id': 'cc_12610_903', 'token_id': 302375830, 'token_text': ','}
 {'char_end': 105, 'char_start': 100, 'lemma': 'Circe', 'pos': 'PROPN', 'sentence_id': 'cc_12610_903', 'token_id': 302375831, 'token_text': 'Circe'}
 {'char_end': 112, 'char_start': 106, 'lemma': 'herba', 'pos': 'NOUN', 'sentence_id': 'cc_12610_903', 'token_id': 302375832, 'token_text': 'herbas'}
 {'char_end': 113, 'char_start': 112, 'lemma': ',', 'pos': 'PUNCT', 'sentence_id': 'cc_12610_903', 'token_id': 302375833, 'token_text': ','}
 {'char_end': 118, 'char_start': 114, 'lemma': 'pomum', 'pos': 'NOUN', 'sentence_id': 'cc_12610_903', 'token_id': 302375834, 'token_text': 'poma'}
 {'char_end': 126, 'char_start': 119, 'lemma': 'Calypso', 'pos': 'PROPN', 'sentence_id': 'cc_12610_903', 'token_id': 302375835, 'token_text': 'Calypso'}
 {'char_end': 127, 'char_start': 126, 'lemma': ',', 'pos': 'PUNCT', 'sentence_id': 'cc_12610_903', 'token_id': 302375836, 'token_text': ','}
 {'char_end': 134, 'char_start': 128, 'lemma': 'Scylla', 'pos': 'PROPN', 'sentence_id': 'cc_12610_903', 'token_id': 302375837, 'token_text': 'Scylla'}
 {'char_end': 140, 'char_start': 135, 'lemma': 'coma', 'pos': 'NOUN', 'sentence_id': 'cc_12610_903', 'token_id': 302375838, 'token_text': 'comas'}
 {'char_end': 141, 'char_start': 140, 'lemma': ',', 'pos': 'PUNCT', 'sentence_id': 'cc_12610_903', 'token_id': 302375839, 'token_text': ','}
 {'char_end': 150, 'char_start': 142, 'lemma': 'Atalanta', 'pos': 'PROPN', 'sentence_id': 'cc_12610_903', 'token_id': 302375840, 'token_text': 'Atalanta'}
 {'char_end': 156, 'char_start': 151, 'lemma': 'pes', 'pos': 'NOUN', 'sentence_id': 'cc_12610_903', 'token_id': 302375841, 'token_text': 'pedes'}
 {'char_end': 157, 'char_start': 156, 'lemma': ',', 'pos': 'PUNCT', 'sentence_id': 'cc_12610_903', 'token_id': 302375842, 'token_text': ','}
 {'char_end': 163, 'char_start': 158, 'lemma': 'medea', 'pos': 'DET', 'sentence_id': 'cc_12610_903', 'token_id': 302375843, 'token_text': 'Medea'}
 {'char_end': 171, 'char_start': 164, 'lemma': 'furor', 'pos': 'NOUN', 'sentence_id': 'cc_12610_903', 'token_id': 302375844, 'token_text': 'furores'}
 {'char_end': 172, 'char_start': 171, 'lemma': ',', 'pos': 'PUNCT', 'sentence_id': 'cc_12610_903', 'token_id': 302375845, 'token_text': ','}
 {'char_end': 182, 'char_start': 173, 'lemma': 'Hippodame', 'pos': 'PROPN', 'sentence_id': 'cc_12610_903', 'token_id': 302375846, 'token_text': 'Hippodame'}
 {'char_end': 188, 'char_start': 183, 'lemma': 'cera', 'pos': 'VERB', 'sentence_id': 'cc_12610_903', 'token_id': 302375847, 'token_text': 'ceras'}
 {'char_end': 189, 'char_start': 188, 'lemma': ',', 'pos': 'PUNCT', 'sentence_id': 'cc_12610_903', 'token_id': 302375848, 'token_text': ','}
 {'char_end': 195, 'char_start': 190, 'lemma': 'cygnus', 'pos': 'ADJ', 'sentence_id': 'cc_12610_903', 'token_id': 302375849, 'token_text': 'cygno'}
 {'char_end': 200, 'char_start': 196, 'lemma': 'Iuppiter', 'pos': 'PROPN', 'sentence_id': 'cc_12610_903', 'token_id': 302375850, 'token_text': 'Ioue'}
 {'char_end': 205, 'char_start': 201, 'lemma': 'nascor', 'pos': 'VERB', 'sentence_id': 'cc_12610_903', 'token_id': 302375851, 'token_text': 'nata'}
 {'char_end': 213, 'char_start': 206, 'lemma': 'corona', 'pos': 'NOUN', 'sentence_id': 'cc_12610_903', 'token_id': 302375852, 'token_text': 'coronam'}
 {'char_end': 214, 'char_start': 213, 'lemma': ';', 'pos': 'PUNCT', 'sentence_id': 'cc_12610_903', 'token_id': 302375853, 'token_text': ';'}]","[{'char_end': 17, 'char_start': 9, 'lemma': 'praesens', 'pos': 'ADJ', 'sentence_id': 'cc_12610_903', 'token_id': 302375816, 'token_text': 'praesens'}
 {'char_end': 23, 'char_start': 18, 'lemma': 'aetas', 'pos': 'NOUN', 'sentence_id': 'cc_12610_903', 'token_id': 302375817, 'token_text': 'aetas'}
 {'char_end': 24, 'char_start': 23, 'lemma': ',', 'pos': 'PUNCT', 'sentence_id': 'cc_12610_903', 'token_id': 302375818, 'token_text': ','}
 {'char_end': 35, 'char_start': 25, 'lemma': 'impendo', 'pos': 'VERB', 'sentence_id': 'cc_12610_903', 'token_id': 302375819, 'token_text': 'impenderet'}
 {'char_end': 40, 'char_start': 36, 'lemma': 'ille', 'pos': 'DET', 'sentence_id': 'cc_12610_903', 'token_id': 302375820, 'token_text': 'illi'}
 {'char_end': 48, 'char_start': 41, 'lemma': 'Lemnia', 'pos': 'NOUN', 'sentence_id': 'cc_12610_903', 'token_id': 302375821, 'token_text': 'Lemnias'}
 {'char_end': 57, 'char_start': 49, 'lemma': 'imperium', 'pos': 'NOUN', 'sentence_id': 'cc_12610_903', 'token_id': 302375822, 'token_text': 'imperium'}
 {'char_end': 58, 'char_start': 57, 'lemma': ',', 'pos': 'PUNCT', 'sentence_id': 'cc_12610_903', 'token_id': 302375823, 'token_text': ','}
 {'char_end': 65, 'char_start': 59, 'lemma': 'cressus', 'pos': 'VERB', 'sentence_id': 'cc_12610_903', 'token_id': 302375824, 'token_text': 'Cressa'}
 {'char_end': 72, 'char_start': 66, 'lemma': 'stamen', 'pos': 'NOUN', 'sentence_id': 'cc_12610_903', 'token_id': 302375825, 'token_text': 'stamen'}
 {'char_end': 83, 'char_start': 73, 'lemma': 'labyrinthus', 'pos': 'ADJ', 'sentence_id': 'cc_12610_903', 'token_id': 302375826, 'token_text': 'labyrinthi'}
 {'char_end': 84, 'char_start': 83, 'lemma': ',', 'pos': 'PUNCT', 'sentence_id': 'cc_12610_903', 'token_id': 302375827, 'token_text': ','}
 {'char_end': 92, 'char_start': 85, 'lemma': 'alceste', 'pos': 'PROPN', 'sentence_id': 'cc_12610_903', 'token_id': 302375828, 'token_text': 'Alceste'}
 {'char_end': 98, 'char_start': 93, 'lemma': 'uita', 'pos': 'NOUN', 'sentence_id': 'cc_12610_903', 'token_id': 302375829, 'token_text': 'uitam'}
 {'char_end': 99, 'char_start': 98, 'lemma': ',', 'pos': 'PUNCT', 'sentence_id': 'cc_12610_903', 'token_id': 302375830, 'token_text': ','}
 {'char_end': 105, 'char_start': 100, 'lemma': 'Circe', 'pos': 'PROPN', 'sentence_id': 'cc_12610_903', 'token_id': 302375831, 'token_text': 'Circe'}
 {'char_end': 112, 'char_start': 106, 'lemma': 'herba', 'pos': 'NOUN', 'sentence_id': 'cc_12610_903', 'token_id': 302375832, 'token_text': 'herbas'}
 {'char_end': 113, 'char_start': 112, 'lemma': ',', 'pos': 'PUNCT', 'sentence_id': 'cc_12610_903', 'token_id': 302375833, 'token_text': ','}
 {'char_end': 118, 'char_start': 114, 'lemma': 'pomum', 'pos': 'NOUN', 'sentence_id': 'cc_12610_903', 'token_id': 302375834, 'token_text': 'poma'}
 {'char_end': 126, 'char_start': 119, 'lemma': 'Calypso', 'pos': 'PROPN', 'sentence_id': 'cc_12610_903', 'token_id': 302375835, 'token_text': 'Calypso'}
 {'char_end': 127, 'char_start': 126, 'lemma': ',', 'pos': 'PUNCT', 'sentence_id': 'cc_12610_903', 'token_id': 302375836, 'token_text': ','}]",430.0,480.0,466.0,,,,,302375826,73,83
285,"Paracelsus, Theophrastus von Hohenheim",,emlap_100023,emlap_100023_920,"Et haec de Labyrintho Medicorum errantium, ac recto Medicinae usu, errorisque explicatione, paucis scribere necessarium mihi uisum est, ut sic in errore uersantes Medici citius exeant, & nondum ingressi, diligenter, ne incidant, praecaueant.","Tutum enim est, Deo fidere, & Deo qui fidit, haud facile in labyrinthum incidet, nec aegrotantes suos necabit, perdetue. | Et haec de Labyrintho Medicorum errantium, ac recto Medicinae usu, errorisque explicatione, paucis scribere necessarium mihi uisum est, ut sic in errore uersantes Medici citius exeant, & nondum ingressi, diligenter, ne incidant, praecaueant. | Quae candidus Lector aequo animo accipiet spero:",confusion_metaphorics,"[{'char_end': 2, 'char_start': 0, 'lemma': 'et', 'pos': 'CCONJ', 'sentence_id': 'emlap_100023_920', 'token_id': 2563269, 'token_text': 'Et'}
 {'char_end': 7, 'char_start': 3, 'lemma': 'hic', 'pos': 'DET', 'sentence_id': 'emlap_100023_920', 'token_id': 2563270, 'token_text': 'haec'}
 {'char_end': 10, 'char_start': 8, 'lemma': 'de', 'pos': 'ADP', 'sentence_id': 'emlap_100023_920', 'token_id': 2563271, 'token_text': 'de'}
 {'char_end': 21, 'char_start': 11, 'lemma': 'labyrinthus', 'pos': 'PROPN', 'sentence_id': 'emlap_100023_920', 'token_id': 2563272, 'token_text': 'Labyrintho'}
 {'char_end': 31, 'char_start': 22, 'lemma': 'medicus', 'pos': 'PROPN', 'sentence_id': 'emlap_100023_920', 'token_id': 2563273, 'token_text': 'Medicorum'}
 {'char_end': 41, 'char_start': 32, 'lemma': 'erro', 'pos': 'VERB', 'sentence_id': 'emlap_100023_920', 'token_id': 2563274, 'token_text': 'errantium'}
 {'char_end': 42, 'char_start': 41, 'lemma': ',', 'pos': 'PUNCT', 'sentence_id': 'emlap_100023_920', 'token_id': 2563275, 'token_text': ','}
 {'char_end': 45, 'char_start': 43, 'lemma': 'atque', 'pos': 'CCONJ', 'sentence_id': 'emlap_100023_920', 'token_id': 2563276, 'token_text': 'ac'}
 {'char_end': 51, 'char_start': 46, 'lemma': 'rego', 'pos': 'ADJ', 'sentence_id': 'emlap_100023_920', 'token_id': 2563277, 'token_text': 'recto'}
 {'char_end': 61, 'char_start': 52, 'lemma': 'Medicinus', 'pos': 'ADJ', 'sentence_id': 'emlap_100023_920', 'token_id': 2563278, 'token_text': 'Medicinae'}
 {'char_end': 65, 'char_start': 62, 'lemma': 'usus', 'pos': 'NOUN', 'sentence_id': 'emlap_100023_920', 'token_id': 2563279, 'token_text': 'usu'}
 {'char_end': 66, 'char_start': 65, 'lemma': ',', 'pos': 'PUNCT', 'sentence_id': 'emlap_100023_920', 'token_id': 2563280, 'token_text': ','}
 {'char_end': 74, 'char_start': 67, 'lemma': 'error', 'pos': 'NOUN', 'sentence_id': 'emlap_100023_920', 'token_id': 2563281, 'token_text': 'erroris'}
 {'char_end': 77, 'char_start': 74, 'lemma': 'que', 'pos': 'CCONJ', 'sentence_id': 'emlap_100023_920', 'token_id': 2563282, 'token_text': 'que'}
 {'char_end': 90, 'char_start': 78, 'lemma': 'explicatio', 'pos': 'NOUN', 'sentence_id': 'emlap_100023_920', 'token_id': 2563283, 'token_text': 'explicatione'}
 {'char_end': 91, 'char_start': 90, 'lemma': ',', 'pos': 'PUNCT', 'sentence_id': 'emlap_100023_920', 'token_id': 2563284, 'token_text': ','}
 {'char_end': 98, 'char_start': 92, 'lemma': 'paucus', 'pos': 'DET', 'sentence_id': 'emlap_100023_920', 'token_id': 2563285, 'token_text': 'paucis'}
 {'char_end': 107, 'char_start': 99, 'lemma': 'scribo', 'pos': 'VERB', 'sentence_id': 'emlap_100023_920', 'token_id': 2563286, 'token_text': 'scribere'}
 {'char_end': 119, 'char_start': 108, 'lemma': 'necessarius', 'pos': 'ADJ', 'sentence_id': 'emlap_100023_920', 'token_id': 2563287, 'token_text': 'necessarium'}
 {'char_end': 124, 'char_start': 120, 'lemma': 'ego', 'pos': 'PRON', 'sentence_id': 'emlap_100023_920', 'token_id': 2563288, 'token_text': 'mihi'}
 {'char_end': 130, 'char_start': 125, 'lemma': 'uisus', 'pos': 'VERB', 'sentence_id': 'emlap_100023_920', 'token_id': 2563289, 'token_text': 'uisum'}
 {'char_end': 134, 'char_start': 131, 'lemma': 'sum', 'pos': 'AUX', 'sentence_id': 'emlap_100023_920', 'token_id': 2563290, 'token_text': 'est'}
 {'char_end': 135, 'char_start': 134, 'lemma': ',', 'pos': 'PUNCT', 'sentence_id': 'emlap_100023_920', 'token_id': 2563291, 'token_text': ','}
 {'char_end': 138, 'char_start': 136, 'lemma': 'ut', 'pos': 'SCONJ', 'sentence_id': 'emlap_100023_920', 'token_id': 2563292, 'token_text': 'ut'}
 {'char_end': 142, 'char_start': 139, 'lemma': 'sic', 'pos': 'ADV', 'sentence_id': 'emlap_100023_920', 'token_id': 2563293, 'token_text': 'sic'}
 {'char_end': 145, 'char_start': 143, 'lemma': 'in', 'pos': 'ADP', 'sentence_id': 'emlap_100023_920', 'token_id': 2563294, 'token_text': 'in'}
 {'char_end': 152, 'char_start': 146, 'lemma': 'error', 'pos': 'NOUN', 'sentence_id': 'emlap_100023_920', 'token_id': 2563295, 'token_text': 'errore'}
 {'char_end': 162, 'char_start': 153, 'lemma': 'uersor', 'pos': 'VERB', 'sentence_id': 'emlap_100023_920', 'token_id': 2563296, 'token_text': 'uersantes'}
 {'char_end': 169, 'char_start': 163, 'lemma': 'Medicus', 'pos': 'NOUN', 'sentence_id': 'emlap_100023_920', 'token_id': 2563297, 'token_text': 'Medici'}
 {'char_end': 176, 'char_start': 170, 'lemma': 'cito', 'pos': 'ADV', 'sentence_id': 'emlap_100023_920', 'token_id': 2563298, 'token_text': 'citius'}
 {'char_end': 183, 'char_start': 177, 'lemma': 'exeo', 'pos': 'VERB', 'sentence_id': 'emlap_100023_920', 'token_id': 2563299, 'token_text': 'exeant'}
 {'char_end': 184, 'char_start': 183, 'lemma': ',', 'pos': 'PUNCT', 'sentence_id': 'emlap_100023_920', 'token_id': 2563300, 'token_text': ','}
 {'char_end': 186, 'char_start': 185, 'lemma': '&', 'pos': 'PUNCT', 'sentence_id': 'emlap_100023_920', 'token_id': 2563301, 'token_text': '&'}
 {'char_end': 193, 'char_start': 187, 'lemma': 'nondum', 'pos': 'ADV', 'sentence_id': 'emlap_100023_920', 'token_id': 2563302, 'token_text': 'nondum'}
 {'char_end': 202, 'char_start': 194, 'lemma': 'ingredior', 'pos': 'VERB', 'sentence_id': 'emlap_100023_920', 'token_id': 2563303, 'token_text': 'ingressi'}
 {'char_end': 203, 'char_start': 202, 'lemma': ',', 'pos': 'PUNCT', 'sentence_id': 'emlap_100023_920', 'token_id': 2563304, 'token_text': ','}
 {'char_end': 214, 'char_start': 204, 'lemma': 'diligenter', 'pos': 'ADV', 'sentence_id': 'emlap_100023_920', 'token_id': 2563305, 'token_text': 'diligenter'}
 {'char_end': 215, 'char_start': 214, 'lemma': ',', 'pos': 'PUNCT', 'sentence_id': 'emlap_100023_920', 'token_id': 2563306, 'token_text': ','}
 {'char_end': 218, 'char_start': 216, 'lemma': 'ne', 'pos': 'SCONJ', 'sentence_id': 'emlap_100023_920', 'token_id': 2563307, 'token_text': 'ne'}
 {'char_end': 227, 'char_start': 219, 'lemma': 'incido', 'pos': 'VERB', 'sentence_id': 'emlap_100023_920', 'token_id': 2563308, 'token_text': 'incidant'}
 {'char_end': 228, 'char_start': 227, 'lemma': ',', 'pos': 'PUNCT', 'sentence_id': 'emlap_100023_920', 'token_id': 2563309, 'token_text': ','}
 {'char_end': 240, 'char_start': 229, 'lemma': 'praecaueo', 'pos': 'VERB', 'sentence_id': 'emlap_100023_920', 'token_id': 2563310, 'token_text': 'praecaueant'}
 {'char_end': 241, 'char_start': 240, 'lemma': '.', 'pos': 'PUNCT', 'sentence_id': 'emlap_100023_920', 'token_id': 2563311, 'token_text': '.'}]","[{'char_end': 84, 'char_start': 81, 'lemma': 'neque', 'pos': 'CCONJ', 'sentence_id': 'emlap_100023_919', 'token_id': 2563262, 'token_text': 'nec'}
 {'char_end': 96, 'char_start': 85, 'lemma': 'aegroto', 'pos': 'VERB', 'sentence_id': 'emlap_100023_919', 'token_id': 2563263, 'token_text': 'aegrotantes'}
 {'char_end': 101, 'char_start': 97, 'lemma': 'suus', 'pos': 'DET', 'sentence_id': 'emlap_100023_919', 'token_id': 2563264, 'token_text': 'suos'}
 {'char_end': 109, 'char_start': 102, 'lemma': 'neco', 'pos': 'VERB', 'sentence_id': 'emlap_100023_919', 'token_id': 2563265, 'token_text': 'necabit'}
 {'char_end': 110, 'char_start': 109, 'lemma': ',', 'pos': 'PUNCT', 'sentence_id': 'emlap_100023_919', 'token_id': 2563266, 'token_text': ','}
 {'char_end': 119, 'char_start': 111, 'lemma': 'perdetuo', 'pos': 'VERB', 'sentence_id': 'emlap_100023_919', 'token_id': 2563267, 'token_text': 'perdetue'}
 {'char_end': 120, 'char_start': 119, 'lemma': '.', 'pos': 'PUNCT', 'sentence_id': 'emlap_100023_919', 'token_id': 2563268, 'token_text': '.'}
 {'char_end': 2, 'char_start': 0, 'lemma': 'et', 'pos': 'CCONJ', 'sentence_id': 'emlap_100023_920', 'token_id': 2563269, 'token_text': 'Et'}
 {'char_end': 7, 'char_start': 3, 'lemma': 'hic', 'pos': 'DET', 'sentence_id': 'emlap_100023_920', 'token_id': 2563270, 'token_text': 'haec'}
 {'char_end': 10, 'char_start': 8, 'lemma': 'de', 'pos': 'ADP', 'sentence_id': 'emlap_100023_920', 'token_id': 2563271, 'token_text': 'de'}
 {'char_end': 21, 'char_start': 11, 'lemma': 'labyrinthus', 'pos': 'PROPN', 'sentence_id': 'emlap_100023_920', 'token_id': 2563272, 'token_text': 'Labyrintho'}
 {'char_end': 31, 'char_start': 22, 'lemma': 'medicus', 'pos': 'PROPN', 'sentence_id': 'emlap_100023_920', 'token_id': 2563273, 'token_text': 'Medicorum'}
 {'char_end': 41, 'char_start': 32, 'lemma': 'erro', 'pos': 'VERB', 'sentence_id': 'emlap_100023_920', 'token_id': 2563274, 'token_text': 'errantium'}
 {'char_end': 42, 'char_start': 41, 'lemma': ',', 'pos': 'PUNCT', 'sentence_id': 'emlap_100023_920', 'token_id': 2563275, 'token_text': ','}
 {'char_end': 45, 'char_start': 43, 'lemma': 'atque', 'pos': 'CCONJ', 'sentence_id': 'emlap_100023_920', 'token_id': 2563276, 'token_text': 'ac'}
 {'char_end': 51, 'char_start': 46, 'lemma': 'rego', 'pos': 'ADJ', 'sentence_id': 'emlap_100023_920', 'token_id': 2563277, 'token_text': 'recto'}
 {'char_end': 61, 'char_start': 52, 'lemma': 'Medicinus', 'pos': 'ADJ', 'sentence_id': 'emlap_100023_920', 'token_id': 2563278, 'token_text': 'Medicinae'}
 {'char_end': 65, 'char_start': 62, 'lemma': 'usus', 'pos': 'NOUN', 'sentence_id': 'emlap_100023_920', 'token_id': 2563279, 'token_text': 'usu'}
 {'char_end': 66, 'char_start': 65, 'lemma': ',', 'pos': 'PUNCT', 'sentence_id': 'emlap_100023_920', 'token_id': 2563280, 'token_text': ','}
 {'char_end': 74, 'char_start': 67, 'lemma': 'error', 'pos': 'NOUN', 'sentence_id': 'emlap_100023_920', 'token_id': 2563281, 'token_text': 'erroris'}
 {'char_end': 77, 'char_start': 74, 'lemma': 'que', 'pos': 'CCONJ', 'sentence_id': 'emlap_100023_920', 'token_id': 2563282, 'token_text': 'que'}]",1553.0,1553.0,1553.0,,,,,2563272,11,21
748,"L'Ecluse, Charles de","Exoticorum libri decem: quibus animalium, plantarum, aromatum, aliorumque peregrinorum fructuum historiae discribuntur. Item Petri Bellonii observationes eodem Carolo Clusio interprete",noscemus_786344,noscemus_786344_21148,"Uerum quidem est multos inesse maeandros oblique admodum, modo ad dextram modo ad sinistram sese contorquentes, quales in arte elaborato Labyrintho esse possent:","sic duces e pago quodam, ubi olim urbs Gnosos fuit, huic Latomiae uicino, sumendi sunt, qui Latomiam ingredi uolentibus uiam demonstrent. | Uerum quidem est multos inesse maeandros oblique admodum, modo ad dextram modo ad sinistram sese contorquentes, quales in arte elaborato Labyrintho esse possent: | at istud duntaxat prouenit e locorum, unde lapides exemti sunt, cauis:",technical_literal,"[{'char_end': 5, 'char_start': 0, 'lemma': 'uerus', 'pos': 'ADJ', 'sentence_id': 'noscemus_786344_21148', 'token_id': 73757789, 'token_text': 'Uerum'}
 {'char_end': 12, 'char_start': 6, 'lemma': 'quidem', 'pos': 'PART', 'sentence_id': 'noscemus_786344_21148', 'token_id': 73757790, 'token_text': 'quidem'}
 {'char_end': 16, 'char_start': 13, 'lemma': 'sum', 'pos': 'AUX', 'sentence_id': 'noscemus_786344_21148', 'token_id': 73757791, 'token_text': 'est'}
 {'char_end': 23, 'char_start': 17, 'lemma': 'multus', 'pos': 'DET', 'sentence_id': 'noscemus_786344_21148', 'token_id': 73757792, 'token_text': 'multos'}
 {'char_end': 30, 'char_start': 24, 'lemma': 'insum', 'pos': 'VERB', 'sentence_id': 'noscemus_786344_21148', 'token_id': 73757793, 'token_text': 'inesse'}
 {'char_end': 40, 'char_start': 31, 'lemma': 'maeandr', 'pos': 'NOUN', 'sentence_id': 'noscemus_786344_21148', 'token_id': 73757794, 'token_text': 'maeandros'}
 {'char_end': 48, 'char_start': 41, 'lemma': 'oblique', 'pos': 'ADV', 'sentence_id': 'noscemus_786344_21148', 'token_id': 73757795, 'token_text': 'oblique'}
 {'char_end': 56, 'char_start': 49, 'lemma': 'admodum', 'pos': 'ADV', 'sentence_id': 'noscemus_786344_21148', 'token_id': 73757796, 'token_text': 'admodum'}
 {'char_end': 57, 'char_start': 56, 'lemma': ',', 'pos': 'PUNCT', 'sentence_id': 'noscemus_786344_21148', 'token_id': 73757797, 'token_text': ','}
 {'char_end': 62, 'char_start': 58, 'lemma': 'modo', 'pos': 'ADV', 'sentence_id': 'noscemus_786344_21148', 'token_id': 73757798, 'token_text': 'modo'}
 {'char_end': 65, 'char_start': 63, 'lemma': 'ad', 'pos': 'ADP', 'sentence_id': 'noscemus_786344_21148', 'token_id': 73757799, 'token_text': 'ad'}
 {'char_end': 73, 'char_start': 66, 'lemma': 'dexter', 'pos': 'ADJ', 'sentence_id': 'noscemus_786344_21148', 'token_id': 73757800, 'token_text': 'dextram'}
 {'char_end': 78, 'char_start': 74, 'lemma': 'modo', 'pos': 'ADV', 'sentence_id': 'noscemus_786344_21148', 'token_id': 73757801, 'token_text': 'modo'}
 {'char_end': 81, 'char_start': 79, 'lemma': 'ad', 'pos': 'ADP', 'sentence_id': 'noscemus_786344_21148', 'token_id': 73757802, 'token_text': 'ad'}
 {'char_end': 91, 'char_start': 82, 'lemma': 'sinister', 'pos': 'ADJ', 'sentence_id': 'noscemus_786344_21148', 'token_id': 73757803, 'token_text': 'sinistram'}
 {'char_end': 96, 'char_start': 92, 'lemma': 'sui', 'pos': 'PRON', 'sentence_id': 'noscemus_786344_21148', 'token_id': 73757804, 'token_text': 'sese'}
 {'char_end': 110, 'char_start': 97, 'lemma': 'contorqueo', 'pos': 'VERB', 'sentence_id': 'noscemus_786344_21148', 'token_id': 73757805, 'token_text': 'contorquentes'}
 {'char_end': 111, 'char_start': 110, 'lemma': ',', 'pos': 'PUNCT', 'sentence_id': 'noscemus_786344_21148', 'token_id': 73757806, 'token_text': ','}
 {'char_end': 118, 'char_start': 112, 'lemma': 'qualis', 'pos': 'DET', 'sentence_id': 'noscemus_786344_21148', 'token_id': 73757807, 'token_text': 'quales'}
 {'char_end': 121, 'char_start': 119, 'lemma': 'in', 'pos': 'ADP', 'sentence_id': 'noscemus_786344_21148', 'token_id': 73757808, 'token_text': 'in'}
 {'char_end': 126, 'char_start': 122, 'lemma': 'ars', 'pos': 'NOUN', 'sentence_id': 'noscemus_786344_21148', 'token_id': 73757809, 'token_text': 'arte'}
 {'char_end': 136, 'char_start': 127, 'lemma': 'elaboro', 'pos': 'VERB', 'sentence_id': 'noscemus_786344_21148', 'token_id': 73757810, 'token_text': 'elaborato'}
 {'char_end': 147, 'char_start': 137, 'lemma': 'labyrinthus', 'pos': 'PROPN', 'sentence_id': 'noscemus_786344_21148', 'token_id': 73757811, 'token_text': 'Labyrintho'}
 {'char_end': 152, 'char_start': 148, 'lemma': 'sum', 'pos': 'AUX', 'sentence_id': 'noscemus_786344_21148', 'token_id': 73757812, 'token_text': 'esse'}
 {'char_end': 160, 'char_start': 153, 'lemma': 'possum', 'pos': 'VERB', 'sentence_id': 'noscemus_786344_21148', 'token_id': 73757813, 'token_text': 'possent'}
 {'char_end': 161, 'char_start': 160, 'lemma': ':', 'pos': 'PUNCT', 'sentence_id': 'noscemus_786344_21148', 'token_id': 73757814, 'token_text': ':'}]","[{'char_end': 78, 'char_start': 74, 'lemma': 'modo', 'pos': 'ADV', 'sentence_id': 'noscemus_786344_21148', 'token_id': 73757801, 'token_text': 'modo'}
 {'char_end': 81, 'char_start': 79, 'lemma': 'ad', 'pos': 'ADP', 'sentence_id': 'noscemus_786344_21148', 'token_id': 73757802, 'token_text': 'ad'}
 {'char_end': 91, 'char_start': 82, 'lemma': 'sinister', 'pos': 'ADJ', 'sentence_id': 'noscemus_786344_21148', 'token_id': 73757803, 'token_text': 'sinistram'}
 {'char_end': 96, 'char_start': 92, 'lemma': 'sui', 'pos': 'PRON', 'sentence_id': 'noscemus_786344_21148', 'token_id': 73757804, 'token_text': 'sese'}
 {'char_end': 110, 'char_start': 97, 'lemma': 'contorqueo', 'pos': 'VERB', 'sentence_id': 'noscemus_786344_21148', 'token_id': 73757805, 'token_text': 'contorquentes'}
 {'char_end': 111, 'char_start': 110, 'lemma': ',', 'pos': 'PUNCT', 'sentence_id': 'noscemus_786344_21148', 'token_id': 73757806, 'token_text': ','}
 {'char_end': 118, 'char_start': 112, 'lemma': 'qualis', 'pos': 'DET', 'sentence_id': 'noscemus_786344_21148', 'token_id': 73757807, 'token_text': 'quales'}
 {'char_end': 121, 'char_start': 119, 'lemma': 'in', 'pos': 'ADP', 'sentence_id': 'noscemus_786344_21148', 'token_id': 73757808, 'token_text': 'in'}
 {'char_end': 126, 'char_start': 122, 'lemma': 'ars', 'pos': 'NOUN', 'sentence_id': 'noscemus_786344_21148', 'token_id': 73757809, 'token_text': 'arte'}
 {'char_end': 136, 'char_start': 127, 'lemma': 'elaboro', 'pos': 'VERB', 'sentence_id': 'noscemus_786344_21148', 'token_id': 73757810, 'token_text': 'elaborato'}
 {'char_end': 147, 'char_start': 137, 'lemma': 'labyrinthus', 'pos': 'PROPN', 'sentence_id': 'noscemus_786344_21148', 'token_id': 73757811, 'token_text': 'Labyrintho'}
 {'char_end': 152, 'char_start': 148, 'lemma': 'sum', 'pos': 'AUX', 'sentence_id': 'noscemus_786344_21148', 'token_id': 73757812, 'token_text': 'esse'}
 {'char_end': 160, 'char_start': 153, 'lemma': 'possum', 'pos': 'VERB', 'sentence_id': 'noscemus_786344_21148', 'token_id': 73757813, 'token_text': 'possent'}
 {'char_end': 161, 'char_start': 160, 'lemma': ':', 'pos': 'PUNCT', 'sentence_id': 'noscemus_786344_21148', 'token_id': 73757814, 'token_text': ':'}
 {'char_end': 2, 'char_start': 0, 'lemma': 'at', 'pos': 'SCONJ', 'sentence_id': 'noscemus_786344_21149', 'token_id': 73757815, 'token_text': 'at'}
 {'char_end': 8, 'char_start': 3, 'lemma': 'iste', 'pos': 'DET', 'sentence_id': 'noscemus_786344_21149', 'token_id': 73757816, 'token_text': 'istud'}
 {'char_end': 17, 'char_start': 9, 'lemma': 'duntaxat', 'pos': 'ADV', 'sentence_id': 'noscemus_786344_21149', 'token_id': 73757817, 'token_text': 'duntaxat'}
 {'char_end': 26, 'char_start': 18, 'lemma': 'prouenio', 'pos': 'VERB', 'sentence_id': 'noscemus_786344_21149', 'token_id': 73757818, 'token_text': 'prouenit'}
 {'char_end': 28, 'char_start': 27, 'lemma': 'ex', 'pos': 'ADP', 'sentence_id': 'noscemus_786344_21149', 'token_id': 73757819, 'token_text': 'e'}
 {'char_end': 36, 'char_start': 29, 'lemma': 'locus', 'pos': 'NOUN', 'sentence_id': 'noscemus_786344_21149', 'token_id': 73757820, 'token_text': 'locorum'}
 {'char_end': 37, 'char_start': 36, 'lemma': ',', 'pos': 'PUNCT', 'sentence_id': 'noscemus_786344_21149', 'token_id': 73757821, 'token_text': ','}]",1605.0,1605.0,1605.0,,,"Monograph, Historia","Biology, Medicine",73757811,137,147
150,"Sennert, Daniel",Institutionum medicinae libri V,cc_13987,cc_13987_15578,"Neque de uia, per quam ad articulos peruenire possint, anxie disquirere, et ad illam occultam [graeca Desunt] confugere, aut per densas intestinorum tunicas et inexplicabiles fere labyrinthos materiam ad articulos deducere opus est:","cur non iidem etjam in articulos translati paralysin eam excitare possent? | Neque de uia, per quam ad articulos peruenire possint, anxie disquirere, et ad illam occultam [graeca Desunt] confugere, aut per densas intestinorum tunicas et inexplicabiles fere labyrinthos materiam ad articulos deducere opus est: | cum dentur uiae satis patentes, et naturae in multis morbis familiares, uenae nimirum.",scientific_complexity_metaphorics,"[{'char_end': 5, 'char_start': 0, 'lemma': 'neque', 'pos': 'CCONJ', 'sentence_id': 'cc_13987_15578', 'token_id': 199371132, 'token_text': 'Neque'}
 {'char_end': 8, 'char_start': 6, 'lemma': 'de', 'pos': 'ADP', 'sentence_id': 'cc_13987_15578', 'token_id': 199371133, 'token_text': 'de'}
 {'char_end': 12, 'char_start': 9, 'lemma': 'uia', 'pos': 'NOUN', 'sentence_id': 'cc_13987_15578', 'token_id': 199371134, 'token_text': 'uia'}
 {'char_end': 13, 'char_start': 12, 'lemma': ',', 'pos': 'PUNCT', 'sentence_id': 'cc_13987_15578', 'token_id': 199371135, 'token_text': ','}
 {'char_end': 17, 'char_start': 14, 'lemma': 'per', 'pos': 'ADP', 'sentence_id': 'cc_13987_15578', 'token_id': 199371136, 'token_text': 'per'}
 {'char_end': 22, 'char_start': 18, 'lemma': 'qui', 'pos': 'PRON', 'sentence_id': 'cc_13987_15578', 'token_id': 199371137, 'token_text': 'quam'}
 {'char_end': 25, 'char_start': 23, 'lemma': 'ad', 'pos': 'ADP', 'sentence_id': 'cc_13987_15578', 'token_id': 199371138, 'token_text': 'ad'}
 {'char_end': 35, 'char_start': 26, 'lemma': 'articulus', 'pos': 'NOUN', 'sentence_id': 'cc_13987_15578', 'token_id': 199371139, 'token_text': 'articulos'}
 {'char_end': 45, 'char_start': 36, 'lemma': 'peruenio', 'pos': 'VERB', 'sentence_id': 'cc_13987_15578', 'token_id': 199371140, 'token_text': 'peruenire'}
 {'char_end': 53, 'char_start': 46, 'lemma': 'possum', 'pos': 'VERB', 'sentence_id': 'cc_13987_15578', 'token_id': 199371141, 'token_text': 'possint'}
 {'char_end': 54, 'char_start': 53, 'lemma': ',', 'pos': 'PUNCT', 'sentence_id': 'cc_13987_15578', 'token_id': 199371142, 'token_text': ','}
 {'char_end': 60, 'char_start': 55, 'lemma': 'anxius', 'pos': 'ADV', 'sentence_id': 'cc_13987_15578', 'token_id': 199371143, 'token_text': 'anxie'}
 {'char_end': 71, 'char_start': 61, 'lemma': 'disquiro', 'pos': 'VERB', 'sentence_id': 'cc_13987_15578', 'token_id': 199371144, 'token_text': 'disquirere'}
 {'char_end': 72, 'char_start': 71, 'lemma': ',', 'pos': 'PUNCT', 'sentence_id': 'cc_13987_15578', 'token_id': 199371145, 'token_text': ','}
 {'char_end': 75, 'char_start': 73, 'lemma': 'et', 'pos': 'CCONJ', 'sentence_id': 'cc_13987_15578', 'token_id': 199371146, 'token_text': 'et'}
 {'char_end': 78, 'char_start': 76, 'lemma': 'ad', 'pos': 'ADP', 'sentence_id': 'cc_13987_15578', 'token_id': 199371147, 'token_text': 'ad'}
 {'char_end': 84, 'char_start': 79, 'lemma': 'ille', 'pos': 'DET', 'sentence_id': 'cc_13987_15578', 'token_id': 199371148, 'token_text': 'illam'}
 {'char_end': 93, 'char_start': 85, 'lemma': 'occulo', 'pos': 'VERB', 'sentence_id': 'cc_13987_15578', 'token_id': 199371149, 'token_text': 'occultam'}
 {'char_end': 95, 'char_start': 94, 'lemma': '[', 'pos': 'PUNCT', 'sentence_id': 'cc_13987_15578', 'token_id': 199371150, 'token_text': '['}
 {'char_end': 101, 'char_start': 95, 'lemma': 'graecus', 'pos': 'ADJ', 'sentence_id': 'cc_13987_15578', 'token_id': 199371151, 'token_text': 'graeca'}
 {'char_end': 108, 'char_start': 102, 'lemma': 'desum', 'pos': 'VERB', 'sentence_id': 'cc_13987_15578', 'token_id': 199371152, 'token_text': 'Desunt'}
 {'char_end': 109, 'char_start': 108, 'lemma': ']', 'pos': 'PUNCT', 'sentence_id': 'cc_13987_15578', 'token_id': 199371153, 'token_text': ']'}
 {'char_end': 119, 'char_start': 110, 'lemma': 'confugio', 'pos': 'VERB', 'sentence_id': 'cc_13987_15578', 'token_id': 199371154, 'token_text': 'confugere'}
 {'char_end': 120, 'char_start': 119, 'lemma': ',', 'pos': 'PUNCT', 'sentence_id': 'cc_13987_15578', 'token_id': 199371155, 'token_text': ','}
 {'char_end': 124, 'char_start': 121, 'lemma': 'aut', 'pos': 'CCONJ', 'sentence_id': 'cc_13987_15578', 'token_id': 199371156, 'token_text': 'aut'}
 {'char_end': 128, 'char_start': 125, 'lemma': 'per', 'pos': 'ADP', 'sentence_id': 'cc_13987_15578', 'token_id': 199371157, 'token_text': 'per'}
 {'char_end': 135, 'char_start': 129, 'lemma': 'denso', 'pos': 'NOUN', 'sentence_id': 'cc_13987_15578', 'token_id': 199371158, 'token_text': 'densas'}
 {'char_end': 148, 'char_start': 136, 'lemma': 'intestinus', 'pos': 'ADJ', 'sentence_id': 'cc_13987_15578', 'token_id': 199371159, 'token_text': 'intestinorum'}
 {'char_end': 156, 'char_start': 149, 'lemma': 'tunica', 'pos': 'NOUN', 'sentence_id': 'cc_13987_15578', 'token_id': 199371160, 'token_text': 'tunicas'}
 {'char_end': 159, 'char_start': 157, 'lemma': 'et', 'pos': 'CCONJ', 'sentence_id': 'cc_13987_15578', 'token_id': 199371161, 'token_text': 'et'}
 {'char_end': 174, 'char_start': 160, 'lemma': 'inexplicabilis', 'pos': 'ADJ', 'sentence_id': 'cc_13987_15578', 'token_id': 199371162, 'token_text': 'inexplicabiles'}
 {'char_end': 179, 'char_start': 175, 'lemma': 'fere', 'pos': 'ADV', 'sentence_id': 'cc_13987_15578', 'token_id': 199371163, 'token_text': 'fere'}
 {'char_end': 191, 'char_start': 180, 'lemma': 'labyrinthus', 'pos': 'NOUN', 'sentence_id': 'cc_13987_15578', 'token_id': 199371164, 'token_text': 'labyrinthos'}
 {'char_end': 200, 'char_start': 192, 'lemma': 'materia', 'pos': 'NOUN', 'sentence_id': 'cc_13987_15578', 'token_id': 199371165, 'token_text': 'materiam'}
 {'char_end': 203, 'char_start': 201, 'lemma': 'ad', 'pos': 'ADP', 'sentence_id': 'cc_13987_15578', 'token_id': 199371166, 'token_text': 'ad'}
 {'char_end': 213, 'char_start': 204, 'lemma': 'articulus', 'pos': 'NOUN', 'sentence_id': 'cc_13987_15578', 'token_id': 199371167, 'token_text': 'articulos'}
 {'char_end': 222, 'char_start': 214, 'lemma': 'deduco', 'pos': 'VERB', 'sentence_id': 'cc_13987_15578', 'token_id': 199371168, 'token_text': 'deducere'}
 {'char_end': 227, 'char_start': 223, 'lemma': 'opus', 'pos': 'NOUN', 'sentence_id': 'cc_13987_15578', 'token_id': 199371169, 'token_text': 'opus'}
 {'char_end': 231, 'char_start': 228, 'lemma': 'sum', 'pos': 'AUX', 'sentence_id': 'cc_13987_15578', 'token_id': 199371170, 'token_text': 'est'}
 {'char_end': 232, 'char_start': 231, 'lemma': ':', 'pos': 'PUNCT', 'sentence_id': 'cc_13987_15578', 'token_id': 199371171, 'token_text': ':'}]","[{'char_end': 119, 'char_start': 110, 'lemma': 'confugio', 'pos': 'VERB', 'sentence_id': 'cc_13987_15578', 'token_id': 199371154, 'token_text': 'confugere'}
 {'char_end': 120, 'char_start': 119, 'lemma': ',', 'pos': 'PUNCT', 'sentence_id': 'cc_13987_15578', 'token_id': 199371155, 'token_text': ','}
 {'char_end': 124, 'char_start': 121, 'lemma': 'aut', 'pos': 'CCONJ', 'sentence_id': 'cc_13987_15578', 'token_id': 199371156, 'token_text': 'aut'}
 {'char_end': 128, 'char_start': 125, 'lemma': 'per', 'pos': 'ADP', 'sentence_id': 'cc_13987_15578', 'token_id': 199371157, 'token_text': 'per'}
 {'char_end': 135, 'char_start': 129, 'lemma': 'denso', 'pos': 'NOUN', 'sentence_id': 'cc_13987_15578', 'token_id': 199371158, 'token_text': 'densas'}
 {'char_end': 148, 'char_start': 136, 'lemma': 'intestinus', 'pos': 'ADJ', 'sentence_id': 'cc_13987_15578', 'token_id': 199371159, 'token_text': 'intestinorum'}
 {'char_end': 156, 'char_start': 149, 'lemma': 'tunica', 'pos': 'NOUN', 'sentence_id': 'cc_13987_15578', 'token_id': 199371160, 'token_text': 'tunicas'}
 {'char_end': 159, 'char_start': 157, 'lemma': 'et', 'pos': 'CCONJ', 'sentence_id': 'cc_13987_15578', 'token_id': 199371161, 'token_text': 'et'}
 {'char_end': 174, 'char_start': 160, 'lemma': 'inexplicabilis', 'pos': 'ADJ', 'sentence_id': 'cc_13987_15578', 'token_id': 199371162, 'token_text': 'inexplicabiles'}
 {'char_end': 179, 'char_start': 175, 'lemma': 'fere', 'pos': 'ADV', 'sentence_id': 'cc_13987_15578', 'token_id': 199371163, 'token_text': 'fere'}
 {'char_end': 191, 'char_start': 180, 'lemma': 'labyrinthus', 'pos': 'NOUN', 'sentence_id': 'cc_13987_15578', 'token_id': 199371164, 'token_text': 'labyrinthos'}
 {'char_end': 200, 'char_start': 192, 'lemma': 'materia', 'pos': 'NOUN', 'sentence_id': 'cc_13987_15578', 'token_id': 199371165, 'token_text': 'materiam'}
 {'char_end': 203, 'char_start': 201, 'lemma': 'ad', 'pos': 'ADP', 'sentence_id': 'cc_13987_15578', 'token_id': 199371166, 'token_text': 'ad'}
 {'char_end': 213, 'char_start': 204, 'lemma': 'articulus', 'pos': 'NOUN', 'sentence_id': 'cc_13987_15578', 'token_id': 199371167, 'token_text': 'articulos'}
 {'char_end': 222, 'char_start': 214, 'lemma': 'deduco', 'pos': 'VERB', 'sentence_id': 'cc_13987_15578', 'token_id': 199371168, 'token_text': 'deducere'}
 {'char_end': 227, 'char_start': 223, 'lemma': 'opus', 'pos': 'NOUN', 'sentence_id': 'cc_13987_15578', 'token_id': 199371169, 'token_text': 'opus'}
 {'char_end': 231, 'char_start': 228, 'lemma': 'sum', 'pos': 'AUX', 'sentence_id': 'cc_13987_15578', 'token_id': 199371170, 'token_text': 'est'}
 {'char_end': 232, 'char_start': 231, 'lemma': ':', 'pos': 'PUNCT', 'sentence_id': 'cc_13987_15578', 'token_id': 199371171, 'token_text': ':'}
 {'char_end': 3, 'char_start': 0, 'lemma': 'cum', 'pos': 'SCONJ', 'sentence_id': 'cc_13987_15579', 'token_id': 199371172, 'token_text': 'cum'}
 {'char_end': 10, 'char_start': 4, 'lemma': 'do', 'pos': 'VERB', 'sentence_id': 'cc_13987_15579', 'token_id': 199371173, 'token_text': 'dentur'}
 {'char_end': 15, 'char_start': 11, 'lemma': 'uia', 'pos': 'NOUN', 'sentence_id': 'cc_13987_15579', 'token_id': 199371174, 'token_text': 'uiae'}]",1572.0,1637.0,1596.0,,,,,199371164,180,191
399,"Borel, Pierre","Bibliotheca chimica seu Catalogus librorum philosophicorum Hermeticorum, in quo quattuor milia circiter auctorum chimicorum vel de transmutatione metallorum, re minerali et arcanis, tam manuscriptorum quam in lucem editorum, cum eorum editionibus usque ad annum 1653 continentur. Cum eiusdem Bibliothecae appendice et corollario. Auctore Petro Borellio Castrensi, medico doctore.",noscemus_630005,noscemus_630005_4183,Labyrinthus Medicorum.,De Impressionibus Coeli. | Labyrinthus Medicorum. | Tincturae.,ambiguous_indeterminate,"[{'char_end': 11, 'char_start': 0, 'lemma': 'labyrinthus', 'pos': 'NOUN', 'sentence_id': 'noscemus_630005_4183', 'token_id': 107809335, 'token_text': 'Labyrinthus'}
 {'char_end': 21, 'char_start': 12, 'lemma': 'medicus', 'pos': 'PROPN', 'sentence_id': 'noscemus_630005_4183', 'token_id': 107809336, 'token_text': 'Medicorum'}
 {'char_end': 22, 'char_start': 21, 'lemma': '.', 'pos': 'PUNCT', 'sentence_id': 'noscemus_630005_4183', 'token_id': 107809337, 'token_text': '.'}]","[{'char_end': 2, 'char_start': 0, 'lemma': 'de', 'pos': 'ADP', 'sentence_id': 'noscemus_630005_4180', 'token_id': 107809325, 'token_text': 'De'}
 {'char_end': 10, 'char_start': 3, 'lemma': 'sulfur', 'pos': 'PROPN', 'sentence_id': 'noscemus_630005_4180', 'token_id': 107809326, 'token_text': 'Sulfure'}
 {'char_end': 11, 'char_start': 10, 'lemma': '.', 'pos': 'PUNCT', 'sentence_id': 'noscemus_630005_4180', 'token_id': 107809327, 'token_text': '.'}
 {'char_end': 2, 'char_start': 0, 'lemma': 'de', 'pos': 'ADP', 'sentence_id': 'noscemus_630005_4181', 'token_id': 107809328, 'token_text': 'De'}
 {'char_end': 7, 'char_start': 3, 'lemma': 'ens', 'pos': 'PROPN', 'sentence_id': 'noscemus_630005_4181', 'token_id': 107809329, 'token_text': 'Ente'}
 {'char_end': 8, 'char_start': 7, 'lemma': '.', 'pos': 'PUNCT', 'sentence_id': 'noscemus_630005_4181', 'token_id': 107809330, 'token_text': '.'}
 {'char_end': 2, 'char_start': 0, 'lemma': 'de', 'pos': 'ADP', 'sentence_id': 'noscemus_630005_4182', 'token_id': 107809331, 'token_text': 'De'}
 {'char_end': 17, 'char_start': 3, 'lemma': 'impressio', 'pos': 'NOUN', 'sentence_id': 'noscemus_630005_4182', 'token_id': 107809332, 'token_text': 'Impressionibus'}
 {'char_end': 23, 'char_start': 18, 'lemma': 'coelum', 'pos': 'PROPN', 'sentence_id': 'noscemus_630005_4182', 'token_id': 107809333, 'token_text': 'Coeli'}
 {'char_end': 24, 'char_start': 23, 'lemma': '.', 'pos': 'PUNCT', 'sentence_id': 'noscemus_630005_4182', 'token_id': 107809334, 'token_text': '.'}
 {'char_end': 11, 'char_start': 0, 'lemma': 'labyrinthus', 'pos': 'NOUN', 'sentence_id': 'noscemus_630005_4183', 'token_id': 107809335, 'token_text': 'Labyrinthus'}
 {'char_end': 21, 'char_start': 12, 'lemma': 'medicus', 'pos': 'PROPN', 'sentence_id': 'noscemus_630005_4183', 'token_id': 107809336, 'token_text': 'Medicorum'}
 {'char_end': 22, 'char_start': 21, 'lemma': '.', 'pos': 'PUNCT', 'sentence_id': 'noscemus_630005_4183', 'token_id': 107809337, 'token_text': '.'}
 {'char_end': 9, 'char_start': 0, 'lemma': 'tinctura', 'pos': 'NOUN', 'sentence_id': 'noscemus_630005_4184', 'token_id': 107809338, 'token_text': 'Tincturae'}
 {'char_end': 10, 'char_start': 9, 'lemma': '.', 'pos': 'PUNCT', 'sentence_id': 'noscemus_630005_4184', 'token_id': 107809339, 'token_text': '.'}
 {'char_end': 2, 'char_start': 0, 'lemma': 'de', 'pos': 'ADP', 'sentence_id': 'noscemus_630005_4185', 'token_id': 107809340, 'token_text': 'De'}
 {'char_end': 12, 'char_start': 3, 'lemma': 'mysterium', 'pos': 'NOUN', 'sentence_id': 'noscemus_630005_4185', 'token_id': 107809341, 'token_text': 'Mysteriis'}
 {'char_end': 23, 'char_start': 13, 'lemma': '', 'pos': 'PROPN', 'sentence_id': 'noscemus_630005_4185', 'token_id': 107809342, 'token_text': 'Microcosmi'}
 {'char_end': 24, 'char_start': 23, 'lemma': '.', 'pos': 'PUNCT', 'sentence_id': 'noscemus_630005_4185', 'token_id': 107809343, 'token_text': '.'}
 {'char_end': 2, 'char_start': 0, 'lemma': 'de', 'pos': 'ADP', 'sentence_id': 'noscemus_630005_4186', 'token_id': 107809344, 'token_text': 'De'}
 {'char_end': 14, 'char_start': 3, 'lemma': 'separatio', 'pos': 'NOUN', 'sentence_id': 'noscemus_630005_4186', 'token_id': 107809345, 'token_text': 'Separatione'}]",1654.0,1654.0,1654.0,,,Bibliography,Alchemy/Chemistry,107809335,0,11
320,"Linden, Johannes Antonides van der","De scriptis medicis libri duo, quibus praemittitur ad dominum Petrum Tulpium manuductio ad medicinam",noscemus_1085290,noscemus_1085290_29526,"Llinden. 9 Jacobus Henricus Paulli Anatomiae Bilsianae Anatome, occupata imprimis circa Uasa Meseraica & Labyrinthum in Ductu Roife ro.","Disputatio de Partu cujusdam Ino Jaco a. 186 C. a. | Llinden. 9 Jacobus Henricus Paulli Anatomiae Bilsianae Anatome, occupata imprimis circa Uasa Meseraica & Labyrinthum in Ductu Roife ro. | Accessit Joh.",medical_anatomical,"[{'char_end': 7, 'char_start': 0, 'lemma': 'llinden', 'pos': 'PROPN', 'sentence_id': 'noscemus_1085290_29526', 'token_id': 32646739, 'token_text': 'Llinden'}
 {'char_end': 8, 'char_start': 7, 'lemma': '.', 'pos': 'PUNCT', 'sentence_id': 'noscemus_1085290_29526', 'token_id': 32646740, 'token_text': '.'}
 {'char_end': 10, 'char_start': 9, 'lemma': '9', 'pos': 'NUM', 'sentence_id': 'noscemus_1085290_29526', 'token_id': 32646741, 'token_text': '9'}
 {'char_end': 18, 'char_start': 11, 'lemma': 'Jacobus', 'pos': 'PROPN', 'sentence_id': 'noscemus_1085290_29526', 'token_id': 32646742, 'token_text': 'Jacobus'}
 {'char_end': 27, 'char_start': 19, 'lemma': 'Henricus', 'pos': 'PROPN', 'sentence_id': 'noscemus_1085290_29526', 'token_id': 32646743, 'token_text': 'Henricus'}
 {'char_end': 34, 'char_start': 28, 'lemma': 'paullum', 'pos': 'PROPN', 'sentence_id': 'noscemus_1085290_29526', 'token_id': 32646744, 'token_text': 'Paulli'}
 {'char_end': 44, 'char_start': 35, 'lemma': 'Anatomia', 'pos': 'PROPN', 'sentence_id': 'noscemus_1085290_29526', 'token_id': 32646745, 'token_text': 'Anatomiae'}
 {'char_end': 54, 'char_start': 45, 'lemma': 'Bilsianus', 'pos': 'ADJ', 'sentence_id': 'noscemus_1085290_29526', 'token_id': 32646746, 'token_text': 'Bilsianae'}
 {'char_end': 62, 'char_start': 55, 'lemma': 'anatome', 'pos': 'PROPN', 'sentence_id': 'noscemus_1085290_29526', 'token_id': 32646747, 'token_text': 'Anatome'}
 {'char_end': 63, 'char_start': 62, 'lemma': ',', 'pos': 'PUNCT', 'sentence_id': 'noscemus_1085290_29526', 'token_id': 32646748, 'token_text': ','}
 {'char_end': 72, 'char_start': 64, 'lemma': 'occupo', 'pos': 'VERB', 'sentence_id': 'noscemus_1085290_29526', 'token_id': 32646749, 'token_text': 'occupata'}
 {'char_end': 81, 'char_start': 73, 'lemma': 'imprimo', 'pos': 'ADV', 'sentence_id': 'noscemus_1085290_29526', 'token_id': 32646750, 'token_text': 'imprimis'}
 {'char_end': 87, 'char_start': 82, 'lemma': 'circa', 'pos': 'ADP', 'sentence_id': 'noscemus_1085290_29526', 'token_id': 32646751, 'token_text': 'circa'}
 {'char_end': 92, 'char_start': 88, 'lemma': 'Uas', 'pos': 'PROPN', 'sentence_id': 'noscemus_1085290_29526', 'token_id': 32646752, 'token_text': 'Uasa'}
 {'char_end': 102, 'char_start': 93, 'lemma': 'Meseraicus', 'pos': 'PROPN', 'sentence_id': 'noscemus_1085290_29526', 'token_id': 32646753, 'token_text': 'Meseraica'}
 {'char_end': 104, 'char_start': 103, 'lemma': '&', 'pos': 'PUNCT', 'sentence_id': 'noscemus_1085290_29526', 'token_id': 32646754, 'token_text': '&'}
 {'char_end': 116, 'char_start': 105, 'lemma': 'labyrinthus', 'pos': 'PROPN', 'sentence_id': 'noscemus_1085290_29526', 'token_id': 32646755, 'token_text': 'Labyrinthum'}
 {'char_end': 119, 'char_start': 117, 'lemma': 'in', 'pos': 'ADP', 'sentence_id': 'noscemus_1085290_29526', 'token_id': 32646756, 'token_text': 'in'}
 {'char_end': 125, 'char_start': 120, 'lemma': 'ductus', 'pos': 'NOUN', 'sentence_id': 'noscemus_1085290_29526', 'token_id': 32646757, 'token_text': 'Ductu'}
 {'char_end': 131, 'char_start': 126, 'lemma': 'Roifis', 'pos': 'ADJ', 'sentence_id': 'noscemus_1085290_29526', 'token_id': 32646758, 'token_text': 'Roife'}
 {'char_end': 134, 'char_start': 132, 'lemma': 'ros', 'pos': 'NOUN', 'sentence_id': 'noscemus_1085290_29526', 'token_id': 32646759, 'token_text': 'ro'}
 {'char_end': 135, 'char_start': 134, 'lemma': '.', 'pos': 'PUNCT', 'sentence_id': 'noscemus_1085290_29526', 'token_id': 32646760, 'token_text': '.'}]","[{'char_end': 44, 'char_start': 35, 'lemma': 'Anatomia', 'pos': 'PROPN', 'sentence_id': 'noscemus_1085290_29526', 'token_id': 32646745, 'token_text': 'Anatomiae'}
 {'char_end': 54, 'char_start': 45, 'lemma': 'Bilsianus', 'pos': 'ADJ', 'sentence_id': 'noscemus_1085290_29526', 'token_id': 32646746, 'token_text': 'Bilsianae'}
 {'char_end': 62, 'char_start': 55, 'lemma': 'anatome', 'pos': 'PROPN', 'sentence_id': 'noscemus_1085290_29526', 'token_id': 32646747, 'token_text': 'Anatome'}
 {'char_end': 63, 'char_start': 62, 'lemma': ',', 'pos': 'PUNCT', 'sentence_id': 'noscemus_1085290_29526', 'token_id': 32646748, 'token_text': ','}
 {'char_end': 72, 'char_start': 64, 'lemma': 'occupo', 'pos': 'VERB', 'sentence_id': 'noscemus_1085290_29526', 'token_id': 32646749, 'token_text': 'occupata'}
 {'char_end': 81, 'char_start': 73, 'lemma': 'imprimo', 'pos': 'ADV', 'sentence_id': 'noscemus_1085290_29526', 'token_id': 32646750, 'token_text': 'imprimis'}
 {'char_end': 87, 'char_start': 82, 'lemma': 'circa', 'pos': 'ADP', 'sentence_id': 'noscemus_1085290_29526', 'token_id': 32646751, 'token_text': 'circa'}
 {'char_end': 92, 'char_start': 88, 'lemma': 'Uas', 'pos': 'PROPN', 'sentence_id': 'noscemus_1085290_29526', 'token_id': 32646752, 'token_text': 'Uasa'}
 {'char_end': 102, 'char_start': 93, 'lemma': 'Meseraicus', 'pos': 'PROPN', 'sentence_id': 'noscemus_1085290_29526', 'token_id': 32646753, 'token_text': 'Meseraica'}
 {'char_end': 104, 'char_start': 103, 'lemma': '&', 'pos': 'PUNCT', 'sentence_id': 'noscemus_1085290_29526', 'token_id': 32646754, 'token_text': '&'}
 {'char_end': 116, 'char_start': 105, 'lemma': 'labyrinthus', 'pos': 'PROPN', 'sentence_id': 'noscemus_1085290_29526', 'token_id': 32646755, 'token_text': 'Labyrinthum'}
 {'char_end': 119, 'char_start': 117, 'lemma': 'in', 'pos': 'ADP', 'sentence_id': 'noscemus_1085290_29526', 'token_id': 32646756, 'token_text': 'in'}
 {'char_end': 125, 'char_start': 120, 'lemma': 'ductus', 'pos': 'NOUN', 'sentence_id': 'noscemus_1085290_29526', 'token_id': 32646757, 'token_text': 'Ductu'}
 {'char_end': 131, 'char_start': 126, 'lemma': 'Roifis', 'pos': 'ADJ', 'sentence_id': 'noscemus_1085290_29526', 'token_id': 32646758, 'token_text': 'Roife'}
 {'char_end': 134, 'char_start': 132, 'lemma': 'ros', 'pos': 'NOUN', 'sentence_id': 'noscemus_1085290_29526', 'token_id': 32646759, 'token_text': 'ro'}
 {'char_end': 135, 'char_start': 134, 'lemma': '.', 'pos': 'PUNCT', 'sentence_id': 'noscemus_1085290_29526', 'token_id': 32646760, 'token_text': '.'}
 {'char_end': 8, 'char_start': 0, 'lemma': 'accedo', 'pos': 'VERB', 'sentence_id': 'noscemus_1085290_29527', 'token_id': 32646761, 'token_text': 'Accessit'}
 {'char_end': 12, 'char_start': 9, 'lemma': 'Joh', 'pos': 'PROPN', 'sentence_id': 'noscemus_1085290_29527', 'token_id': 32646762, 'token_text': 'Joh'}
 {'char_end': 13, 'char_start': 12, 'lemma': '.', 'pos': 'PUNCT', 'sentence_id': 'noscemus_1085290_29527', 'token_id': 32646763, 'token_text': '.'}
 {'char_end': 5, 'char_start': 0, 'lemma': 'Jacob', 'pos': 'PROPN', 'sentence_id': 'noscemus_1085290_29528', 'token_id': 32646764, 'token_text': 'Jacob'}
 {'char_end': 6, 'char_start': 5, 'lemma': '.', 'pos': 'PUNCT', 'sentence_id': 'noscemus_1085290_29528', 'token_id': 32646765, 'token_text': '.'}]",1637.0,1637.0,1637.0,,,"Textbook, Bibliography",Medicine,32646755,105,116
240,Prudentius Trecensis,De praedestinatione,cc_9051,cc_9051_219,"Jam nunc in nomine [dei] et adjutorio labyrinthum tuarum haereseon adituri, gratiam ejus sine quo nihil sumus, scimus et possumus, inuocemus, ut ipsa duce tuas inextricabiles moras penetrare easque inoffenso gressu euadere ualeamus, nequaquam tui quadruuii innodationibus ac deprauationibus, sed auctoritati et ueritati medullitus innitentes.","U, 14 et 15). | Jam nunc in nomine [dei] et adjutorio labyrinthum tuarum haereseon adituri, gratiam ejus sine quo nihil sumus, scimus et possumus, inuocemus, ut ipsa duce tuas inextricabiles moras penetrare easque inoffenso gressu euadere ualeamus, nequaquam tui quadruuii innodationibus ac deprauationibus, sed auctoritati et ueritati medullitus innitentes. | Igitur per copiosam praefationis tuae disputationem, qua ueram philosophiam ueram esse religionem ueraciter astruis, sed inueniendam disciplinarum saecularium eruditione fallaciter affirmas, cum uera religio fide et Dei gratia, non humanis adinuentionibus assequatur atque approbetur;",confusion_metaphorics,"[{'char_end': 3, 'char_start': 0, 'lemma': '', 'pos': 'ADV', 'sentence_id': 'cc_9051_219', 'token_id': 191435934, 'token_text': 'Jam'}
 {'char_end': 8, 'char_start': 4, 'lemma': 'nunc', 'pos': 'ADV', 'sentence_id': 'cc_9051_219', 'token_id': 191435935, 'token_text': 'nunc'}
 {'char_end': 11, 'char_start': 9, 'lemma': 'in', 'pos': 'ADP', 'sentence_id': 'cc_9051_219', 'token_id': 191435936, 'token_text': 'in'}
 {'char_end': 18, 'char_start': 12, 'lemma': 'nomen', 'pos': 'NOUN', 'sentence_id': 'cc_9051_219', 'token_id': 191435937, 'token_text': 'nomine'}
 {'char_end': 20, 'char_start': 19, 'lemma': '[', 'pos': 'PUNCT', 'sentence_id': 'cc_9051_219', 'token_id': 191435938, 'token_text': '['}
 {'char_end': 23, 'char_start': 20, 'lemma': 'deus', 'pos': 'NOUN', 'sentence_id': 'cc_9051_219', 'token_id': 191435939, 'token_text': 'dei'}
 {'char_end': 24, 'char_start': 23, 'lemma': ']', 'pos': 'PUNCT', 'sentence_id': 'cc_9051_219', 'token_id': 191435940, 'token_text': ']'}
 {'char_end': 27, 'char_start': 25, 'lemma': 'et', 'pos': 'CCONJ', 'sentence_id': 'cc_9051_219', 'token_id': 191435941, 'token_text': 'et'}
 {'char_end': 37, 'char_start': 28, 'lemma': 'adiutorium', 'pos': 'NOUN', 'sentence_id': 'cc_9051_219', 'token_id': 191435942, 'token_text': 'adjutorio'}
 {'char_end': 49, 'char_start': 38, 'lemma': 'labyrinthus', 'pos': 'NOUN', 'sentence_id': 'cc_9051_219', 'token_id': 191435943, 'token_text': 'labyrinthum'}
 {'char_end': 56, 'char_start': 50, 'lemma': 'tuus', 'pos': 'DET', 'sentence_id': 'cc_9051_219', 'token_id': 191435944, 'token_text': 'tuarum'}
 {'char_end': 66, 'char_start': 57, 'lemma': '', 'pos': 'NOUN', 'sentence_id': 'cc_9051_219', 'token_id': 191435945, 'token_text': 'haereseon'}
 {'char_end': 74, 'char_start': 67, 'lemma': 'adiio', 'pos': 'VERB', 'sentence_id': 'cc_9051_219', 'token_id': 191435946, 'token_text': 'adituri'}
 {'char_end': 75, 'char_start': 74, 'lemma': ',', 'pos': 'PUNCT', 'sentence_id': 'cc_9051_219', 'token_id': 191435947, 'token_text': ','}
 {'char_end': 83, 'char_start': 76, 'lemma': 'gratia', 'pos': 'NOUN', 'sentence_id': 'cc_9051_219', 'token_id': 191435948, 'token_text': 'gratiam'}
 {'char_end': 88, 'char_start': 84, 'lemma': 'ejus', 'pos': 'DET', 'sentence_id': 'cc_9051_219', 'token_id': 191435949, 'token_text': 'ejus'}
 {'char_end': 93, 'char_start': 89, 'lemma': 'sine', 'pos': 'ADP', 'sentence_id': 'cc_9051_219', 'token_id': 191435950, 'token_text': 'sine'}
 {'char_end': 97, 'char_start': 94, 'lemma': 'qui', 'pos': 'PRON', 'sentence_id': 'cc_9051_219', 'token_id': 191435951, 'token_text': 'quo'}
 {'char_end': 103, 'char_start': 98, 'lemma': 'nihil', 'pos': 'PRON', 'sentence_id': 'cc_9051_219', 'token_id': 191435952, 'token_text': 'nihil'}
 {'char_end': 109, 'char_start': 104, 'lemma': 'sum', 'pos': 'AUX', 'sentence_id': 'cc_9051_219', 'token_id': 191435953, 'token_text': 'sumus'}
 {'char_end': 110, 'char_start': 109, 'lemma': ',', 'pos': 'PUNCT', 'sentence_id': 'cc_9051_219', 'token_id': 191435954, 'token_text': ','}
 {'char_end': 117, 'char_start': 111, 'lemma': 'scio', 'pos': 'VERB', 'sentence_id': 'cc_9051_219', 'token_id': 191435955, 'token_text': 'scimus'}
 {'char_end': 120, 'char_start': 118, 'lemma': 'et', 'pos': 'CCONJ', 'sentence_id': 'cc_9051_219', 'token_id': 191435956, 'token_text': 'et'}
 {'char_end': 129, 'char_start': 121, 'lemma': 'possum', 'pos': 'VERB', 'sentence_id': 'cc_9051_219', 'token_id': 191435957, 'token_text': 'possumus'}
 {'char_end': 130, 'char_start': 129, 'lemma': ',', 'pos': 'PUNCT', 'sentence_id': 'cc_9051_219', 'token_id': 191435958, 'token_text': ','}
 {'char_end': 140, 'char_start': 131, 'lemma': 'inuoco', 'pos': 'VERB', 'sentence_id': 'cc_9051_219', 'token_id': 191435959, 'token_text': 'inuocemus'}
 {'char_end': 141, 'char_start': 140, 'lemma': ',', 'pos': 'PUNCT', 'sentence_id': 'cc_9051_219', 'token_id': 191435960, 'token_text': ','}
 {'char_end': 144, 'char_start': 142, 'lemma': 'ut', 'pos': 'SCONJ', 'sentence_id': 'cc_9051_219', 'token_id': 191435961, 'token_text': 'ut'}
 {'char_end': 149, 'char_start': 145, 'lemma': 'ipse', 'pos': 'DET', 'sentence_id': 'cc_9051_219', 'token_id': 191435962, 'token_text': 'ipsa'}
 {'char_end': 154, 'char_start': 150, 'lemma': 'dux', 'pos': 'NOUN', 'sentence_id': 'cc_9051_219', 'token_id': 191435963, 'token_text': 'duce'}
 {'char_end': 159, 'char_start': 155, 'lemma': 'tuus', 'pos': 'DET', 'sentence_id': 'cc_9051_219', 'token_id': 191435964, 'token_text': 'tuas'}
 {'char_end': 174, 'char_start': 160, 'lemma': 'inextricabilis', 'pos': 'ADJ', 'sentence_id': 'cc_9051_219', 'token_id': 191435965, 'token_text': 'inextricabiles'}
 {'char_end': 180, 'char_start': 175, 'lemma': 'mora', 'pos': 'NOUN', 'sentence_id': 'cc_9051_219', 'token_id': 191435966, 'token_text': 'moras'}
 {'char_end': 190, 'char_start': 181, 'lemma': 'penetro', 'pos': 'VERB', 'sentence_id': 'cc_9051_219', 'token_id': 191435967, 'token_text': 'penetrare'}
 {'char_end': 194, 'char_start': 191, 'lemma': 'is', 'pos': 'PRON', 'sentence_id': 'cc_9051_219', 'token_id': 191435968, 'token_text': 'eas'}
 {'char_end': 197, 'char_start': 194, 'lemma': 'que', 'pos': 'CCONJ', 'sentence_id': 'cc_9051_219', 'token_id': 191435969, 'token_text': 'que'}
 {'char_end': 207, 'char_start': 198, 'lemma': 'inoffensus', 'pos': 'ADJ', 'sentence_id': 'cc_9051_219', 'token_id': 191435970, 'token_text': 'inoffenso'}
 {'char_end': 214, 'char_start': 208, 'lemma': 'gressus', 'pos': 'NOUN', 'sentence_id': 'cc_9051_219', 'token_id': 191435971, 'token_text': 'gressu'}
 {'char_end': 222, 'char_start': 215, 'lemma': 'euado', 'pos': 'VERB', 'sentence_id': 'cc_9051_219', 'token_id': 191435972, 'token_text': 'euadere'}
 {'char_end': 231, 'char_start': 223, 'lemma': 'ualeo', 'pos': 'VERB', 'sentence_id': 'cc_9051_219', 'token_id': 191435973, 'token_text': 'ualeamus'}
 {'char_end': 232, 'char_start': 231, 'lemma': ',', 'pos': 'PUNCT', 'sentence_id': 'cc_9051_219', 'token_id': 191435974, 'token_text': ','}
 {'char_end': 242, 'char_start': 233, 'lemma': 'nequaquam', 'pos': 'ADV', 'sentence_id': 'cc_9051_219', 'token_id': 191435975, 'token_text': 'nequaquam'}
 {'char_end': 246, 'char_start': 243, 'lemma': 'tu', 'pos': 'DET', 'sentence_id': 'cc_9051_219', 'token_id': 191435976, 'token_text': 'tui'}
 {'char_end': 256, 'char_start': 247, 'lemma': 'quadruuius', 'pos': 'NUM', 'sentence_id': 'cc_9051_219', 'token_id': 191435977, 'token_text': 'quadruuii'}
 {'char_end': 271, 'char_start': 257, 'lemma': 'innodatio', 'pos': 'NOUN', 'sentence_id': 'cc_9051_219', 'token_id': 191435978, 'token_text': 'innodationibus'}
 {'char_end': 274, 'char_start': 272, 'lemma': 'atque', 'pos': 'CCONJ', 'sentence_id': 'cc_9051_219', 'token_id': 191435979, 'token_text': 'ac'}
 {'char_end': 290, 'char_start': 275, 'lemma': 'deprauatio', 'pos': 'NOUN', 'sentence_id': 'cc_9051_219', 'token_id': 191435980, 'token_text': 'deprauationibus'}
 {'char_end': 291, 'char_start': 290, 'lemma': ',', 'pos': 'PUNCT', 'sentence_id': 'cc_9051_219', 'token_id': 191435981, 'token_text': ','}
 {'char_end': 295, 'char_start': 292, 'lemma': 'sed', 'pos': 'CCONJ', 'sentence_id': 'cc_9051_219', 'token_id': 191435982, 'token_text': 'sed'}
 {'char_end': 307, 'char_start': 296, 'lemma': 'auctoritas', 'pos': 'NOUN', 'sentence_id': 'cc_9051_219', 'token_id': 191435983, 'token_text': 'auctoritati'}
 {'char_end': 310, 'char_start': 308, 'lemma': 'et', 'pos': 'CCONJ', 'sentence_id': 'cc_9051_219', 'token_id': 191435984, 'token_text': 'et'}
 {'char_end': 319, 'char_start': 311, 'lemma': 'ueritas', 'pos': 'NOUN', 'sentence_id': 'cc_9051_219', 'token_id': 191435985, 'token_text': 'ueritati'}
 {'char_end': 330, 'char_start': 320, 'lemma': 'medullitus', 'pos': 'ADV', 'sentence_id': 'cc_9051_219', 'token_id': 191435986, 'token_text': 'medullitus'}
 {'char_end': 341, 'char_start': 331, 'lemma': 'innitor', 'pos': 'VERB', 'sentence_id': 'cc_9051_219', 'token_id': 191435987, 'token_text': 'innitentes'}
 {'char_end': 342, 'char_start': 341, 'lemma': '.', 'pos': 'PUNCT', 'sentence_id': 'cc_9051_219', 'token_id': 191435988, 'token_text': '.'}]","[{'char_end': 13, 'char_start': 12, 'lemma': '.', 'pos': 'PUNCT', 'sentence_id': 'cc_9051_218', 'token_id': 191435933, 'token_text': '.'}
 {'char_end': 3, 'char_start': 0, 'lemma': '', 'pos': 'ADV', 'sentence_id': 'cc_9051_219', 'token_id': 191435934, 'token_text': 'Jam'}
 {'char_end': 8, 'char_start': 4, 'lemma': 'nunc', 'pos': 'ADV', 'sentence_id': 'cc_9051_219', 'token_id': 191435935, 'token_text': 'nunc'}
 {'char_end': 11, 'char_start': 9, 'lemma': 'in', 'pos': 'ADP', 'sentence_id': 'cc_9051_219', 'token_id': 191435936, 'token_text': 'in'}
 {'char_end': 18, 'char_start': 12, 'lemma': 'nomen', 'pos': 'NOUN', 'sentence_id': 'cc_9051_219', 'token_id': 191435937, 'token_text': 'nomine'}
 {'char_end': 20, 'char_start': 19, 'lemma': '[', 'pos': 'PUNCT', 'sentence_id': 'cc_9051_219', 'token_id': 191435938, 'token_text': '['}
 {'char_end': 23, 'char_start': 20, 'lemma': 'deus', 'pos': 'NOUN', 'sentence_id': 'cc_9051_219', 'token_id': 191435939, 'token_text': 'dei'}
 {'char_end': 24, 'char_start': 23, 'lemma': ']', 'pos': 'PUNCT', 'sentence_id': 'cc_9051_219', 'token_id': 191435940, 'token_text': ']'}
 {'char_end': 27, 'char_start': 25, 'lemma': 'et', 'pos': 'CCONJ', 'sentence_id': 'cc_9051_219', 'token_id': 191435941, 'token_text': 'et'}
 {'char_end': 37, 'char_start': 28, 'lemma': 'adiutorium', 'pos': 'NOUN', 'sentence_id': 'cc_9051_219', 'token_id': 191435942, 'token_text': 'adjutorio'}
 {'char_end': 49, 'char_start': 38, 'lemma': 'labyrinthus', 'pos': 'NOUN', 'sentence_id': 'cc_9051_219', 'token_id': 191435943, 'token_text': 'labyrinthum'}
 {'char_end': 56, 'char_start': 50, 'lemma': 'tuus', 'pos': 'DET', 'sentence_id': 'cc_9051_219', 'token_id': 191435944, 'token_text': 'tuarum'}
 {'char_end': 66, 'char_start': 57, 'lemma': '', 'pos': 'NOUN', 'sentence_id': 'cc_9051_219', 'token_id': 191435945, 'token_text': 'haereseon'}
 {'char_end': 74, 'char_start': 67, 'lemma': 'adiio', 'pos': 'VERB', 'sentence_id': 'cc_9051_219', 'token_id': 191435946, 'token_text': 'adituri'}
 {'char_end': 75, 'char_start': 74, 'lemma': ',', 'pos': 'PUNCT', 'sentence_id': 'cc_9051_219', 'token_id': 191435947, 'token_text': ','}
 {'char_end': 83, 'char_start': 76, 'lemma': 'gratia', 'pos': 'NOUN', 'sentence_id': 'cc_9051_219', 'token_id': 191435948, 'token_text': 'gratiam'}
 {'char_end': 88, 'char_start': 84, 'lemma': 'ejus', 'pos': 'DET', 'sentence_id': 'cc_9051_219', 'token_id': 191435949, 'token_text': 'ejus'}
 {'char_end': 93, 'char_start': 89, 'lemma': 'sine', 'pos': 'ADP', 'sentence_id': 'cc_9051_219', 'token_id': 191435950, 'token_text': 'sine'}
 {'char_end': 97, 'char_start': 94, 'lemma': 'qui', 'pos': 'PRON', 'sentence_id': 'cc_9051_219', 'token_id': 191435951, 'token_text': 'quo'}
 {'char_end': 103, 'char_start': 98, 'lemma': 'nihil', 'pos': 'PRON', 'sentence_id': 'cc_9051_219', 'token_id': 191435952, 'token_text': 'nihil'}
 {'char_end': 109, 'char_start': 104, 'lemma': 'sum', 'pos': 'AUX', 'sentence_id': 'cc_9051_219', 'token_id': 191435953, 'token_text': 'sumus'}]",861.0,861.0,861.0,,,,,191435943,38,49
577,"Magnus, Olaus","Historia de gentibus septentrionalibus earumque diversis statibus, conditionibus, moribus, ritibus, superstitionibus, disciplinis, exercitiis, regimine, victu, bellis, structuris, instrumentis ac mineris metallicis et rebus mirabilibus necnon universis pene animalibus in septentrione degentibus eorumque natura. Opus ut varium plurimarumque rerum cognitione refertum atque cum exemplis externis, tum expressis rerum internarum picturis illustratum, ita delectatione iucunditateque plenum, maxima lectoris animum voluptate facile perfundens. Autore Olao Magno Gotho, archiepiscopo Upsalensi, Suetiae et Gothiae primate. Cum indice locupletissimo",noscemus_725081,noscemus_725081_4780,"Labyrinthus Huic speculationi si quis aliquid superaddere tempus habuerit, uideat labyrinthum Porsenae.","os introspiciant accedentes, & immergantur, quousque possint spiritum continere. | os introspiciant accedentes, & immergantur, quousque possint spiritum continere. | Labyrinthus Huic speculationi si quis aliquid superaddere tempus habuerit, uideat labyrinthum Porsenae. | Labyrinthus Huic speculationi si quis aliquid superaddere tempus habuerit, uideat labyrinthum Porsenae. | Porsenae Regis Hetruriae: | Porsenae Regis Hetruriae:",technical_literal,"[{'char_end': 11, 'char_start': 0, 'lemma': 'labyrinthus', 'pos': 'NOUN', 'sentence_id': 'noscemus_725081_4780', 'token_id': 9884826, 'token_text': 'Labyrinthus'}
 {'char_end': 16, 'char_start': 12, 'lemma': 'hic', 'pos': 'DET', 'sentence_id': 'noscemus_725081_4780', 'token_id': 9884827, 'token_text': 'Huic'}
 {'char_end': 29, 'char_start': 17, 'lemma': 'speculatio', 'pos': 'NOUN', 'sentence_id': 'noscemus_725081_4780', 'token_id': 9884828, 'token_text': 'speculationi'}
 {'char_end': 32, 'char_start': 30, 'lemma': 'si', 'pos': 'SCONJ', 'sentence_id': 'noscemus_725081_4780', 'token_id': 9884829, 'token_text': 'si'}
 {'char_end': 37, 'char_start': 33, 'lemma': 'quis', 'pos': 'ADJ', 'sentence_id': 'noscemus_725081_4780', 'token_id': 9884830, 'token_text': 'quis'}
 {'char_end': 45, 'char_start': 38, 'lemma': 'aliquis', 'pos': 'PRON', 'sentence_id': 'noscemus_725081_4780', 'token_id': 9884831, 'token_text': 'aliquid'}
 {'char_end': 57, 'char_start': 46, 'lemma': 'superaddo', 'pos': 'VERB', 'sentence_id': 'noscemus_725081_4780', 'token_id': 9884832, 'token_text': 'superaddere'}
 {'char_end': 64, 'char_start': 58, 'lemma': 'tempus', 'pos': 'NOUN', 'sentence_id': 'noscemus_725081_4780', 'token_id': 9884833, 'token_text': 'tempus'}
 {'char_end': 73, 'char_start': 65, 'lemma': 'habeo', 'pos': 'VERB', 'sentence_id': 'noscemus_725081_4780', 'token_id': 9884834, 'token_text': 'habuerit'}
 {'char_end': 74, 'char_start': 73, 'lemma': ',', 'pos': 'PUNCT', 'sentence_id': 'noscemus_725081_4780', 'token_id': 9884835, 'token_text': ','}
 {'char_end': 81, 'char_start': 75, 'lemma': 'uideo', 'pos': 'VERB', 'sentence_id': 'noscemus_725081_4780', 'token_id': 9884836, 'token_text': 'uideat'}
 {'char_end': 93, 'char_start': 82, 'lemma': 'labyrinthus', 'pos': 'NOUN', 'sentence_id': 'noscemus_725081_4780', 'token_id': 9884837, 'token_text': 'labyrinthum'}
 {'char_end': 102, 'char_start': 94, 'lemma': 'Porsena', 'pos': 'PROPN', 'sentence_id': 'noscemus_725081_4780', 'token_id': 9884838, 'token_text': 'Porsenae'}
 {'char_end': 103, 'char_start': 102, 'lemma': '.', 'pos': 'PUNCT', 'sentence_id': 'noscemus_725081_4780', 'token_id': 9884839, 'token_text': '.'}]","[{'char_end': 27, 'char_start': 17, 'lemma': 'accedo', 'pos': 'VERB', 'sentence_id': 'noscemus_725081_4779', 'token_id': 9884816, 'token_text': 'accedentes'}
 {'char_end': 28, 'char_start': 27, 'lemma': ',', 'pos': 'PUNCT', 'sentence_id': 'noscemus_725081_4779', 'token_id': 9884817, 'token_text': ','}
 {'char_end': 30, 'char_start': 29, 'lemma': '&', 'pos': 'PUNCT', 'sentence_id': 'noscemus_725081_4779', 'token_id': 9884818, 'token_text': '&'}
 {'char_end': 42, 'char_start': 31, 'lemma': 'immergo', 'pos': 'VERB', 'sentence_id': 'noscemus_725081_4779', 'token_id': 9884819, 'token_text': 'immergantur'}
 {'char_end': 43, 'char_start': 42, 'lemma': ',', 'pos': 'PUNCT', 'sentence_id': 'noscemus_725081_4779', 'token_id': 9884820, 'token_text': ','}
 {'char_end': 52, 'char_start': 44, 'lemma': 'quousque', 'pos': 'SCONJ', 'sentence_id': 'noscemus_725081_4779', 'token_id': 9884821, 'token_text': 'quousque'}
 {'char_end': 60, 'char_start': 53, 'lemma': 'possum', 'pos': 'VERB', 'sentence_id': 'noscemus_725081_4779', 'token_id': 9884822, 'token_text': 'possint'}
 {'char_end': 69, 'char_start': 61, 'lemma': 'spiritus', 'pos': 'NOUN', 'sentence_id': 'noscemus_725081_4779', 'token_id': 9884823, 'token_text': 'spiritum'}
 {'char_end': 79, 'char_start': 70, 'lemma': 'contineo', 'pos': 'VERB', 'sentence_id': 'noscemus_725081_4779', 'token_id': 9884824, 'token_text': 'continere'}
 {'char_end': 80, 'char_start': 79, 'lemma': '.', 'pos': 'PUNCT', 'sentence_id': 'noscemus_725081_4779', 'token_id': 9884825, 'token_text': '.'}
 {'char_end': 11, 'char_start': 0, 'lemma': 'labyrinthus', 'pos': 'NOUN', 'sentence_id': 'noscemus_725081_4780', 'token_id': 9884826, 'token_text': 'Labyrinthus'}
 {'char_end': 16, 'char_start': 12, 'lemma': 'hic', 'pos': 'DET', 'sentence_id': 'noscemus_725081_4780', 'token_id': 9884827, 'token_text': 'Huic'}
 {'char_end': 29, 'char_start': 17, 'lemma': 'speculatio', 'pos': 'NOUN', 'sentence_id': 'noscemus_725081_4780', 'token_id': 9884828, 'token_text': 'speculationi'}
 {'char_end': 32, 'char_start': 30, 'lemma': 'si', 'pos': 'SCONJ', 'sentence_id': 'noscemus_725081_4780', 'token_id': 9884829, 'token_text': 'si'}
 {'char_end': 37, 'char_start': 33, 'lemma': 'quis', 'pos': 'ADJ', 'sentence_id': 'noscemus_725081_4780', 'token_id': 9884830, 'token_text': 'quis'}
 {'char_end': 45, 'char_start': 38, 'lemma': 'aliquis', 'pos': 'PRON', 'sentence_id': 'noscemus_725081_4780', 'token_id': 9884831, 'token_text': 'aliquid'}
 {'char_end': 57, 'char_start': 46, 'lemma': 'superaddo', 'pos': 'VERB', 'sentence_id': 'noscemus_725081_4780', 'token_id': 9884832, 'token_text': 'superaddere'}
 {'char_end': 64, 'char_start': 58, 'lemma': 'tempus', 'pos': 'NOUN', 'sentence_id': 'noscemus_725081_4780', 'token_id': 9884833, 'token_text': 'tempus'}
 {'char_end': 73, 'char_start': 65, 'lemma': 'habeo', 'pos': 'VERB', 'sentence_id': 'noscemus_725081_4780', 'token_id': 9884834, 'token_text': 'habuerit'}
 {'char_end': 74, 'char_start': 73, 'lemma': ',', 'pos': 'PUNCT', 'sentence_id': 'noscemus_725081_4780', 'token_id': 9884835, 'token_text': ','}
 {'char_end': 81, 'char_start': 75, 'lemma': 'uideo', 'pos': 'VERB', 'sentence_id': 'noscemus_725081_4780', 'token_id': 9884836, 'token_text': 'uideat'}]",1555.0,1555.0,1555.0,,,"Other (see description), Encyclopedic work","Geography/Cartography, Meteorology/Earth sciences, Biology, Other (see description)",9884826,0,11
141,"Masenius, Jacobus",Exercitationes Oratoriae,cc_13980,cc_13980_1777,"Iam mihi fastidium in hoc labyrintho obrepit, ad filum et exitum specto Bacchus.","Ne haec muliebris contentio suisse uideatur, quae finem non reperiat. | Iam mihi fastidium in hoc labyrintho obrepit, ad filum et exitum specto Bacchus. | Uolabo.",confusion_metaphorics,"[{'char_end': 3, 'char_start': 0, 'lemma': 'iam', 'pos': 'ADV', 'sentence_id': 'cc_13980_1777', 'token_id': 207998222, 'token_text': 'Iam'}
 {'char_end': 8, 'char_start': 4, 'lemma': 'ego', 'pos': 'PRON', 'sentence_id': 'cc_13980_1777', 'token_id': 207998223, 'token_text': 'mihi'}
 {'char_end': 18, 'char_start': 9, 'lemma': 'fastidium', 'pos': 'NOUN', 'sentence_id': 'cc_13980_1777', 'token_id': 207998224, 'token_text': 'fastidium'}
 {'char_end': 21, 'char_start': 19, 'lemma': 'in', 'pos': 'ADP', 'sentence_id': 'cc_13980_1777', 'token_id': 207998225, 'token_text': 'in'}
 {'char_end': 25, 'char_start': 22, 'lemma': 'hic', 'pos': 'DET', 'sentence_id': 'cc_13980_1777', 'token_id': 207998226, 'token_text': 'hoc'}
 {'char_end': 36, 'char_start': 26, 'lemma': 'labyrinthus', 'pos': 'NOUN', 'sentence_id': 'cc_13980_1777', 'token_id': 207998227, 'token_text': 'labyrintho'}
 {'char_end': 44, 'char_start': 37, 'lemma': 'obrepo', 'pos': 'VERB', 'sentence_id': 'cc_13980_1777', 'token_id': 207998228, 'token_text': 'obrepit'}
 {'char_end': 45, 'char_start': 44, 'lemma': ',', 'pos': 'PUNCT', 'sentence_id': 'cc_13980_1777', 'token_id': 207998229, 'token_text': ','}
 {'char_end': 48, 'char_start': 46, 'lemma': 'ad', 'pos': 'ADP', 'sentence_id': 'cc_13980_1777', 'token_id': 207998230, 'token_text': 'ad'}
 {'char_end': 54, 'char_start': 49, 'lemma': 'filum', 'pos': 'NOUN', 'sentence_id': 'cc_13980_1777', 'token_id': 207998231, 'token_text': 'filum'}
 {'char_end': 57, 'char_start': 55, 'lemma': 'et', 'pos': 'CCONJ', 'sentence_id': 'cc_13980_1777', 'token_id': 207998232, 'token_text': 'et'}
 {'char_end': 64, 'char_start': 58, 'lemma': 'exitus', 'pos': 'NOUN', 'sentence_id': 'cc_13980_1777', 'token_id': 207998233, 'token_text': 'exitum'}
 {'char_end': 71, 'char_start': 65, 'lemma': 'specto', 'pos': 'VERB', 'sentence_id': 'cc_13980_1777', 'token_id': 207998234, 'token_text': 'specto'}
 {'char_end': 79, 'char_start': 72, 'lemma': 'Bacchus', 'pos': 'PROPN', 'sentence_id': 'cc_13980_1777', 'token_id': 207998235, 'token_text': 'Bacchus'}
 {'char_end': 80, 'char_start': 79, 'lemma': '.', 'pos': 'PUNCT', 'sentence_id': 'cc_13980_1777', 'token_id': 207998236, 'token_text': '.'}]","[{'char_end': 49, 'char_start': 45, 'lemma': 'qui', 'pos': 'PRON', 'sentence_id': 'cc_13980_1776', 'token_id': 207998217, 'token_text': 'quae'}
 {'char_end': 55, 'char_start': 50, 'lemma': 'finis', 'pos': 'NOUN', 'sentence_id': 'cc_13980_1776', 'token_id': 207998218, 'token_text': 'finem'}
 {'char_end': 59, 'char_start': 56, 'lemma': 'non', 'pos': 'PART', 'sentence_id': 'cc_13980_1776', 'token_id': 207998219, 'token_text': 'non'}
 {'char_end': 68, 'char_start': 60, 'lemma': 'reperio', 'pos': 'VERB', 'sentence_id': 'cc_13980_1776', 'token_id': 207998220, 'token_text': 'reperiat'}
 {'char_end': 69, 'char_start': 68, 'lemma': '.', 'pos': 'PUNCT', 'sentence_id': 'cc_13980_1776', 'token_id': 207998221, 'token_text': '.'}
 {'char_end': 3, 'char_start': 0, 'lemma': 'iam', 'pos': 'ADV', 'sentence_id': 'cc_13980_1777', 'token_id': 207998222, 'token_text': 'Iam'}
 {'char_end': 8, 'char_start': 4, 'lemma': 'ego', 'pos': 'PRON', 'sentence_id': 'cc_13980_1777', 'token_id': 207998223, 'token_text': 'mihi'}
 {'char_end': 18, 'char_start': 9, 'lemma': 'fastidium', 'pos': 'NOUN', 'sentence_id': 'cc_13980_1777', 'token_id': 207998224, 'token_text': 'fastidium'}
 {'char_end': 21, 'char_start': 19, 'lemma': 'in', 'pos': 'ADP', 'sentence_id': 'cc_13980_1777', 'token_id': 207998225, 'token_text': 'in'}
 {'char_end': 25, 'char_start': 22, 'lemma': 'hic', 'pos': 'DET', 'sentence_id': 'cc_13980_1777', 'token_id': 207998226, 'token_text': 'hoc'}
 {'char_end': 36, 'char_start': 26, 'lemma': 'labyrinthus', 'pos': 'NOUN', 'sentence_id': 'cc_13980_1777', 'token_id': 207998227, 'token_text': 'labyrintho'}
 {'char_end': 44, 'char_start': 37, 'lemma': 'obrepo', 'pos': 'VERB', 'sentence_id': 'cc_13980_1777', 'token_id': 207998228, 'token_text': 'obrepit'}
 {'char_end': 45, 'char_start': 44, 'lemma': ',', 'pos': 'PUNCT', 'sentence_id': 'cc_13980_1777', 'token_id': 207998229, 'token_text': ','}
 {'char_end': 48, 'char_start': 46, 'lemma': 'ad', 'pos': 'ADP', 'sentence_id': 'cc_13980_1777', 'token_id': 207998230, 'token_text': 'ad'}
 {'char_end': 54, 'char_start': 49, 'lemma': 'filum', 'pos': 'NOUN', 'sentence_id': 'cc_13980_1777', 'token_id': 207998231, 'token_text': 'filum'}
 {'char_end': 57, 'char_start': 55, 'lemma': 'et', 'pos': 'CCONJ', 'sentence_id': 'cc_13980_1777', 'token_id': 207998232, 'token_text': 'et'}
 {'char_end': 64, 'char_start': 58, 'lemma': 'exitus', 'pos': 'NOUN', 'sentence_id': 'cc_13980_1777', 'token_id': 207998233, 'token_text': 'exitum'}
 {'char_end': 71, 'char_start': 65, 'lemma': 'specto', 'pos': 'VERB', 'sentence_id': 'cc_13980_1777', 'token_id': 207998234, 'token_text': 'specto'}
 {'char_end': 79, 'char_start': 72, 'lemma': 'Bacchus', 'pos': 'PROPN', 'sentence_id': 'cc_13980_1777', 'token_id': 207998235, 'token_text': 'Bacchus'}
 {'char_end': 80, 'char_start': 79, 'lemma': '.', 'pos': 'PUNCT', 'sentence_id': 'cc_13980_1777', 'token_id': 207998236, 'token_text': '.'}
 {'char_end': 6, 'char_start': 0, 'lemma': 'uolo', 'pos': 'VERB', 'sentence_id': 'cc_13980_1778', 'token_id': 207998237, 'token_text': 'Uolabo'}]",1606.0,1681.0,1680.0,,,,,207998227,26,36
775,"Kepler, Johannes","Astronomia nova ΑΙΤΙΟΛΟΓΗΤΟΣ (AITIOLOGETOS) seu physica coelestis, tradita commentariis de motibus stellae Martis ex observationibus G.V. Tychonis Brahe, iussu et sumptibus Rudolphi II. Romanorum Imperatoris etc. Plurium annorum pertinaci studio elaborata Pragae, Sacrae Caesaris Maiestatis Suae mathematico Joanne Keplero.",noscemus_807626,noscemus_807626_500,"Erunt enim, quibus haec tabula squam ego pro filo exhibeo ad remeandum ex Operis labyrintho) Nodo Gordio intricatior uidebitur.","Uerumenimuero ne Synopsis quidem omnes ex aequo juuat. | Erunt enim, quibus haec tabula squam ego pro filo exhibeo ad remeandum ex Operis labyrintho) Nodo Gordio intricatior uidebitur. | Incorum igitur gratiam multa hic in fronte collocaridebent aceruatim, quae partim per opus dispersa, non ita facile in transcursu animaduertentur.",scientific_complexity_metaphorics,"[{'char_end': 5, 'char_start': 0, 'lemma': 'sum', 'pos': 'AUX', 'sentence_id': 'noscemus_807626_500', 'token_id': 110190199, 'token_text': 'Erunt'}
 {'char_end': 10, 'char_start': 6, 'lemma': 'enim', 'pos': 'PART', 'sentence_id': 'noscemus_807626_500', 'token_id': 110190200, 'token_text': 'enim'}
 {'char_end': 11, 'char_start': 10, 'lemma': ',', 'pos': 'PUNCT', 'sentence_id': 'noscemus_807626_500', 'token_id': 110190201, 'token_text': ','}
 {'char_end': 18, 'char_start': 12, 'lemma': 'qui', 'pos': 'PRON', 'sentence_id': 'noscemus_807626_500', 'token_id': 110190202, 'token_text': 'quibus'}
 {'char_end': 23, 'char_start': 19, 'lemma': 'hic', 'pos': 'DET', 'sentence_id': 'noscemus_807626_500', 'token_id': 110190203, 'token_text': 'haec'}
 {'char_end': 30, 'char_start': 24, 'lemma': 'tabula', 'pos': 'NOUN', 'sentence_id': 'noscemus_807626_500', 'token_id': 110190204, 'token_text': 'tabula'}
 {'char_end': 36, 'char_start': 31, 'lemma': 'squam', 'pos': 'ADV', 'sentence_id': 'noscemus_807626_500', 'token_id': 110190205, 'token_text': 'squam'}
 {'char_end': 40, 'char_start': 37, 'lemma': 'ego', 'pos': 'PRON', 'sentence_id': 'noscemus_807626_500', 'token_id': 110190206, 'token_text': 'ego'}
 {'char_end': 44, 'char_start': 41, 'lemma': 'pro', 'pos': 'ADP', 'sentence_id': 'noscemus_807626_500', 'token_id': 110190207, 'token_text': 'pro'}
 {'char_end': 49, 'char_start': 45, 'lemma': 'filum', 'pos': 'NOUN', 'sentence_id': 'noscemus_807626_500', 'token_id': 110190208, 'token_text': 'filo'}
 {'char_end': 57, 'char_start': 50, 'lemma': 'exhibeo', 'pos': 'VERB', 'sentence_id': 'noscemus_807626_500', 'token_id': 110190209, 'token_text': 'exhibeo'}
 {'char_end': 60, 'char_start': 58, 'lemma': 'ad', 'pos': 'ADP', 'sentence_id': 'noscemus_807626_500', 'token_id': 110190210, 'token_text': 'ad'}
 {'char_end': 70, 'char_start': 61, 'lemma': 'remeo', 'pos': 'VERB', 'sentence_id': 'noscemus_807626_500', 'token_id': 110190211, 'token_text': 'remeandum'}
 {'char_end': 73, 'char_start': 71, 'lemma': 'ex', 'pos': 'ADP', 'sentence_id': 'noscemus_807626_500', 'token_id': 110190212, 'token_text': 'ex'}
 {'char_end': 80, 'char_start': 74, 'lemma': 'Opus', 'pos': 'PROPN', 'sentence_id': 'noscemus_807626_500', 'token_id': 110190213, 'token_text': 'Operis'}
 {'char_end': 91, 'char_start': 81, 'lemma': 'labyrinthus', 'pos': 'NOUN', 'sentence_id': 'noscemus_807626_500', 'token_id': 110190214, 'token_text': 'labyrintho'}
 {'char_end': 92, 'char_start': 91, 'lemma': ')', 'pos': 'PUNCT', 'sentence_id': 'noscemus_807626_500', 'token_id': 110190215, 'token_text': ')'}
 {'char_end': 97, 'char_start': 93, 'lemma': 'nodo', 'pos': 'ADV', 'sentence_id': 'noscemus_807626_500', 'token_id': 110190216, 'token_text': 'Nodo'}
 {'char_end': 104, 'char_start': 98, 'lemma': 'Gordium', 'pos': 'NOUN', 'sentence_id': 'noscemus_807626_500', 'token_id': 110190217, 'token_text': 'Gordio'}
 {'char_end': 116, 'char_start': 105, 'lemma': 'intricatus', 'pos': 'ADJ', 'sentence_id': 'noscemus_807626_500', 'token_id': 110190218, 'token_text': 'intricatior'}
 {'char_end': 126, 'char_start': 117, 'lemma': 'uideo', 'pos': 'VERB', 'sentence_id': 'noscemus_807626_500', 'token_id': 110190219, 'token_text': 'uidebitur'}
 {'char_end': 127, 'char_start': 126, 'lemma': '.', 'pos': 'PUNCT', 'sentence_id': 'noscemus_807626_500', 'token_id': 110190220, 'token_text': '.'}]","[{'char_end': 30, 'char_start': 24, 'lemma': 'tabula', 'pos': 'NOUN', 'sentence_id': 'noscemus_807626_500', 'token_id': 110190204, 'token_text': 'tabula'}
 {'char_end': 36, 'char_start': 31, 'lemma': 'squam', 'pos': 'ADV', 'sentence_id': 'noscemus_807626_500', 'token_id': 110190205, 'token_text': 'squam'}
 {'char_end': 40, 'char_start': 37, 'lemma': 'ego', 'pos': 'PRON', 'sentence_id': 'noscemus_807626_500', 'token_id': 110190206, 'token_text': 'ego'}
 {'char_end': 44, 'char_start': 41, 'lemma': 'pro', 'pos': 'ADP', 'sentence_id': 'noscemus_807626_500', 'token_id': 110190207, 'token_text': 'pro'}
 {'char_end': 49, 'char_start': 45, 'lemma': 'filum', 'pos': 'NOUN', 'sentence_id': 'noscemus_807626_500', 'token_id': 110190208, 'token_text': 'filo'}
 {'char_end': 57, 'char_start': 50, 'lemma': 'exhibeo', 'pos': 'VERB', 'sentence_id': 'noscemus_807626_500', 'token_id': 110190209, 'token_text': 'exhibeo'}
 {'char_end': 60, 'char_start': 58, 'lemma': 'ad', 'pos': 'ADP', 'sentence_id': 'noscemus_807626_500', 'token_id': 110190210, 'token_text': 'ad'}
 {'char_end': 70, 'char_start': 61, 'lemma': 'remeo', 'pos': 'VERB', 'sentence_id': 'noscemus_807626_500', 'token_id': 110190211, 'token_text': 'remeandum'}
 {'char_end': 73, 'char_start': 71, 'lemma': 'ex', 'pos': 'ADP', 'sentence_id': 'noscemus_807626_500', 'token_id': 110190212, 'token_text': 'ex'}
 {'char_end': 80, 'char_start': 74, 'lemma': 'Opus', 'pos': 'PROPN', 'sentence_id': 'noscemus_807626_500', 'token_id': 110190213, 'token_text': 'Operis'}
 {'char_end': 91, 'char_start': 81, 'lemma': 'labyrinthus', 'pos': 'NOUN', 'sentence_id': 'noscemus_807626_500', 'token_id': 110190214, 'token_text': 'labyrintho'}
 {'char_end': 92, 'char_start': 91, 'lemma': ')', 'pos': 'PUNCT', 'sentence_id': 'noscemus_807626_500', 'token_id': 110190215, 'token_text': ')'}
 {'char_end': 97, 'char_start': 93, 'lemma': 'nodo', 'pos': 'ADV', 'sentence_id': 'noscemus_807626_500', 'token_id': 110190216, 'token_text': 'Nodo'}
 {'char_end': 104, 'char_start': 98, 'lemma': 'Gordium', 'pos': 'NOUN', 'sentence_id': 'noscemus_807626_500', 'token_id': 110190217, 'token_text': 'Gordio'}
 {'char_end': 116, 'char_start': 105, 'lemma': 'intricatus', 'pos': 'ADJ', 'sentence_id': 'noscemus_807626_500', 'token_id': 110190218, 'token_text': 'intricatior'}
 {'char_end': 126, 'char_start': 117, 'lemma': 'uideo', 'pos': 'VERB', 'sentence_id': 'noscemus_807626_500', 'token_id': 110190219, 'token_text': 'uidebitur'}
 {'char_end': 127, 'char_start': 126, 'lemma': '.', 'pos': 'PUNCT', 'sentence_id': 'noscemus_807626_500', 'token_id': 110190220, 'token_text': '.'}
 {'char_end': 7, 'char_start': 0, 'lemma': 'incus', 'pos': 'NOUN', 'sentence_id': 'noscemus_807626_501', 'token_id': 110190221, 'token_text': 'Incorum'}
 {'char_end': 14, 'char_start': 8, 'lemma': 'igitur', 'pos': 'PART', 'sentence_id': 'noscemus_807626_501', 'token_id': 110190222, 'token_text': 'igitur'}
 {'char_end': 22, 'char_start': 15, 'lemma': 'gratia', 'pos': 'NOUN', 'sentence_id': 'noscemus_807626_501', 'token_id': 110190223, 'token_text': 'gratiam'}
 {'char_end': 28, 'char_start': 23, 'lemma': 'multus', 'pos': 'DET', 'sentence_id': 'noscemus_807626_501', 'token_id': 110190224, 'token_text': 'multa'}]",1609.0,1609.0,1609.0,,,"Monograph, Other (see description), Encyclopedic work",Astronomy/Astrology/Cosmography,110190214,81,91
503,"Harvey, William","Exercitationes de generatione animalium. Quibus accedunt quaedam de partu, de membranibus ac humoribus uteri et de conceptione",noscemus_704814,noscemus_704814_4773,"& num sit pars aliqua animae, aut anima, aut habens ani9 mam Quare ut in hac efficientis pulli disquisitione, a multiplicium caussarum Labyrintho tuto nos expediamus;","sit extrinsecum quid, an in genitura aut semine insitum: | & num sit pars aliqua animae, aut anima, aut habens ani9 mam Quare ut in hac efficientis pulli disquisitione, a multiplicium caussarum Labyrintho tuto nos expediamus; | opus est Ariadnaeo filo, ex omnium fere animalium obseruationibus rite contexto:",scientific_complexity_metaphorics,"[{'char_end': 1, 'char_start': 0, 'lemma': '&', 'pos': 'PUNCT', 'sentence_id': 'noscemus_704814_4773', 'token_id': 31862777, 'token_text': '&'}
 {'char_end': 5, 'char_start': 2, 'lemma': 'num', 'pos': 'PART', 'sentence_id': 'noscemus_704814_4773', 'token_id': 31862778, 'token_text': 'num'}
 {'char_end': 9, 'char_start': 6, 'lemma': 'sum', 'pos': 'AUX', 'sentence_id': 'noscemus_704814_4773', 'token_id': 31862779, 'token_text': 'sit'}
 {'char_end': 14, 'char_start': 10, 'lemma': 'pars', 'pos': 'NOUN', 'sentence_id': 'noscemus_704814_4773', 'token_id': 31862780, 'token_text': 'pars'}
 {'char_end': 21, 'char_start': 15, 'lemma': 'aliquis', 'pos': 'DET', 'sentence_id': 'noscemus_704814_4773', 'token_id': 31862781, 'token_text': 'aliqua'}
 {'char_end': 28, 'char_start': 22, 'lemma': 'anima', 'pos': 'NOUN', 'sentence_id': 'noscemus_704814_4773', 'token_id': 31862782, 'token_text': 'animae'}
 {'char_end': 29, 'char_start': 28, 'lemma': ',', 'pos': 'PUNCT', 'sentence_id': 'noscemus_704814_4773', 'token_id': 31862783, 'token_text': ','}
 {'char_end': 33, 'char_start': 30, 'lemma': 'aut', 'pos': 'CCONJ', 'sentence_id': 'noscemus_704814_4773', 'token_id': 31862784, 'token_text': 'aut'}
 {'char_end': 39, 'char_start': 34, 'lemma': 'anima', 'pos': 'NOUN', 'sentence_id': 'noscemus_704814_4773', 'token_id': 31862785, 'token_text': 'anima'}
 {'char_end': 40, 'char_start': 39, 'lemma': ',', 'pos': 'PUNCT', 'sentence_id': 'noscemus_704814_4773', 'token_id': 31862786, 'token_text': ','}
 {'char_end': 44, 'char_start': 41, 'lemma': 'aut', 'pos': 'CCONJ', 'sentence_id': 'noscemus_704814_4773', 'token_id': 31862787, 'token_text': 'aut'}
 {'char_end': 51, 'char_start': 45, 'lemma': 'habeo', 'pos': 'VERB', 'sentence_id': 'noscemus_704814_4773', 'token_id': 31862788, 'token_text': 'habens'}
 {'char_end': 56, 'char_start': 52, 'lemma': 'an9', 'pos': 'NOUN', 'sentence_id': 'noscemus_704814_4773', 'token_id': 31862789, 'token_text': 'ani9'}
 {'char_end': 60, 'char_start': 57, 'lemma': 'ma', 'pos': 'NOUN', 'sentence_id': 'noscemus_704814_4773', 'token_id': 31862790, 'token_text': 'mam'}
 {'char_end': 66, 'char_start': 61, 'lemma': 'quare', 'pos': 'ADV', 'sentence_id': 'noscemus_704814_4773', 'token_id': 31862791, 'token_text': 'Quare'}
 {'char_end': 69, 'char_start': 67, 'lemma': 'ut', 'pos': 'SCONJ', 'sentence_id': 'noscemus_704814_4773', 'token_id': 31862792, 'token_text': 'ut'}
 {'char_end': 72, 'char_start': 70, 'lemma': 'in', 'pos': 'ADP', 'sentence_id': 'noscemus_704814_4773', 'token_id': 31862793, 'token_text': 'in'}
 {'char_end': 76, 'char_start': 73, 'lemma': 'hic', 'pos': 'DET', 'sentence_id': 'noscemus_704814_4773', 'token_id': 31862794, 'token_text': 'hac'}
 {'char_end': 88, 'char_start': 77, 'lemma': 'efficio', 'pos': 'ADJ', 'sentence_id': 'noscemus_704814_4773', 'token_id': 31862795, 'token_text': 'efficientis'}
 {'char_end': 94, 'char_start': 89, 'lemma': 'pullus', 'pos': 'NOUN', 'sentence_id': 'noscemus_704814_4773', 'token_id': 31862796, 'token_text': 'pulli'}
 {'char_end': 108, 'char_start': 95, 'lemma': 'disquisitio', 'pos': 'NOUN', 'sentence_id': 'noscemus_704814_4773', 'token_id': 31862797, 'token_text': 'disquisitione'}
 {'char_end': 109, 'char_start': 108, 'lemma': ',', 'pos': 'PUNCT', 'sentence_id': 'noscemus_704814_4773', 'token_id': 31862798, 'token_text': ','}
 {'char_end': 111, 'char_start': 110, 'lemma': 'ab', 'pos': 'ADP', 'sentence_id': 'noscemus_704814_4773', 'token_id': 31862799, 'token_text': 'a'}
 {'char_end': 124, 'char_start': 112, 'lemma': 'multiplex', 'pos': 'ADJ', 'sentence_id': 'noscemus_704814_4773', 'token_id': 31862800, 'token_text': 'multiplicium'}
 {'char_end': 134, 'char_start': 125, 'lemma': 'caussa', 'pos': 'NOUN', 'sentence_id': 'noscemus_704814_4773', 'token_id': 31862801, 'token_text': 'caussarum'}
 {'char_end': 145, 'char_start': 135, 'lemma': 'labyrinthus', 'pos': 'PROPN', 'sentence_id': 'noscemus_704814_4773', 'token_id': 31862802, 'token_text': 'Labyrintho'}
 {'char_end': 150, 'char_start': 146, 'lemma': 'tuto', 'pos': 'ADP', 'sentence_id': 'noscemus_704814_4773', 'token_id': 31862803, 'token_text': 'tuto'}
 {'char_end': 154, 'char_start': 151, 'lemma': 'nos', 'pos': 'PRON', 'sentence_id': 'noscemus_704814_4773', 'token_id': 31862804, 'token_text': 'nos'}
 {'char_end': 165, 'char_start': 155, 'lemma': 'expedio', 'pos': 'VERB', 'sentence_id': 'noscemus_704814_4773', 'token_id': 31862805, 'token_text': 'expediamus'}
 {'char_end': 166, 'char_start': 165, 'lemma': ';', 'pos': 'PUNCT', 'sentence_id': 'noscemus_704814_4773', 'token_id': 31862806, 'token_text': ';'}]","[{'char_end': 69, 'char_start': 67, 'lemma': 'ut', 'pos': 'SCONJ', 'sentence_id': 'noscemus_704814_4773', 'token_id': 31862792, 'token_text': 'ut'}
 {'char_end': 72, 'char_start': 70, 'lemma': 'in', 'pos': 'ADP', 'sentence_id': 'noscemus_704814_4773', 'token_id': 31862793, 'token_text': 'in'}
 {'char_end': 76, 'char_start': 73, 'lemma': 'hic', 'pos': 'DET', 'sentence_id': 'noscemus_704814_4773', 'token_id': 31862794, 'token_text': 'hac'}
 {'char_end': 88, 'char_start': 77, 'lemma': 'efficio', 'pos': 'ADJ', 'sentence_id': 'noscemus_704814_4773', 'token_id': 31862795, 'token_text': 'efficientis'}
 {'char_end': 94, 'char_start': 89, 'lemma': 'pullus', 'pos': 'NOUN', 'sentence_id': 'noscemus_704814_4773', 'token_id': 31862796, 'token_text': 'pulli'}
 {'char_end': 108, 'char_start': 95, 'lemma': 'disquisitio', 'pos': 'NOUN', 'sentence_id': 'noscemus_704814_4773', 'token_id': 31862797, 'token_text': 'disquisitione'}
 {'char_end': 109, 'char_start': 108, 'lemma': ',', 'pos': 'PUNCT', 'sentence_id': 'noscemus_704814_4773', 'token_id': 31862798, 'token_text': ','}
 {'char_end': 111, 'char_start': 110, 'lemma': 'ab', 'pos': 'ADP', 'sentence_id': 'noscemus_704814_4773', 'token_id': 31862799, 'token_text': 'a'}
 {'char_end': 124, 'char_start': 112, 'lemma': 'multiplex', 'pos': 'ADJ', 'sentence_id': 'noscemus_704814_4773', 'token_id': 31862800, 'token_text': 'multiplicium'}
 {'char_end': 134, 'char_start': 125, 'lemma': 'caussa', 'pos': 'NOUN', 'sentence_id': 'noscemus_704814_4773', 'token_id': 31862801, 'token_text': 'caussarum'}
 {'char_end': 145, 'char_start': 135, 'lemma': 'labyrinthus', 'pos': 'PROPN', 'sentence_id': 'noscemus_704814_4773', 'token_id': 31862802, 'token_text': 'Labyrintho'}
 {'char_end': 150, 'char_start': 146, 'lemma': 'tuto', 'pos': 'ADP', 'sentence_id': 'noscemus_704814_4773', 'token_id': 31862803, 'token_text': 'tuto'}
 {'char_end': 154, 'char_start': 151, 'lemma': 'nos', 'pos': 'PRON', 'sentence_id': 'noscemus_704814_4773', 'token_id': 31862804, 'token_text': 'nos'}
 {'char_end': 165, 'char_start': 155, 'lemma': 'expedio', 'pos': 'VERB', 'sentence_id': 'noscemus_704814_4773', 'token_id': 31862805, 'token_text': 'expediamus'}
 {'char_end': 166, 'char_start': 165, 'lemma': ';', 'pos': 'PUNCT', 'sentence_id': 'noscemus_704814_4773', 'token_id': 31862806, 'token_text': ';'}
 {'char_end': 4, 'char_start': 0, 'lemma': 'opus', 'pos': 'NOUN', 'sentence_id': 'noscemus_704814_4774', 'token_id': 31862807, 'token_text': 'opus'}
 {'char_end': 8, 'char_start': 5, 'lemma': 'sum', 'pos': 'AUX', 'sentence_id': 'noscemus_704814_4774', 'token_id': 31862808, 'token_text': 'est'}
 {'char_end': 18, 'char_start': 9, 'lemma': 'Ariadnaeus', 'pos': 'PROPN', 'sentence_id': 'noscemus_704814_4774', 'token_id': 31862809, 'token_text': 'Ariadnaeo'}
 {'char_end': 23, 'char_start': 19, 'lemma': 'filum', 'pos': 'NOUN', 'sentence_id': 'noscemus_704814_4774', 'token_id': 31862810, 'token_text': 'filo'}
 {'char_end': 24, 'char_start': 23, 'lemma': ',', 'pos': 'PUNCT', 'sentence_id': 'noscemus_704814_4774', 'token_id': 31862811, 'token_text': ','}
 {'char_end': 27, 'char_start': 25, 'lemma': 'ex', 'pos': 'ADP', 'sentence_id': 'noscemus_704814_4774', 'token_id': 31862812, 'token_text': 'ex'}]",1651.0,1651.0,1651.0,,,Monograph,"Biology, Medicine",31862802,135,145
475,"Riccioli, Giovanni Battista","Almagestum Novum astronomiam veterem novamque complectens observationibus aliorum et propriis novisque theorematibus, problematibus ac tabulis promotam, in tres tomos distributam, quorum argumentum sequens pagina explicabit. Auctore P. Ioanne Baptista Ricciolo societatis Jesu Ferrarensis Philosophiae, Theologiae et Astronomiae professore",noscemus_699869,noscemus_699869_59403,"flexu, & anfractuum labyrinthis, pene nobis inextricabilibus implicatas.","incredibili spirarum cenda est. | flexu, & anfractuum labyrinthis, pene nobis inextricabilibus implicatas. | Alterum humanas continet, quae figuibus enim argumentis in hypothesi Terrae Iu.",scientific_complexity_metaphorics,"[{'char_end': 5, 'char_start': 0, 'lemma': 'flexus', 'pos': 'NOUN', 'sentence_id': 'noscemus_699869_59403', 'token_id': 17142897, 'token_text': 'flexu'}
 {'char_end': 6, 'char_start': 5, 'lemma': ',', 'pos': 'PUNCT', 'sentence_id': 'noscemus_699869_59403', 'token_id': 17142898, 'token_text': ','}
 {'char_end': 8, 'char_start': 7, 'lemma': '&', 'pos': 'PUNCT', 'sentence_id': 'noscemus_699869_59403', 'token_id': 17142899, 'token_text': '&'}
 {'char_end': 19, 'char_start': 9, 'lemma': 'anfractus', 'pos': 'NOUN', 'sentence_id': 'noscemus_699869_59403', 'token_id': 17142900, 'token_text': 'anfractuum'}
 {'char_end': 31, 'char_start': 20, 'lemma': 'labyrinthus', 'pos': 'NOUN', 'sentence_id': 'noscemus_699869_59403', 'token_id': 17142901, 'token_text': 'labyrinthis'}
 {'char_end': 32, 'char_start': 31, 'lemma': ',', 'pos': 'PUNCT', 'sentence_id': 'noscemus_699869_59403', 'token_id': 17142902, 'token_text': ','}
 {'char_end': 37, 'char_start': 33, 'lemma': 'penis', 'pos': 'VERB', 'sentence_id': 'noscemus_699869_59403', 'token_id': 17142903, 'token_text': 'pene'}
 {'char_end': 43, 'char_start': 38, 'lemma': 'nos', 'pos': 'PRON', 'sentence_id': 'noscemus_699869_59403', 'token_id': 17142904, 'token_text': 'nobis'}
 {'char_end': 60, 'char_start': 44, 'lemma': 'inextricabilis', 'pos': 'ADJ', 'sentence_id': 'noscemus_699869_59403', 'token_id': 17142905, 'token_text': 'inextricabilibus'}
 {'char_end': 71, 'char_start': 61, 'lemma': 'implico', 'pos': 'VERB', 'sentence_id': 'noscemus_699869_59403', 'token_id': 17142906, 'token_text': 'implicatas'}
 {'char_end': 72, 'char_start': 71, 'lemma': '.', 'pos': 'PUNCT', 'sentence_id': 'noscemus_699869_59403', 'token_id': 17142907, 'token_text': '.'}]","[{'char_end': 166, 'char_start': 165, 'lemma': ';', 'pos': 'PUNCT', 'sentence_id': 'noscemus_699869_59401', 'token_id': 17142891, 'token_text': ';'}
 {'char_end': 11, 'char_start': 0, 'lemma': 'incredibilis', 'pos': 'ADJ', 'sentence_id': 'noscemus_699869_59402', 'token_id': 17142892, 'token_text': 'incredibili'}
 {'char_end': 20, 'char_start': 12, 'lemma': 'spira', 'pos': 'NOUN', 'sentence_id': 'noscemus_699869_59402', 'token_id': 17142893, 'token_text': 'spirarum'}
 {'char_end': 26, 'char_start': 21, 'lemma': 'co', 'pos': 'VERB', 'sentence_id': 'noscemus_699869_59402', 'token_id': 17142894, 'token_text': 'cenda'}
 {'char_end': 30, 'char_start': 27, 'lemma': 'sum', 'pos': 'AUX', 'sentence_id': 'noscemus_699869_59402', 'token_id': 17142895, 'token_text': 'est'}
 {'char_end': 31, 'char_start': 30, 'lemma': '.', 'pos': 'PUNCT', 'sentence_id': 'noscemus_699869_59402', 'token_id': 17142896, 'token_text': '.'}
 {'char_end': 5, 'char_start': 0, 'lemma': 'flexus', 'pos': 'NOUN', 'sentence_id': 'noscemus_699869_59403', 'token_id': 17142897, 'token_text': 'flexu'}
 {'char_end': 6, 'char_start': 5, 'lemma': ',', 'pos': 'PUNCT', 'sentence_id': 'noscemus_699869_59403', 'token_id': 17142898, 'token_text': ','}
 {'char_end': 8, 'char_start': 7, 'lemma': '&', 'pos': 'PUNCT', 'sentence_id': 'noscemus_699869_59403', 'token_id': 17142899, 'token_text': '&'}
 {'char_end': 19, 'char_start': 9, 'lemma': 'anfractus', 'pos': 'NOUN', 'sentence_id': 'noscemus_699869_59403', 'token_id': 17142900, 'token_text': 'anfractuum'}
 {'char_end': 31, 'char_start': 20, 'lemma': 'labyrinthus', 'pos': 'NOUN', 'sentence_id': 'noscemus_699869_59403', 'token_id': 17142901, 'token_text': 'labyrinthis'}
 {'char_end': 32, 'char_start': 31, 'lemma': ',', 'pos': 'PUNCT', 'sentence_id': 'noscemus_699869_59403', 'token_id': 17142902, 'token_text': ','}
 {'char_end': 37, 'char_start': 33, 'lemma': 'penis', 'pos': 'VERB', 'sentence_id': 'noscemus_699869_59403', 'token_id': 17142903, 'token_text': 'pene'}
 {'char_end': 43, 'char_start': 38, 'lemma': 'nos', 'pos': 'PRON', 'sentence_id': 'noscemus_699869_59403', 'token_id': 17142904, 'token_text': 'nobis'}
 {'char_end': 60, 'char_start': 44, 'lemma': 'inextricabilis', 'pos': 'ADJ', 'sentence_id': 'noscemus_699869_59403', 'token_id': 17142905, 'token_text': 'inextricabilibus'}
 {'char_end': 71, 'char_start': 61, 'lemma': 'implico', 'pos': 'VERB', 'sentence_id': 'noscemus_699869_59403', 'token_id': 17142906, 'token_text': 'implicatas'}
 {'char_end': 72, 'char_start': 71, 'lemma': '.', 'pos': 'PUNCT', 'sentence_id': 'noscemus_699869_59403', 'token_id': 17142907, 'token_text': '.'}
 {'char_end': 7, 'char_start': 0, 'lemma': 'alter', 'pos': 'DET', 'sentence_id': 'noscemus_699869_59404', 'token_id': 17142908, 'token_text': 'Alterum'}
 {'char_end': 15, 'char_start': 8, 'lemma': 'humanus', 'pos': 'ADJ', 'sentence_id': 'noscemus_699869_59404', 'token_id': 17142909, 'token_text': 'humanas'}
 {'char_end': 24, 'char_start': 16, 'lemma': 'contineo', 'pos': 'VERB', 'sentence_id': 'noscemus_699869_59404', 'token_id': 17142910, 'token_text': 'continet'}
 {'char_end': 25, 'char_start': 24, 'lemma': ',', 'pos': 'PUNCT', 'sentence_id': 'noscemus_699869_59404', 'token_id': 17142911, 'token_text': ','}]",1651.0,1665.0,1653.0,,,Encyclopedic work,Astronomy/Astrology/Cosmography,17142901,20,31
522,"Willughby, Francis,Ray, John","Francisci Willughbei de Middelton in agri Warwickensi, armigeri, e Regia Societate, Ornithologiae libri tres, in quibus aves omnes hactenus cognitae in methodum naturis suis convenientem redactae acurate describuntur, descriptiones iconibus elegantissimis et vivarum avium simillimis aeri incisis illustrantur. Totum opus recognovit, digessit, supplevit Ioannes Raius. Sumptus in chalcographos fecit illustrissima domina Emma Willughby, vidua",noscemus_705023,noscemus_705023_18496,Labyrinthus paruus;,"Pedes cinerei sunt aut plumbei, circa articulos obscuriores. | Labyrinthus paruus; | cystis fellea magna.",medical_anatomical,"[{'char_end': 11, 'char_start': 0, 'lemma': 'labyrinthus', 'pos': 'NOUN', 'sentence_id': 'noscemus_705023_18496', 'token_id': 110840745, 'token_text': 'Labyrinthus'}
 {'char_end': 18, 'char_start': 12, 'lemma': 'paruus', 'pos': 'ADJ', 'sentence_id': 'noscemus_705023_18496', 'token_id': 110840746, 'token_text': 'paruus'}
 {'char_end': 19, 'char_start': 18, 'lemma': ';', 'pos': 'PUNCT', 'sentence_id': 'noscemus_705023_18496', 'token_id': 110840747, 'token_text': ';'}]","[{'char_end': 5, 'char_start': 0, 'lemma': 'pedes', 'pos': 'NOUN', 'sentence_id': 'noscemus_705023_18495', 'token_id': 110840735, 'token_text': 'Pedes'}
 {'char_end': 13, 'char_start': 6, 'lemma': 'cinereus', 'pos': 'ADJ', 'sentence_id': 'noscemus_705023_18495', 'token_id': 110840736, 'token_text': 'cinerei'}
 {'char_end': 18, 'char_start': 14, 'lemma': 'sum', 'pos': 'AUX', 'sentence_id': 'noscemus_705023_18495', 'token_id': 110840737, 'token_text': 'sunt'}
 {'char_end': 22, 'char_start': 19, 'lemma': 'aut', 'pos': 'CCONJ', 'sentence_id': 'noscemus_705023_18495', 'token_id': 110840738, 'token_text': 'aut'}
 {'char_end': 30, 'char_start': 23, 'lemma': 'plumbeo', 'pos': 'ADJ', 'sentence_id': 'noscemus_705023_18495', 'token_id': 110840739, 'token_text': 'plumbei'}
 {'char_end': 31, 'char_start': 30, 'lemma': ',', 'pos': 'PUNCT', 'sentence_id': 'noscemus_705023_18495', 'token_id': 110840740, 'token_text': ','}
 {'char_end': 37, 'char_start': 32, 'lemma': 'circa', 'pos': 'ADP', 'sentence_id': 'noscemus_705023_18495', 'token_id': 110840741, 'token_text': 'circa'}
 {'char_end': 47, 'char_start': 38, 'lemma': 'articulus', 'pos': 'NOUN', 'sentence_id': 'noscemus_705023_18495', 'token_id': 110840742, 'token_text': 'articulos'}
 {'char_end': 59, 'char_start': 48, 'lemma': 'obscurior', 'pos': 'ADJ', 'sentence_id': 'noscemus_705023_18495', 'token_id': 110840743, 'token_text': 'obscuriores'}
 {'char_end': 60, 'char_start': 59, 'lemma': '.', 'pos': 'PUNCT', 'sentence_id': 'noscemus_705023_18495', 'token_id': 110840744, 'token_text': '.'}
 {'char_end': 11, 'char_start': 0, 'lemma': 'labyrinthus', 'pos': 'NOUN', 'sentence_id': 'noscemus_705023_18496', 'token_id': 110840745, 'token_text': 'Labyrinthus'}
 {'char_end': 18, 'char_start': 12, 'lemma': 'paruus', 'pos': 'ADJ', 'sentence_id': 'noscemus_705023_18496', 'token_id': 110840746, 'token_text': 'paruus'}
 {'char_end': 19, 'char_start': 18, 'lemma': ';', 'pos': 'PUNCT', 'sentence_id': 'noscemus_705023_18496', 'token_id': 110840747, 'token_text': ';'}
 {'char_end': 6, 'char_start': 0, 'lemma': 'cysto', 'pos': 'VERB', 'sentence_id': 'noscemus_705023_18497', 'token_id': 110840748, 'token_text': 'cystis'}
 {'char_end': 13, 'char_start': 7, 'lemma': 'fellea', 'pos': 'NOUN', 'sentence_id': 'noscemus_705023_18497', 'token_id': 110840749, 'token_text': 'fellea'}
 {'char_end': 19, 'char_start': 14, 'lemma': 'magnus', 'pos': 'ADJ', 'sentence_id': 'noscemus_705023_18497', 'token_id': 110840750, 'token_text': 'magna'}
 {'char_end': 20, 'char_start': 19, 'lemma': '.', 'pos': 'PUNCT', 'sentence_id': 'noscemus_705023_18497', 'token_id': 110840751, 'token_text': '.'}
 {'char_end': 7, 'char_start': 0, 'lemma': 'foemina', 'pos': 'ADJ', 'sentence_id': 'noscemus_705023_18498', 'token_id': 110840752, 'token_text': 'Foemina'}
 {'char_end': 13, 'char_start': 8, 'lemma': 'anas', 'pos': 'PROPN', 'sentence_id': 'noscemus_705023_18498', 'token_id': 110840753, 'token_text': 'Anati'}
 {'char_end': 21, 'char_start': 14, 'lemma': 'uulgaris', 'pos': 'VERB', 'sentence_id': 'noscemus_705023_18498', 'token_id': 110840754, 'token_text': 'uulgari'}
 {'char_end': 30, 'char_start': 22, 'lemma': 'foemina', 'pos': 'NOUN', 'sentence_id': 'noscemus_705023_18498', 'token_id': 110840755, 'token_text': 'foeminae'}]",1676.0,1676.0,1676.0,,,Historia,Biology,110840745,0,11
202,Bernardus Claraevallensis,De consideratione,cc_21366,cc_21366_2105,"Quanquam si idoneus non reperitur, etsi minus fidelem sustinere potius consulo, quam te immergere labyrintho huic.","Sane e duobus tutius hoc. | Quanquam si idoneus non reperitur, etsi minus fidelem sustinere potius consulo, quam te immergere labyrintho huic. | Memento Saluatorem Judam oeconomum habuisse #(joan Xii, 6)@#.",confusion_metaphorics,"[{'char_end': 8, 'char_start': 0, 'lemma': 'quamquam', 'pos': 'SCONJ', 'sentence_id': 'cc_21366_2105', 'token_id': 260727541, 'token_text': 'Quanquam'}
 {'char_end': 11, 'char_start': 9, 'lemma': 'si', 'pos': 'SCONJ', 'sentence_id': 'cc_21366_2105', 'token_id': 260727542, 'token_text': 'si'}
 {'char_end': 19, 'char_start': 12, 'lemma': 'idoneus', 'pos': 'ADJ', 'sentence_id': 'cc_21366_2105', 'token_id': 260727543, 'token_text': 'idoneus'}
 {'char_end': 23, 'char_start': 20, 'lemma': 'non', 'pos': 'PART', 'sentence_id': 'cc_21366_2105', 'token_id': 260727544, 'token_text': 'non'}
 {'char_end': 33, 'char_start': 24, 'lemma': 'reperio', 'pos': 'VERB', 'sentence_id': 'cc_21366_2105', 'token_id': 260727545, 'token_text': 'reperitur'}
 {'char_end': 34, 'char_start': 33, 'lemma': ',', 'pos': 'PUNCT', 'sentence_id': 'cc_21366_2105', 'token_id': 260727546, 'token_text': ','}
 {'char_end': 39, 'char_start': 35, 'lemma': 'etsi', 'pos': 'SCONJ', 'sentence_id': 'cc_21366_2105', 'token_id': 260727547, 'token_text': 'etsi'}
 {'char_end': 45, 'char_start': 40, 'lemma': 'minus', 'pos': 'ADV', 'sentence_id': 'cc_21366_2105', 'token_id': 260727548, 'token_text': 'minus'}
 {'char_end': 53, 'char_start': 46, 'lemma': 'fidelis', 'pos': 'ADJ', 'sentence_id': 'cc_21366_2105', 'token_id': 260727549, 'token_text': 'fidelem'}
 {'char_end': 63, 'char_start': 54, 'lemma': 'sustineo', 'pos': 'VERB', 'sentence_id': 'cc_21366_2105', 'token_id': 260727550, 'token_text': 'sustinere'}
 {'char_end': 70, 'char_start': 64, 'lemma': 'potior', 'pos': 'ADV', 'sentence_id': 'cc_21366_2105', 'token_id': 260727551, 'token_text': 'potius'}
 {'char_end': 78, 'char_start': 71, 'lemma': 'consulo', 'pos': 'VERB', 'sentence_id': 'cc_21366_2105', 'token_id': 260727552, 'token_text': 'consulo'}
 {'char_end': 79, 'char_start': 78, 'lemma': ',', 'pos': 'PUNCT', 'sentence_id': 'cc_21366_2105', 'token_id': 260727553, 'token_text': ','}
 {'char_end': 84, 'char_start': 80, 'lemma': 'quam', 'pos': 'SCONJ', 'sentence_id': 'cc_21366_2105', 'token_id': 260727554, 'token_text': 'quam'}
 {'char_end': 87, 'char_start': 85, 'lemma': 'tu', 'pos': 'PRON', 'sentence_id': 'cc_21366_2105', 'token_id': 260727555, 'token_text': 'te'}
 {'char_end': 97, 'char_start': 88, 'lemma': 'immergo', 'pos': 'VERB', 'sentence_id': 'cc_21366_2105', 'token_id': 260727556, 'token_text': 'immergere'}
 {'char_end': 108, 'char_start': 98, 'lemma': 'labyrinthus', 'pos': 'NOUN', 'sentence_id': 'cc_21366_2105', 'token_id': 260727557, 'token_text': 'labyrintho'}
 {'char_end': 113, 'char_start': 109, 'lemma': 'hic', 'pos': 'DET', 'sentence_id': 'cc_21366_2105', 'token_id': 260727558, 'token_text': 'huic'}
 {'char_end': 114, 'char_start': 113, 'lemma': '.', 'pos': 'PUNCT', 'sentence_id': 'cc_21366_2105', 'token_id': 260727559, 'token_text': '.'}]","[{'char_end': 39, 'char_start': 35, 'lemma': 'etsi', 'pos': 'SCONJ', 'sentence_id': 'cc_21366_2105', 'token_id': 260727547, 'token_text': 'etsi'}
 {'char_end': 45, 'char_start': 40, 'lemma': 'minus', 'pos': 'ADV', 'sentence_id': 'cc_21366_2105', 'token_id': 260727548, 'token_text': 'minus'}
 {'char_end': 53, 'char_start': 46, 'lemma': 'fidelis', 'pos': 'ADJ', 'sentence_id': 'cc_21366_2105', 'token_id': 260727549, 'token_text': 'fidelem'}
 {'char_end': 63, 'char_start': 54, 'lemma': 'sustineo', 'pos': 'VERB', 'sentence_id': 'cc_21366_2105', 'token_id': 260727550, 'token_text': 'sustinere'}
 {'char_end': 70, 'char_start': 64, 'lemma': 'potior', 'pos': 'ADV', 'sentence_id': 'cc_21366_2105', 'token_id': 260727551, 'token_text': 'potius'}
 {'char_end': 78, 'char_start': 71, 'lemma': 'consulo', 'pos': 'VERB', 'sentence_id': 'cc_21366_2105', 'token_id': 260727552, 'token_text': 'consulo'}
 {'char_end': 79, 'char_start': 78, 'lemma': ',', 'pos': 'PUNCT', 'sentence_id': 'cc_21366_2105', 'token_id': 260727553, 'token_text': ','}
 {'char_end': 84, 'char_start': 80, 'lemma': 'quam', 'pos': 'SCONJ', 'sentence_id': 'cc_21366_2105', 'token_id': 260727554, 'token_text': 'quam'}
 {'char_end': 87, 'char_start': 85, 'lemma': 'tu', 'pos': 'PRON', 'sentence_id': 'cc_21366_2105', 'token_id': 260727555, 'token_text': 'te'}
 {'char_end': 97, 'char_start': 88, 'lemma': 'immergo', 'pos': 'VERB', 'sentence_id': 'cc_21366_2105', 'token_id': 260727556, 'token_text': 'immergere'}
 {'char_end': 108, 'char_start': 98, 'lemma': 'labyrinthus', 'pos': 'NOUN', 'sentence_id': 'cc_21366_2105', 'token_id': 260727557, 'token_text': 'labyrintho'}
 {'char_end': 113, 'char_start': 109, 'lemma': 'hic', 'pos': 'DET', 'sentence_id': 'cc_21366_2105', 'token_id': 260727558, 'token_text': 'huic'}
 {'char_end': 114, 'char_start': 113, 'lemma': '.', 'pos': 'PUNCT', 'sentence_id': 'cc_21366_2105', 'token_id': 260727559, 'token_text': '.'}
 {'char_end': 7, 'char_start': 0, 'lemma': 'memini', 'pos': 'VERB', 'sentence_id': 'cc_21366_2106', 'token_id': 260727560, 'token_text': 'Memento'}
 {'char_end': 18, 'char_start': 8, 'lemma': 'saluator', 'pos': 'NOUN', 'sentence_id': 'cc_21366_2106', 'token_id': 260727561, 'token_text': 'Saluatorem'}
 {'char_end': 24, 'char_start': 19, 'lemma': 'Juda', 'pos': 'PROPN', 'sentence_id': 'cc_21366_2106', 'token_id': 260727562, 'token_text': 'Judam'}
 {'char_end': 34, 'char_start': 25, 'lemma': 'oeconomus', 'pos': 'ADJ', 'sentence_id': 'cc_21366_2106', 'token_id': 260727563, 'token_text': 'oeconomum'}
 {'char_end': 43, 'char_start': 35, 'lemma': 'habeo', 'pos': 'VERB', 'sentence_id': 'cc_21366_2106', 'token_id': 260727564, 'token_text': 'habuisse'}
 {'char_end': 45, 'char_start': 44, 'lemma': '#', 'pos': 'PUNCT', 'sentence_id': 'cc_21366_2106', 'token_id': 260727565, 'token_text': '#'}
 {'char_end': 46, 'char_start': 45, 'lemma': '(', 'pos': 'PUNCT', 'sentence_id': 'cc_21366_2106', 'token_id': 260727566, 'token_text': '('}
 {'char_end': 50, 'char_start': 46, 'lemma': '', 'pos': 'ADJ', 'sentence_id': 'cc_21366_2106', 'token_id': 260727567, 'token_text': 'joan'}]",1090.0,1153.0,1129.0,,,,,260727557,98,108
432,"Gessner, Conrad","De chirurgia scriptores optimi quique veteres et recentiores, plerique in Germania antehac non editi nunc primum in unum coniuncti volumen. Singuli, qui hoc volumine continentur authores cum suis scriptis sequente mox pagina enumerantur.",noscemus_668499,noscemus_668499_10121,"Aqua fortis Alchymistarum saltem prima in eiusmodi tortuosis, atque labyrinthi modo flexuosis fistulis, mirifice prodest.","Si quando uero longior (inquit Celsus) & transuersa fistula est, demisso specillo, contra principium huius incidi commodissi mum est, & collyrium utrinque demitti. | Aqua fortis Alchymistarum saltem prima in eiusmodi tortuosis, atque labyrinthi modo flexuosis fistulis, mirifice prodest. | Hec enim (inquit Guido ex sententia Arnaldi a uilla noua) omnes fistulas mortificat & disrumpit.",scientific_complexity_metaphorics,"[{'char_end': 4, 'char_start': 0, 'lemma': 'aqua', 'pos': 'NOUN', 'sentence_id': 'noscemus_668499_10121', 'token_id': 116611051, 'token_text': 'Aqua'}
 {'char_end': 11, 'char_start': 5, 'lemma': 'fortis', 'pos': 'ADJ', 'sentence_id': 'noscemus_668499_10121', 'token_id': 116611052, 'token_text': 'fortis'}
 {'char_end': 25, 'char_start': 12, 'lemma': 'alchymista', 'pos': 'PROPN', 'sentence_id': 'noscemus_668499_10121', 'token_id': 116611053, 'token_text': 'Alchymistarum'}
 {'char_end': 32, 'char_start': 26, 'lemma': 'salto', 'pos': 'ADV', 'sentence_id': 'noscemus_668499_10121', 'token_id': 116611054, 'token_text': 'saltem'}
 {'char_end': 38, 'char_start': 33, 'lemma': 'primus', 'pos': 'ADJ', 'sentence_id': 'noscemus_668499_10121', 'token_id': 116611055, 'token_text': 'prima'}
 {'char_end': 41, 'char_start': 39, 'lemma': 'in', 'pos': 'ADP', 'sentence_id': 'noscemus_668499_10121', 'token_id': 116611056, 'token_text': 'in'}
 {'char_end': 50, 'char_start': 42, 'lemma': 'eiusmodi', 'pos': 'ADV', 'sentence_id': 'noscemus_668499_10121', 'token_id': 116611057, 'token_text': 'eiusmodi'}
 {'char_end': 60, 'char_start': 51, 'lemma': 'tortuosus', 'pos': 'ADJ', 'sentence_id': 'noscemus_668499_10121', 'token_id': 116611058, 'token_text': 'tortuosis'}
 {'char_end': 61, 'char_start': 60, 'lemma': ',', 'pos': 'PUNCT', 'sentence_id': 'noscemus_668499_10121', 'token_id': 116611059, 'token_text': ','}
 {'char_end': 67, 'char_start': 62, 'lemma': 'atque', 'pos': 'CCONJ', 'sentence_id': 'noscemus_668499_10121', 'token_id': 116611060, 'token_text': 'atque'}
 {'char_end': 78, 'char_start': 68, 'lemma': 'labyrinthus', 'pos': 'ADJ', 'sentence_id': 'noscemus_668499_10121', 'token_id': 116611061, 'token_text': 'labyrinthi'}
 {'char_end': 83, 'char_start': 79, 'lemma': 'modo', 'pos': 'ADV', 'sentence_id': 'noscemus_668499_10121', 'token_id': 116611062, 'token_text': 'modo'}
 {'char_end': 93, 'char_start': 84, 'lemma': 'flexuosus', 'pos': 'ADJ', 'sentence_id': 'noscemus_668499_10121', 'token_id': 116611063, 'token_text': 'flexuosis'}
 {'char_end': 102, 'char_start': 94, 'lemma': 'fistula', 'pos': 'NOUN', 'sentence_id': 'noscemus_668499_10121', 'token_id': 116611064, 'token_text': 'fistulis'}
 {'char_end': 103, 'char_start': 102, 'lemma': ',', 'pos': 'PUNCT', 'sentence_id': 'noscemus_668499_10121', 'token_id': 116611065, 'token_text': ','}
 {'char_end': 112, 'char_start': 104, 'lemma': 'mirificus', 'pos': 'ADV', 'sentence_id': 'noscemus_668499_10121', 'token_id': 116611066, 'token_text': 'mirifice'}
 {'char_end': 120, 'char_start': 113, 'lemma': 'prosum', 'pos': 'VERB', 'sentence_id': 'noscemus_668499_10121', 'token_id': 116611067, 'token_text': 'prodest'}
 {'char_end': 121, 'char_start': 120, 'lemma': '.', 'pos': 'PUNCT', 'sentence_id': 'noscemus_668499_10121', 'token_id': 116611068, 'token_text': '.'}]","[{'char_end': 4, 'char_start': 0, 'lemma': 'aqua', 'pos': 'NOUN', 'sentence_id': 'noscemus_668499_10121', 'token_id': 116611051, 'token_text': 'Aqua'}
 {'char_end': 11, 'char_start': 5, 'lemma': 'fortis', 'pos': 'ADJ', 'sentence_id': 'noscemus_668499_10121', 'token_id': 116611052, 'token_text': 'fortis'}
 {'char_end': 25, 'char_start': 12, 'lemma': 'alchymista', 'pos': 'PROPN', 'sentence_id': 'noscemus_668499_10121', 'token_id': 116611053, 'token_text': 'Alchymistarum'}
 {'char_end': 32, 'char_start': 26, 'lemma': 'salto', 'pos': 'ADV', 'sentence_id': 'noscemus_668499_10121', 'token_id': 116611054, 'token_text': 'saltem'}
 {'char_end': 38, 'char_start': 33, 'lemma': 'primus', 'pos': 'ADJ', 'sentence_id': 'noscemus_668499_10121', 'token_id': 116611055, 'token_text': 'prima'}
 {'char_end': 41, 'char_start': 39, 'lemma': 'in', 'pos': 'ADP', 'sentence_id': 'noscemus_668499_10121', 'token_id': 116611056, 'token_text': 'in'}
 {'char_end': 50, 'char_start': 42, 'lemma': 'eiusmodi', 'pos': 'ADV', 'sentence_id': 'noscemus_668499_10121', 'token_id': 116611057, 'token_text': 'eiusmodi'}
 {'char_end': 60, 'char_start': 51, 'lemma': 'tortuosus', 'pos': 'ADJ', 'sentence_id': 'noscemus_668499_10121', 'token_id': 116611058, 'token_text': 'tortuosis'}
 {'char_end': 61, 'char_start': 60, 'lemma': ',', 'pos': 'PUNCT', 'sentence_id': 'noscemus_668499_10121', 'token_id': 116611059, 'token_text': ','}
 {'char_end': 67, 'char_start': 62, 'lemma': 'atque', 'pos': 'CCONJ', 'sentence_id': 'noscemus_668499_10121', 'token_id': 116611060, 'token_text': 'atque'}
 {'char_end': 78, 'char_start': 68, 'lemma': 'labyrinthus', 'pos': 'ADJ', 'sentence_id': 'noscemus_668499_10121', 'token_id': 116611061, 'token_text': 'labyrinthi'}
 {'char_end': 83, 'char_start': 79, 'lemma': 'modo', 'pos': 'ADV', 'sentence_id': 'noscemus_668499_10121', 'token_id': 116611062, 'token_text': 'modo'}
 {'char_end': 93, 'char_start': 84, 'lemma': 'flexuosus', 'pos': 'ADJ', 'sentence_id': 'noscemus_668499_10121', 'token_id': 116611063, 'token_text': 'flexuosis'}
 {'char_end': 102, 'char_start': 94, 'lemma': 'fistula', 'pos': 'NOUN', 'sentence_id': 'noscemus_668499_10121', 'token_id': 116611064, 'token_text': 'fistulis'}
 {'char_end': 103, 'char_start': 102, 'lemma': ',', 'pos': 'PUNCT', 'sentence_id': 'noscemus_668499_10121', 'token_id': 116611065, 'token_text': ','}
 {'char_end': 112, 'char_start': 104, 'lemma': 'mirificus', 'pos': 'ADV', 'sentence_id': 'noscemus_668499_10121', 'token_id': 116611066, 'token_text': 'mirifice'}
 {'char_end': 120, 'char_start': 113, 'lemma': 'prosum', 'pos': 'VERB', 'sentence_id': 'noscemus_668499_10121', 'token_id': 116611067, 'token_text': 'prodest'}
 {'char_end': 121, 'char_start': 120, 'lemma': '.', 'pos': 'PUNCT', 'sentence_id': 'noscemus_668499_10121', 'token_id': 116611068, 'token_text': '.'}
 {'char_end': 3, 'char_start': 0, 'lemma': 'hic', 'pos': 'DET', 'sentence_id': 'noscemus_668499_10122', 'token_id': 116611069, 'token_text': 'Hec'}
 {'char_end': 8, 'char_start': 4, 'lemma': 'enim', 'pos': 'PART', 'sentence_id': 'noscemus_668499_10122', 'token_id': 116611070, 'token_text': 'enim'}
 {'char_end': 10, 'char_start': 9, 'lemma': '(', 'pos': 'PUNCT', 'sentence_id': 'noscemus_668499_10122', 'token_id': 116611071, 'token_text': '('}]",1555.0,1555.0,1555.0,,,"Dictionary/Lexicon, Bibliography, Other (see description), Encyclopedic work",Medicine,116611061,68,78
298,"Dorn, Gerard",,emlap_100045,emlap_100045_3881,"Uideo te nihil hactenus de centro cognouisse, quo fit ut Paracelsi principium & principia, uel unum & tria non intelligas, sed toto coelo delires, ut complicatus labyrintho Gentilium, ad ea quae pulchra sunt peruenire nequeas, neque uidere mente, sensualibus oculis tamen apertissimis, tibi concedatur.","bene tamen in id quod fuit ante mysterium magnum, centrum uidelicet nihilum, redibunt. | Uideo te nihil hactenus de centro cognouisse, quo fit ut Paracelsi principium & principia, uel unum & tria non intelligas, sed toto coelo delires, ut complicatus labyrintho Gentilium, ad ea quae pulchra sunt peruenire nequeas, neque uidere mente, sensualibus oculis tamen apertissimis, tibi concedatur. | Ab infidelium coeno tantisper abstineas, ac meditere deinceps, que tibi ponunt ob oculos mentis, sanitas huius in corpore sano, & speculatio Biblicae ueritatis, per meditationem, ut uideas quid.",confusion_metaphorics,"[{'char_end': 5, 'char_start': 0, 'lemma': 'uideo', 'pos': 'ADV', 'sentence_id': 'emlap_100045_3881', 'token_id': 1690313, 'token_text': 'Uideo'}
 {'char_end': 8, 'char_start': 6, 'lemma': 'tu', 'pos': 'PRON', 'sentence_id': 'emlap_100045_3881', 'token_id': 1690314, 'token_text': 'te'}
 {'char_end': 14, 'char_start': 9, 'lemma': 'nihil', 'pos': 'PRON', 'sentence_id': 'emlap_100045_3881', 'token_id': 1690315, 'token_text': 'nihil'}
 {'char_end': 23, 'char_start': 15, 'lemma': 'hactenus', 'pos': 'ADV', 'sentence_id': 'emlap_100045_3881', 'token_id': 1690316, 'token_text': 'hactenus'}
 {'char_end': 26, 'char_start': 24, 'lemma': 'de', 'pos': 'ADP', 'sentence_id': 'emlap_100045_3881', 'token_id': 1690317, 'token_text': 'de'}
 {'char_end': 33, 'char_start': 27, 'lemma': 'centrum', 'pos': 'NOUN', 'sentence_id': 'emlap_100045_3881', 'token_id': 1690318, 'token_text': 'centro'}
 {'char_end': 44, 'char_start': 34, 'lemma': 'cognosco', 'pos': 'VERB', 'sentence_id': 'emlap_100045_3881', 'token_id': 1690319, 'token_text': 'cognouisse'}
 {'char_end': 45, 'char_start': 44, 'lemma': ',', 'pos': 'PUNCT', 'sentence_id': 'emlap_100045_3881', 'token_id': 1690320, 'token_text': ','}
 {'char_end': 49, 'char_start': 46, 'lemma': 'qui', 'pos': 'PRON', 'sentence_id': 'emlap_100045_3881', 'token_id': 1690321, 'token_text': 'quo'}
 {'char_end': 53, 'char_start': 50, 'lemma': 'fio', 'pos': 'VERB', 'sentence_id': 'emlap_100045_3881', 'token_id': 1690322, 'token_text': 'fit'}
 {'char_end': 56, 'char_start': 54, 'lemma': 'ut', 'pos': 'SCONJ', 'sentence_id': 'emlap_100045_3881', 'token_id': 1690323, 'token_text': 'ut'}
 {'char_end': 66, 'char_start': 57, 'lemma': 'Paracelsus', 'pos': 'PROPN', 'sentence_id': 'emlap_100045_3881', 'token_id': 1690324, 'token_text': 'Paracelsi'}
 {'char_end': 77, 'char_start': 67, 'lemma': 'principium', 'pos': 'NOUN', 'sentence_id': 'emlap_100045_3881', 'token_id': 1690325, 'token_text': 'principium'}
 {'char_end': 79, 'char_start': 78, 'lemma': '&', 'pos': 'PUNCT', 'sentence_id': 'emlap_100045_3881', 'token_id': 1690326, 'token_text': '&'}
 {'char_end': 89, 'char_start': 80, 'lemma': 'principium', 'pos': 'NOUN', 'sentence_id': 'emlap_100045_3881', 'token_id': 1690327, 'token_text': 'principia'}
 {'char_end': 90, 'char_start': 89, 'lemma': ',', 'pos': 'PUNCT', 'sentence_id': 'emlap_100045_3881', 'token_id': 1690328, 'token_text': ','}
 {'char_end': 94, 'char_start': 91, 'lemma': 'uel', 'pos': 'CCONJ', 'sentence_id': 'emlap_100045_3881', 'token_id': 1690329, 'token_text': 'uel'}
 {'char_end': 99, 'char_start': 95, 'lemma': 'unus', 'pos': 'NUM', 'sentence_id': 'emlap_100045_3881', 'token_id': 1690330, 'token_text': 'unum'}
 {'char_end': 101, 'char_start': 100, 'lemma': '&', 'pos': 'PUNCT', 'sentence_id': 'emlap_100045_3881', 'token_id': 1690331, 'token_text': '&'}
 {'char_end': 106, 'char_start': 102, 'lemma': 'tres', 'pos': 'NUM', 'sentence_id': 'emlap_100045_3881', 'token_id': 1690332, 'token_text': 'tria'}
 {'char_end': 110, 'char_start': 107, 'lemma': 'non', 'pos': 'PART', 'sentence_id': 'emlap_100045_3881', 'token_id': 1690333, 'token_text': 'non'}
 {'char_end': 121, 'char_start': 111, 'lemma': 'intellego', 'pos': 'VERB', 'sentence_id': 'emlap_100045_3881', 'token_id': 1690334, 'token_text': 'intelligas'}
 {'char_end': 122, 'char_start': 121, 'lemma': ',', 'pos': 'PUNCT', 'sentence_id': 'emlap_100045_3881', 'token_id': 1690335, 'token_text': ','}
 {'char_end': 126, 'char_start': 123, 'lemma': 'sed', 'pos': 'CCONJ', 'sentence_id': 'emlap_100045_3881', 'token_id': 1690336, 'token_text': 'sed'}
 {'char_end': 131, 'char_start': 127, 'lemma': 'totus', 'pos': 'DET', 'sentence_id': 'emlap_100045_3881', 'token_id': 1690337, 'token_text': 'toto'}
 {'char_end': 137, 'char_start': 132, 'lemma': 'coelus', 'pos': 'NOUN', 'sentence_id': 'emlap_100045_3881', 'token_id': 1690338, 'token_text': 'coelo'}
 {'char_end': 145, 'char_start': 138, 'lemma': 'deliro', 'pos': 'VERB', 'sentence_id': 'emlap_100045_3881', 'token_id': 1690339, 'token_text': 'delires'}
 {'char_end': 146, 'char_start': 145, 'lemma': ',', 'pos': 'PUNCT', 'sentence_id': 'emlap_100045_3881', 'token_id': 1690340, 'token_text': ','}
 {'char_end': 149, 'char_start': 147, 'lemma': 'ut', 'pos': 'SCONJ', 'sentence_id': 'emlap_100045_3881', 'token_id': 1690341, 'token_text': 'ut'}
 {'char_end': 161, 'char_start': 150, 'lemma': 'complico', 'pos': 'VERB', 'sentence_id': 'emlap_100045_3881', 'token_id': 1690342, 'token_text': 'complicatus'}
 {'char_end': 172, 'char_start': 162, 'lemma': 'labyrinthus', 'pos': 'NOUN', 'sentence_id': 'emlap_100045_3881', 'token_id': 1690343, 'token_text': 'labyrintho'}
 {'char_end': 182, 'char_start': 173, 'lemma': 'gentilis', 'pos': 'NOUN', 'sentence_id': 'emlap_100045_3881', 'token_id': 1690344, 'token_text': 'Gentilium'}
 {'char_end': 183, 'char_start': 182, 'lemma': ',', 'pos': 'PUNCT', 'sentence_id': 'emlap_100045_3881', 'token_id': 1690345, 'token_text': ','}
 {'char_end': 186, 'char_start': 184, 'lemma': 'ad', 'pos': 'ADP', 'sentence_id': 'emlap_100045_3881', 'token_id': 1690346, 'token_text': 'ad'}
 {'char_end': 189, 'char_start': 187, 'lemma': 'is', 'pos': 'PRON', 'sentence_id': 'emlap_100045_3881', 'token_id': 1690347, 'token_text': 'ea'}
 {'char_end': 194, 'char_start': 190, 'lemma': 'qui', 'pos': 'PRON', 'sentence_id': 'emlap_100045_3881', 'token_id': 1690348, 'token_text': 'quae'}
 {'char_end': 202, 'char_start': 195, 'lemma': 'pulcher', 'pos': 'ADJ', 'sentence_id': 'emlap_100045_3881', 'token_id': 1690349, 'token_text': 'pulchra'}
 {'char_end': 207, 'char_start': 203, 'lemma': 'sum', 'pos': 'AUX', 'sentence_id': 'emlap_100045_3881', 'token_id': 1690350, 'token_text': 'sunt'}
 {'char_end': 217, 'char_start': 208, 'lemma': 'peruenio', 'pos': 'VERB', 'sentence_id': 'emlap_100045_3881', 'token_id': 1690351, 'token_text': 'peruenire'}
 {'char_end': 225, 'char_start': 218, 'lemma': 'nequeo', 'pos': 'VERB', 'sentence_id': 'emlap_100045_3881', 'token_id': 1690352, 'token_text': 'nequeas'}
 {'char_end': 226, 'char_start': 225, 'lemma': ',', 'pos': 'PUNCT', 'sentence_id': 'emlap_100045_3881', 'token_id': 1690353, 'token_text': ','}
 {'char_end': 232, 'char_start': 227, 'lemma': 'neque', 'pos': 'CCONJ', 'sentence_id': 'emlap_100045_3881', 'token_id': 1690354, 'token_text': 'neque'}
 {'char_end': 239, 'char_start': 233, 'lemma': 'uideo', 'pos': 'VERB', 'sentence_id': 'emlap_100045_3881', 'token_id': 1690355, 'token_text': 'uidere'}
 {'char_end': 245, 'char_start': 240, 'lemma': 'mens', 'pos': 'NOUN', 'sentence_id': 'emlap_100045_3881', 'token_id': 1690356, 'token_text': 'mente'}
 {'char_end': 246, 'char_start': 245, 'lemma': ',', 'pos': 'PUNCT', 'sentence_id': 'emlap_100045_3881', 'token_id': 1690357, 'token_text': ','}
 {'char_end': 258, 'char_start': 247, 'lemma': 'sensualis', 'pos': 'ADJ', 'sentence_id': 'emlap_100045_3881', 'token_id': 1690358, 'token_text': 'sensualibus'}
 {'char_end': 265, 'char_start': 259, 'lemma': 'oculus', 'pos': 'NOUN', 'sentence_id': 'emlap_100045_3881', 'token_id': 1690359, 'token_text': 'oculis'}
 {'char_end': 271, 'char_start': 266, 'lemma': 'tamen', 'pos': 'ADV', 'sentence_id': 'emlap_100045_3881', 'token_id': 1690360, 'token_text': 'tamen'}
 {'char_end': 284, 'char_start': 272, 'lemma': 'apertissimus', 'pos': 'ADJ', 'sentence_id': 'emlap_100045_3881', 'token_id': 1690361, 'token_text': 'apertissimis'}
 {'char_end': 285, 'char_start': 284, 'lemma': ',', 'pos': 'PUNCT', 'sentence_id': 'emlap_100045_3881', 'token_id': 1690362, 'token_text': ','}
 {'char_end': 290, 'char_start': 286, 'lemma': 'tu', 'pos': 'PRON', 'sentence_id': 'emlap_100045_3881', 'token_id': 1690363, 'token_text': 'tibi'}
 {'char_end': 301, 'char_start': 291, 'lemma': 'concedo', 'pos': 'VERB', 'sentence_id': 'emlap_100045_3881', 'token_id': 1690364, 'token_text': 'concedatur'}
 {'char_end': 302, 'char_start': 301, 'lemma': '.', 'pos': 'PUNCT', 'sentence_id': 'emlap_100045_3881', 'token_id': 1690365, 'token_text': '.'}]","[{'char_end': 110, 'char_start': 107, 'lemma': 'non', 'pos': 'PART', 'sentence_id': 'emlap_100045_3881', 'token_id': 1690333, 'token_text': 'non'}
 {'char_end': 121, 'char_start': 111, 'lemma': 'intellego', 'pos': 'VERB', 'sentence_id': 'emlap_100045_3881', 'token_id': 1690334, 'token_text': 'intelligas'}
 {'char_end': 122, 'char_start': 121, 'lemma': ',', 'pos': 'PUNCT', 'sentence_id': 'emlap_100045_3881', 'token_id': 1690335, 'token_text': ','}
 {'char_end': 126, 'char_start': 123, 'lemma': 'sed', 'pos': 'CCONJ', 'sentence_id': 'emlap_100045_3881', 'token_id': 1690336, 'token_text': 'sed'}
 {'char_end': 131, 'char_start': 127, 'lemma': 'totus', 'pos': 'DET', 'sentence_id': 'emlap_100045_3881', 'token_id': 1690337, 'token_text': 'toto'}
 {'char_end': 137, 'char_start': 132, 'lemma': 'coelus', 'pos': 'NOUN', 'sentence_id': 'emlap_100045_3881', 'token_id': 1690338, 'token_text': 'coelo'}
 {'char_end': 145, 'char_start': 138, 'lemma': 'deliro', 'pos': 'VERB', 'sentence_id': 'emlap_100045_3881', 'token_id': 1690339, 'token_text': 'delires'}
 {'char_end': 146, 'char_start': 145, 'lemma': ',', 'pos': 'PUNCT', 'sentence_id': 'emlap_100045_3881', 'token_id': 1690340, 'token_text': ','}
 {'char_end': 149, 'char_start': 147, 'lemma': 'ut', 'pos': 'SCONJ', 'sentence_id': 'emlap_100045_3881', 'token_id': 1690341, 'token_text': 'ut'}
 {'char_end': 161, 'char_start': 150, 'lemma': 'complico', 'pos': 'VERB', 'sentence_id': 'emlap_100045_3881', 'token_id': 1690342, 'token_text': 'complicatus'}
 {'char_end': 172, 'char_start': 162, 'lemma': 'labyrinthus', 'pos': 'NOUN', 'sentence_id': 'emlap_100045_3881', 'token_id': 1690343, 'token_text': 'labyrintho'}
 {'char_end': 182, 'char_start': 173, 'lemma': 'gentilis', 'pos': 'NOUN', 'sentence_id': 'emlap_100045_3881', 'token_id': 1690344, 'token_text': 'Gentilium'}
 {'char_end': 183, 'char_start': 182, 'lemma': ',', 'pos': 'PUNCT', 'sentence_id': 'emlap_100045_3881', 'token_id': 1690345, 'token_text': ','}
 {'char_end': 186, 'char_start': 184, 'lemma': 'ad', 'pos': 'ADP', 'sentence_id': 'emlap_100045_3881', 'token_id': 1690346, 'token_text': 'ad'}
 {'char_end': 189, 'char_start': 187, 'lemma': 'is', 'pos': 'PRON', 'sentence_id': 'emlap_100045_3881', 'token_id': 1690347, 'token_text': 'ea'}
 {'char_end': 194, 'char_start': 190, 'lemma': 'qui', 'pos': 'PRON', 'sentence_id': 'emlap_100045_3881', 'token_id': 1690348, 'token_text': 'quae'}
 {'char_end': 202, 'char_start': 195, 'lemma': 'pulcher', 'pos': 'ADJ', 'sentence_id': 'emlap_100045_3881', 'token_id': 1690349, 'token_text': 'pulchra'}
 {'char_end': 207, 'char_start': 203, 'lemma': 'sum', 'pos': 'AUX', 'sentence_id': 'emlap_100045_3881', 'token_id': 1690350, 'token_text': 'sunt'}
 {'char_end': 217, 'char_start': 208, 'lemma': 'peruenio', 'pos': 'VERB', 'sentence_id': 'emlap_100045_3881', 'token_id': 1690351, 'token_text': 'peruenire'}
 {'char_end': 225, 'char_start': 218, 'lemma': 'nequeo', 'pos': 'VERB', 'sentence_id': 'emlap_100045_3881', 'token_id': 1690352, 'token_text': 'nequeas'}
 {'char_end': 226, 'char_start': 225, 'lemma': ',', 'pos': 'PUNCT', 'sentence_id': 'emlap_100045_3881', 'token_id': 1690353, 'token_text': ','}]",1583.0,1583.0,1583.0,,,,,1690343,162,172
818,"Blankaart, Steven","Lexicon medicum Graeco-Latinum, in quo termini totius artis medicae secundum neotericorum placita definiuntur vel circumscribuntur, Graecae item voces ex origine sua deducuntur et Belgica nomina, si quae fuerint, adiunguntur",noscemus_888130,noscemus_888130_29410,"Usus membranae est radios sonoros excipere, eorumque motum per annexa ossicula auditus in labyrinthum promouere, sicque auditui inseruire.","Uide Chorda tympani. | Usus membranae est radios sonoros excipere, eorumque motum per annexa ossicula auditus in labyrinthum promouere, sicque auditui inseruire. | Ge.",medical_anatomical,"[{'char_end': 4, 'char_start': 0, 'lemma': 'usus', 'pos': 'NOUN', 'sentence_id': 'noscemus_888130_29410', 'token_id': 8671734, 'token_text': 'Usus'}
 {'char_end': 14, 'char_start': 5, 'lemma': 'membrana', 'pos': 'NOUN', 'sentence_id': 'noscemus_888130_29410', 'token_id': 8671735, 'token_text': 'membranae'}
 {'char_end': 18, 'char_start': 15, 'lemma': 'sum', 'pos': 'AUX', 'sentence_id': 'noscemus_888130_29410', 'token_id': 8671736, 'token_text': 'est'}
 {'char_end': 25, 'char_start': 19, 'lemma': 'radius', 'pos': 'NOUN', 'sentence_id': 'noscemus_888130_29410', 'token_id': 8671737, 'token_text': 'radios'}
 {'char_end': 33, 'char_start': 26, 'lemma': 'sonorus', 'pos': 'ADJ', 'sentence_id': 'noscemus_888130_29410', 'token_id': 8671738, 'token_text': 'sonoros'}
 {'char_end': 42, 'char_start': 34, 'lemma': 'excipo', 'pos': 'VERB', 'sentence_id': 'noscemus_888130_29410', 'token_id': 8671739, 'token_text': 'excipere'}
 {'char_end': 43, 'char_start': 42, 'lemma': ',', 'pos': 'PUNCT', 'sentence_id': 'noscemus_888130_29410', 'token_id': 8671740, 'token_text': ','}
 {'char_end': 49, 'char_start': 44, 'lemma': 'is', 'pos': 'PRON', 'sentence_id': 'noscemus_888130_29410', 'token_id': 8671741, 'token_text': 'eorum'}
 {'char_end': 52, 'char_start': 49, 'lemma': 'que', 'pos': 'PRON', 'sentence_id': 'noscemus_888130_29410', 'token_id': 8671742, 'token_text': 'que'}
 {'char_end': 58, 'char_start': 53, 'lemma': 'motus', 'pos': 'NOUN', 'sentence_id': 'noscemus_888130_29410', 'token_id': 8671743, 'token_text': 'motum'}
 {'char_end': 62, 'char_start': 59, 'lemma': 'per', 'pos': 'ADP', 'sentence_id': 'noscemus_888130_29410', 'token_id': 8671744, 'token_text': 'per'}
 {'char_end': 69, 'char_start': 63, 'lemma': 'annecto', 'pos': 'VERB', 'sentence_id': 'noscemus_888130_29410', 'token_id': 8671745, 'token_text': 'annexa'}
 {'char_end': 78, 'char_start': 70, 'lemma': 'ossiculum', 'pos': 'NOUN', 'sentence_id': 'noscemus_888130_29410', 'token_id': 8671746, 'token_text': 'ossicula'}
 {'char_end': 86, 'char_start': 79, 'lemma': 'auditus', 'pos': 'NOUN', 'sentence_id': 'noscemus_888130_29410', 'token_id': 8671747, 'token_text': 'auditus'}
 {'char_end': 89, 'char_start': 87, 'lemma': 'in', 'pos': 'ADP', 'sentence_id': 'noscemus_888130_29410', 'token_id': 8671748, 'token_text': 'in'}
 {'char_end': 101, 'char_start': 90, 'lemma': 'labyrinthus', 'pos': 'NOUN', 'sentence_id': 'noscemus_888130_29410', 'token_id': 8671749, 'token_text': 'labyrinthum'}
 {'char_end': 111, 'char_start': 102, 'lemma': 'promoueo', 'pos': 'VERB', 'sentence_id': 'noscemus_888130_29410', 'token_id': 8671750, 'token_text': 'promouere'}
 {'char_end': 112, 'char_start': 111, 'lemma': ',', 'pos': 'PUNCT', 'sentence_id': 'noscemus_888130_29410', 'token_id': 8671751, 'token_text': ','}
 {'char_end': 116, 'char_start': 113, 'lemma': 'sic', 'pos': 'ADV', 'sentence_id': 'noscemus_888130_29410', 'token_id': 8671752, 'token_text': 'sic'}
 {'char_end': 119, 'char_start': 116, 'lemma': 'que', 'pos': 'CCONJ', 'sentence_id': 'noscemus_888130_29410', 'token_id': 8671753, 'token_text': 'que'}
 {'char_end': 127, 'char_start': 120, 'lemma': 'auditus', 'pos': 'NOUN', 'sentence_id': 'noscemus_888130_29410', 'token_id': 8671754, 'token_text': 'auditui'}
 {'char_end': 137, 'char_start': 128, 'lemma': 'inseruio', 'pos': 'VERB', 'sentence_id': 'noscemus_888130_29410', 'token_id': 8671755, 'token_text': 'inseruire'}
 {'char_end': 138, 'char_start': 137, 'lemma': '.', 'pos': 'PUNCT', 'sentence_id': 'noscemus_888130_29410', 'token_id': 8671756, 'token_text': '.'}]","[{'char_end': 42, 'char_start': 34, 'lemma': 'excipo', 'pos': 'VERB', 'sentence_id': 'noscemus_888130_29410', 'token_id': 8671739, 'token_text': 'excipere'}
 {'char_end': 43, 'char_start': 42, 'lemma': ',', 'pos': 'PUNCT', 'sentence_id': 'noscemus_888130_29410', 'token_id': 8671740, 'token_text': ','}
 {'char_end': 49, 'char_start': 44, 'lemma': 'is', 'pos': 'PRON', 'sentence_id': 'noscemus_888130_29410', 'token_id': 8671741, 'token_text': 'eorum'}
 {'char_end': 52, 'char_start': 49, 'lemma': 'que', 'pos': 'PRON', 'sentence_id': 'noscemus_888130_29410', 'token_id': 8671742, 'token_text': 'que'}
 {'char_end': 58, 'char_start': 53, 'lemma': 'motus', 'pos': 'NOUN', 'sentence_id': 'noscemus_888130_29410', 'token_id': 8671743, 'token_text': 'motum'}
 {'char_end': 62, 'char_start': 59, 'lemma': 'per', 'pos': 'ADP', 'sentence_id': 'noscemus_888130_29410', 'token_id': 8671744, 'token_text': 'per'}
 {'char_end': 69, 'char_start': 63, 'lemma': 'annecto', 'pos': 'VERB', 'sentence_id': 'noscemus_888130_29410', 'token_id': 8671745, 'token_text': 'annexa'}
 {'char_end': 78, 'char_start': 70, 'lemma': 'ossiculum', 'pos': 'NOUN', 'sentence_id': 'noscemus_888130_29410', 'token_id': 8671746, 'token_text': 'ossicula'}
 {'char_end': 86, 'char_start': 79, 'lemma': 'auditus', 'pos': 'NOUN', 'sentence_id': 'noscemus_888130_29410', 'token_id': 8671747, 'token_text': 'auditus'}
 {'char_end': 89, 'char_start': 87, 'lemma': 'in', 'pos': 'ADP', 'sentence_id': 'noscemus_888130_29410', 'token_id': 8671748, 'token_text': 'in'}
 {'char_end': 101, 'char_start': 90, 'lemma': 'labyrinthus', 'pos': 'NOUN', 'sentence_id': 'noscemus_888130_29410', 'token_id': 8671749, 'token_text': 'labyrinthum'}
 {'char_end': 111, 'char_start': 102, 'lemma': 'promoueo', 'pos': 'VERB', 'sentence_id': 'noscemus_888130_29410', 'token_id': 8671750, 'token_text': 'promouere'}
 {'char_end': 112, 'char_start': 111, 'lemma': ',', 'pos': 'PUNCT', 'sentence_id': 'noscemus_888130_29410', 'token_id': 8671751, 'token_text': ','}
 {'char_end': 116, 'char_start': 113, 'lemma': 'sic', 'pos': 'ADV', 'sentence_id': 'noscemus_888130_29410', 'token_id': 8671752, 'token_text': 'sic'}
 {'char_end': 119, 'char_start': 116, 'lemma': 'que', 'pos': 'CCONJ', 'sentence_id': 'noscemus_888130_29410', 'token_id': 8671753, 'token_text': 'que'}
 {'char_end': 127, 'char_start': 120, 'lemma': 'auditus', 'pos': 'NOUN', 'sentence_id': 'noscemus_888130_29410', 'token_id': 8671754, 'token_text': 'auditui'}
 {'char_end': 137, 'char_start': 128, 'lemma': 'inseruio', 'pos': 'VERB', 'sentence_id': 'noscemus_888130_29410', 'token_id': 8671755, 'token_text': 'inseruire'}
 {'char_end': 138, 'char_start': 137, 'lemma': '.', 'pos': 'PUNCT', 'sentence_id': 'noscemus_888130_29410', 'token_id': 8671756, 'token_text': '.'}
 {'char_end': 2, 'char_start': 0, 'lemma': '', 'pos': 'PROPN', 'sentence_id': 'noscemus_888130_29411', 'token_id': 8671757, 'token_text': 'Ge'}
 {'char_end': 3, 'char_start': 2, 'lemma': '.', 'pos': 'PUNCT', 'sentence_id': 'noscemus_888130_29411', 'token_id': 8671758, 'token_text': '.'}
 {'char_end': 3, 'char_start': 0, 'lemma': 'do', 'pos': 'VERB', 'sentence_id': 'noscemus_888130_29412', 'token_id': 8671759, 'token_text': 'Das'}]",1679.0,1679.0,1679.0,,,Dictionary/Lexicon,Medicine,8671749,90,101
732,"Galenus,Ingrassia, Giovanni Filippo","In Galeni librum de ossibus doctissima et expectatissima commentaria, nunc primum sedulo in lucem edita et apte naturam imitantibus iconibus insignata, quibus est appositus Graecus Galeni contextus una cum nova et fideli eiusdem Ingrassiae in Latinum versione",noscemus_770140,noscemus_770140_6698,"Quod si paulatim totum os circumcideris, neruumque nudaueris, ipsius flexus, atque meandros deprehendes, neruusque tibi extra excidere ad aurem appa 1 rebit. ] Cuius labyrinthi in huiusmodi etiam ceco uocato forami ne rationem posterius adiunxit Ga99 lenus per hec uerba .s.","Causa uero cur nihil elabatur ""est, non cecitas, sed flexuosa meatus obliquitas. | Quod si paulatim totum os circumcideris, neruumque nudaueris, ipsius flexus, atque meandros deprehendes, neruusque tibi extra excidere ad aurem appa 1 rebit. ] Cuius labyrinthi in huiusmodi etiam ceco uocato forami ne rationem posterius adiunxit Ga99 lenus per hec uerba .s. | C In aliud uero angustius foramen (quod sane cecum appellant) reliquam 10 ""partem (scilicet neruorum quinte coniugationis) illapsam per foramen quoddam, quod est prope aures ""penetrare, uiamque omnem, quae est inter principium nerui internum, & finem eiusdem externum, uarid, instar Digitized by Google a 2 ( 1: 1 Cur instar labyrinthi flexuosum.",medical_anatomical,"[{'char_end': 4, 'char_start': 0, 'lemma': 'quod', 'pos': 'ADV', 'sentence_id': 'noscemus_770140_6698', 'token_id': 24833467, 'token_text': 'Quod'}
 {'char_end': 7, 'char_start': 5, 'lemma': 'si', 'pos': 'SCONJ', 'sentence_id': 'noscemus_770140_6698', 'token_id': 24833468, 'token_text': 'si'}
 {'char_end': 16, 'char_start': 8, 'lemma': 'paulatim', 'pos': 'ADV', 'sentence_id': 'noscemus_770140_6698', 'token_id': 24833469, 'token_text': 'paulatim'}
 {'char_end': 22, 'char_start': 17, 'lemma': 'totus', 'pos': 'DET', 'sentence_id': 'noscemus_770140_6698', 'token_id': 24833470, 'token_text': 'totum'}
 {'char_end': 25, 'char_start': 23, 'lemma': 'os', 'pos': 'NOUN', 'sentence_id': 'noscemus_770140_6698', 'token_id': 24833471, 'token_text': 'os'}
 {'char_end': 39, 'char_start': 26, 'lemma': 'circumcido', 'pos': 'VERB', 'sentence_id': 'noscemus_770140_6698', 'token_id': 24833472, 'token_text': 'circumcideris'}
 {'char_end': 40, 'char_start': 39, 'lemma': ',', 'pos': 'PUNCT', 'sentence_id': 'noscemus_770140_6698', 'token_id': 24833473, 'token_text': ','}
 {'char_end': 47, 'char_start': 41, 'lemma': 'neruus', 'pos': 'NOUN', 'sentence_id': 'noscemus_770140_6698', 'token_id': 24833474, 'token_text': 'neruum'}
 {'char_end': 50, 'char_start': 47, 'lemma': 'que', 'pos': 'CCONJ', 'sentence_id': 'noscemus_770140_6698', 'token_id': 24833475, 'token_text': 'que'}
 {'char_end': 60, 'char_start': 51, 'lemma': 'nudo', 'pos': 'VERB', 'sentence_id': 'noscemus_770140_6698', 'token_id': 24833476, 'token_text': 'nudaueris'}
 {'char_end': 61, 'char_start': 60, 'lemma': ',', 'pos': 'PUNCT', 'sentence_id': 'noscemus_770140_6698', 'token_id': 24833477, 'token_text': ','}
 {'char_end': 68, 'char_start': 62, 'lemma': 'ipse', 'pos': 'DET', 'sentence_id': 'noscemus_770140_6698', 'token_id': 24833478, 'token_text': 'ipsius'}
 {'char_end': 75, 'char_start': 69, 'lemma': 'flexus', 'pos': 'NOUN', 'sentence_id': 'noscemus_770140_6698', 'token_id': 24833479, 'token_text': 'flexus'}
 {'char_end': 76, 'char_start': 75, 'lemma': ',', 'pos': 'PUNCT', 'sentence_id': 'noscemus_770140_6698', 'token_id': 24833480, 'token_text': ','}
 {'char_end': 82, 'char_start': 77, 'lemma': 'atque', 'pos': 'CCONJ', 'sentence_id': 'noscemus_770140_6698', 'token_id': 24833481, 'token_text': 'atque'}
 {'char_end': 91, 'char_start': 83, 'lemma': 'meander', 'pos': 'NOUN', 'sentence_id': 'noscemus_770140_6698', 'token_id': 24833482, 'token_text': 'meandros'}
 {'char_end': 103, 'char_start': 92, 'lemma': 'deprehendo', 'pos': 'VERB', 'sentence_id': 'noscemus_770140_6698', 'token_id': 24833483, 'token_text': 'deprehendes'}
 {'char_end': 104, 'char_start': 103, 'lemma': ',', 'pos': 'PUNCT', 'sentence_id': 'noscemus_770140_6698', 'token_id': 24833484, 'token_text': ','}
 {'char_end': 111, 'char_start': 105, 'lemma': 'neruus', 'pos': 'NOUN', 'sentence_id': 'noscemus_770140_6698', 'token_id': 24833485, 'token_text': 'neruus'}
 {'char_end': 114, 'char_start': 111, 'lemma': 'que', 'pos': 'CCONJ', 'sentence_id': 'noscemus_770140_6698', 'token_id': 24833486, 'token_text': 'que'}
 {'char_end': 119, 'char_start': 115, 'lemma': 'tu', 'pos': 'PRON', 'sentence_id': 'noscemus_770140_6698', 'token_id': 24833487, 'token_text': 'tibi'}
 {'char_end': 125, 'char_start': 120, 'lemma': 'extra', 'pos': 'ADP', 'sentence_id': 'noscemus_770140_6698', 'token_id': 24833488, 'token_text': 'extra'}
 {'char_end': 134, 'char_start': 126, 'lemma': 'excido', 'pos': 'VERB', 'sentence_id': 'noscemus_770140_6698', 'token_id': 24833489, 'token_text': 'excidere'}
 {'char_end': 137, 'char_start': 135, 'lemma': 'ad', 'pos': 'ADP', 'sentence_id': 'noscemus_770140_6698', 'token_id': 24833490, 'token_text': 'ad'}
 {'char_end': 143, 'char_start': 138, 'lemma': 'auris', 'pos': 'NOUN', 'sentence_id': 'noscemus_770140_6698', 'token_id': 24833491, 'token_text': 'aurem'}
 {'char_end': 148, 'char_start': 144, 'lemma': 'appas', 'pos': 'VERB', 'sentence_id': 'noscemus_770140_6698', 'token_id': 24833492, 'token_text': 'appa'}
 {'char_end': 150, 'char_start': 149, 'lemma': '1', 'pos': 'NUM', 'sentence_id': 'noscemus_770140_6698', 'token_id': 24833493, 'token_text': '1'}
 {'char_end': 156, 'char_start': 151, 'lemma': 'reo', 'pos': 'VERB', 'sentence_id': 'noscemus_770140_6698', 'token_id': 24833494, 'token_text': 'rebit'}
 {'char_end': 157, 'char_start': 156, 'lemma': '.', 'pos': 'PUNCT', 'sentence_id': 'noscemus_770140_6698', 'token_id': 24833495, 'token_text': '.'}
 {'char_end': 159, 'char_start': 158, 'lemma': ']', 'pos': 'PUNCT', 'sentence_id': 'noscemus_770140_6698', 'token_id': 24833496, 'token_text': ']'}
 {'char_end': 165, 'char_start': 160, 'lemma': 'qui', 'pos': 'PRON', 'sentence_id': 'noscemus_770140_6698', 'token_id': 24833497, 'token_text': 'Cuius'}
 {'char_end': 176, 'char_start': 166, 'lemma': 'labyrinthus', 'pos': 'ADJ', 'sentence_id': 'noscemus_770140_6698', 'token_id': 24833498, 'token_text': 'labyrinthi'}
 {'char_end': 179, 'char_start': 177, 'lemma': 'in', 'pos': 'ADP', 'sentence_id': 'noscemus_770140_6698', 'token_id': 24833499, 'token_text': 'in'}
 {'char_end': 189, 'char_start': 180, 'lemma': 'huiusmodi', 'pos': 'DET', 'sentence_id': 'noscemus_770140_6698', 'token_id': 24833500, 'token_text': 'huiusmodi'}
 {'char_end': 195, 'char_start': 190, 'lemma': 'etiam', 'pos': 'ADV', 'sentence_id': 'noscemus_770140_6698', 'token_id': 24833501, 'token_text': 'etiam'}
 {'char_end': 200, 'char_start': 196, 'lemma': 'cecus', 'pos': 'ADJ', 'sentence_id': 'noscemus_770140_6698', 'token_id': 24833502, 'token_text': 'ceco'}
 {'char_end': 207, 'char_start': 201, 'lemma': 'uoco', 'pos': 'VERB', 'sentence_id': 'noscemus_770140_6698', 'token_id': 24833503, 'token_text': 'uocato'}
 {'char_end': 214, 'char_start': 208, 'lemma': 'foramus', 'pos': 'NOUN', 'sentence_id': 'noscemus_770140_6698', 'token_id': 24833504, 'token_text': 'forami'}
 {'char_end': 217, 'char_start': 215, 'lemma': 'ne', 'pos': 'SCONJ', 'sentence_id': 'noscemus_770140_6698', 'token_id': 24833505, 'token_text': 'ne'}
 {'char_end': 226, 'char_start': 218, 'lemma': 'ratio', 'pos': 'NOUN', 'sentence_id': 'noscemus_770140_6698', 'token_id': 24833506, 'token_text': 'rationem'}
 {'char_end': 236, 'char_start': 227, 'lemma': 'posterior', 'pos': 'ADV', 'sentence_id': 'noscemus_770140_6698', 'token_id': 24833507, 'token_text': 'posterius'}
 {'char_end': 245, 'char_start': 237, 'lemma': 'adiungo', 'pos': 'VERB', 'sentence_id': 'noscemus_770140_6698', 'token_id': 24833508, 'token_text': 'adiunxit'}
 {'char_end': 250, 'char_start': 246, 'lemma': '', 'pos': 'NOUN', 'sentence_id': 'noscemus_770140_6698', 'token_id': 24833509, 'token_text': 'Ga99'}
 {'char_end': 256, 'char_start': 251, 'lemma': 'lenus', 'pos': 'ADJ', 'sentence_id': 'noscemus_770140_6698', 'token_id': 24833510, 'token_text': 'lenus'}
 {'char_end': 260, 'char_start': 257, 'lemma': 'per', 'pos': 'ADP', 'sentence_id': 'noscemus_770140_6698', 'token_id': 24833511, 'token_text': 'per'}
 {'char_end': 264, 'char_start': 261, 'lemma': 'hic', 'pos': 'DET', 'sentence_id': 'noscemus_770140_6698', 'token_id': 24833512, 'token_text': 'hec'}
 {'char_end': 270, 'char_start': 265, 'lemma': 'uerbum', 'pos': 'NOUN', 'sentence_id': 'noscemus_770140_6698', 'token_id': 24833513, 'token_text': 'uerba'}
 {'char_end': 273, 'char_start': 271, 'lemma': '.s', 'pos': 'ADJ', 'sentence_id': 'noscemus_770140_6698', 'token_id': 24833514, 'token_text': '.s'}
 {'char_end': 274, 'char_start': 273, 'lemma': '.', 'pos': 'PUNCT', 'sentence_id': 'noscemus_770140_6698', 'token_id': 24833515, 'token_text': '.'}]","[{'char_end': 125, 'char_start': 120, 'lemma': 'extra', 'pos': 'ADP', 'sentence_id': 'noscemus_770140_6698', 'token_id': 24833488, 'token_text': 'extra'}
 {'char_end': 134, 'char_start': 126, 'lemma': 'excido', 'pos': 'VERB', 'sentence_id': 'noscemus_770140_6698', 'token_id': 24833489, 'token_text': 'excidere'}
 {'char_end': 137, 'char_start': 135, 'lemma': 'ad', 'pos': 'ADP', 'sentence_id': 'noscemus_770140_6698', 'token_id': 24833490, 'token_text': 'ad'}
 {'char_end': 143, 'char_start': 138, 'lemma': 'auris', 'pos': 'NOUN', 'sentence_id': 'noscemus_770140_6698', 'token_id': 24833491, 'token_text': 'aurem'}
 {'char_end': 148, 'char_start': 144, 'lemma': 'appas', 'pos': 'VERB', 'sentence_id': 'noscemus_770140_6698', 'token_id': 24833492, 'token_text': 'appa'}
 {'char_end': 150, 'char_start': 149, 'lemma': '1', 'pos': 'NUM', 'sentence_id': 'noscemus_770140_6698', 'token_id': 24833493, 'token_text': '1'}
 {'char_end': 156, 'char_start': 151, 'lemma': 'reo', 'pos': 'VERB', 'sentence_id': 'noscemus_770140_6698', 'token_id': 24833494, 'token_text': 'rebit'}
 {'char_end': 157, 'char_start': 156, 'lemma': '.', 'pos': 'PUNCT', 'sentence_id': 'noscemus_770140_6698', 'token_id': 24833495, 'token_text': '.'}
 {'char_end': 159, 'char_start': 158, 'lemma': ']', 'pos': 'PUNCT', 'sentence_id': 'noscemus_770140_6698', 'token_id': 24833496, 'token_text': ']'}
 {'char_end': 165, 'char_start': 160, 'lemma': 'qui', 'pos': 'PRON', 'sentence_id': 'noscemus_770140_6698', 'token_id': 24833497, 'token_text': 'Cuius'}
 {'char_end': 176, 'char_start': 166, 'lemma': 'labyrinthus', 'pos': 'ADJ', 'sentence_id': 'noscemus_770140_6698', 'token_id': 24833498, 'token_text': 'labyrinthi'}
 {'char_end': 179, 'char_start': 177, 'lemma': 'in', 'pos': 'ADP', 'sentence_id': 'noscemus_770140_6698', 'token_id': 24833499, 'token_text': 'in'}
 {'char_end': 189, 'char_start': 180, 'lemma': 'huiusmodi', 'pos': 'DET', 'sentence_id': 'noscemus_770140_6698', 'token_id': 24833500, 'token_text': 'huiusmodi'}
 {'char_end': 195, 'char_start': 190, 'lemma': 'etiam', 'pos': 'ADV', 'sentence_id': 'noscemus_770140_6698', 'token_id': 24833501, 'token_text': 'etiam'}
 {'char_end': 200, 'char_start': 196, 'lemma': 'cecus', 'pos': 'ADJ', 'sentence_id': 'noscemus_770140_6698', 'token_id': 24833502, 'token_text': 'ceco'}
 {'char_end': 207, 'char_start': 201, 'lemma': 'uoco', 'pos': 'VERB', 'sentence_id': 'noscemus_770140_6698', 'token_id': 24833503, 'token_text': 'uocato'}
 {'char_end': 214, 'char_start': 208, 'lemma': 'foramus', 'pos': 'NOUN', 'sentence_id': 'noscemus_770140_6698', 'token_id': 24833504, 'token_text': 'forami'}
 {'char_end': 217, 'char_start': 215, 'lemma': 'ne', 'pos': 'SCONJ', 'sentence_id': 'noscemus_770140_6698', 'token_id': 24833505, 'token_text': 'ne'}
 {'char_end': 226, 'char_start': 218, 'lemma': 'ratio', 'pos': 'NOUN', 'sentence_id': 'noscemus_770140_6698', 'token_id': 24833506, 'token_text': 'rationem'}
 {'char_end': 236, 'char_start': 227, 'lemma': 'posterior', 'pos': 'ADV', 'sentence_id': 'noscemus_770140_6698', 'token_id': 24833507, 'token_text': 'posterius'}
 {'char_end': 245, 'char_start': 237, 'lemma': 'adiungo', 'pos': 'VERB', 'sentence_id': 'noscemus_770140_6698', 'token_id': 24833508, 'token_text': 'adiunxit'}]",1546.0,1603.0,1583.0,,,"Commentary, Translation",Medicine,24833498,166,176
420,"Leibniz, Gottfried Wilhelm","Review of: Isaaci Newtoni tractatus duo de speciebus et magnitudine figurarum curvilinearum. Londini apud Samuelem Smith et Benjamin Walford, typographos Societatis Regiae, 1704. In 4. Constant plagulis 19.",noscemus_657725,noscemus_657725_9129,"Exponit membranam uestibuli, item cochleae & canalium semicircularium zonas, molli neruorum auditoriorum portioni annexas, magnitudine naturali & in eodem situ, in quo conspicerentur, si tota ista labyrinthi superficie, quae in praecedenti Figura exhibetur, sublata, ipse labyrinthus aperiretur.","Fig. 7. | Fig. 7. | Exponit membranam uestibuli, item cochleae & canalium semicircularium zonas, molli neruorum auditoriorum portioni annexas, magnitudine naturali & in eodem situ, in quo conspicerentur, si tota ista labyrinthi superficie, quae in praecedenti Figura exhibetur, sublata, ipse labyrinthus aperiretur. | Exponit membranam uestibuli, item cochleae & canalium semicircularium zonas, molli neruorum auditoriorum portioni annexas, magnitudine naturali & in eodem situ, in quo conspicerentur, si tota ista labyrinthi superficie, quae in praecedenti Figura exhibetur, sublata, ipse labyrinthus aperiretur. | Traitise Of Fluxions, Oran Introdustion to Mathematical and Mechanical Philosophy, useful for those, that would apply Mathema iis to Nature, by Charles Hayes. | Traitise Of Fluxions, Oran Introdustion to Mathematical and Mechanical Philosophy, useful for those, that would apply Mathema iis to Nature, by Charles Hayes.",medical_anatomical,"[{'char_end': 7, 'char_start': 0, 'lemma': 'expono', 'pos': 'VERB', 'sentence_id': 'noscemus_657725_9129', 'token_id': 59677310, 'token_text': 'Exponit'}
 {'char_end': 17, 'char_start': 8, 'lemma': 'membrana', 'pos': 'NOUN', 'sentence_id': 'noscemus_657725_9129', 'token_id': 59677311, 'token_text': 'membranam'}
 {'char_end': 27, 'char_start': 18, 'lemma': 'uestibulum', 'pos': 'NOUN', 'sentence_id': 'noscemus_657725_9129', 'token_id': 59677312, 'token_text': 'uestibuli'}
 {'char_end': 28, 'char_start': 27, 'lemma': ',', 'pos': 'PUNCT', 'sentence_id': 'noscemus_657725_9129', 'token_id': 59677313, 'token_text': ','}
 {'char_end': 33, 'char_start': 29, 'lemma': 'item', 'pos': 'ADV', 'sentence_id': 'noscemus_657725_9129', 'token_id': 59677314, 'token_text': 'item'}
 {'char_end': 42, 'char_start': 34, 'lemma': 'cochlea', 'pos': 'NOUN', 'sentence_id': 'noscemus_657725_9129', 'token_id': 59677315, 'token_text': 'cochleae'}
 {'char_end': 44, 'char_start': 43, 'lemma': '&', 'pos': 'PUNCT', 'sentence_id': 'noscemus_657725_9129', 'token_id': 59677316, 'token_text': '&'}
 {'char_end': 53, 'char_start': 45, 'lemma': 'canalis', 'pos': 'NOUN', 'sentence_id': 'noscemus_657725_9129', 'token_id': 59677317, 'token_text': 'canalium'}
 {'char_end': 69, 'char_start': 54, 'lemma': 'semicircularis', 'pos': 'ADJ', 'sentence_id': 'noscemus_657725_9129', 'token_id': 59677318, 'token_text': 'semicircularium'}
 {'char_end': 75, 'char_start': 70, 'lemma': 'zona', 'pos': 'NOUN', 'sentence_id': 'noscemus_657725_9129', 'token_id': 59677319, 'token_text': 'zonas'}
 {'char_end': 76, 'char_start': 75, 'lemma': ',', 'pos': 'PUNCT', 'sentence_id': 'noscemus_657725_9129', 'token_id': 59677320, 'token_text': ','}
 {'char_end': 82, 'char_start': 77, 'lemma': 'mollis', 'pos': 'ADJ', 'sentence_id': 'noscemus_657725_9129', 'token_id': 59677321, 'token_text': 'molli'}
 {'char_end': 91, 'char_start': 83, 'lemma': 'neruus', 'pos': 'NOUN', 'sentence_id': 'noscemus_657725_9129', 'token_id': 59677322, 'token_text': 'neruorum'}
 {'char_end': 104, 'char_start': 92, 'lemma': 'auditorius', 'pos': 'NOUN', 'sentence_id': 'noscemus_657725_9129', 'token_id': 59677323, 'token_text': 'auditoriorum'}
 {'char_end': 113, 'char_start': 105, 'lemma': 'portio', 'pos': 'NOUN', 'sentence_id': 'noscemus_657725_9129', 'token_id': 59677324, 'token_text': 'portioni'}
 {'char_end': 121, 'char_start': 114, 'lemma': 'annecto', 'pos': 'VERB', 'sentence_id': 'noscemus_657725_9129', 'token_id': 59677325, 'token_text': 'annexas'}
 {'char_end': 122, 'char_start': 121, 'lemma': ',', 'pos': 'PUNCT', 'sentence_id': 'noscemus_657725_9129', 'token_id': 59677326, 'token_text': ','}
 {'char_end': 134, 'char_start': 123, 'lemma': 'magnitudo', 'pos': 'NOUN', 'sentence_id': 'noscemus_657725_9129', 'token_id': 59677327, 'token_text': 'magnitudine'}
 {'char_end': 143, 'char_start': 135, 'lemma': 'naturalis', 'pos': 'ADJ', 'sentence_id': 'noscemus_657725_9129', 'token_id': 59677328, 'token_text': 'naturali'}
 {'char_end': 145, 'char_start': 144, 'lemma': '&', 'pos': 'PUNCT', 'sentence_id': 'noscemus_657725_9129', 'token_id': 59677329, 'token_text': '&'}
 {'char_end': 148, 'char_start': 146, 'lemma': 'in', 'pos': 'ADP', 'sentence_id': 'noscemus_657725_9129', 'token_id': 59677330, 'token_text': 'in'}
 {'char_end': 154, 'char_start': 149, 'lemma': 'idem', 'pos': 'DET', 'sentence_id': 'noscemus_657725_9129', 'token_id': 59677331, 'token_text': 'eodem'}
 {'char_end': 159, 'char_start': 155, 'lemma': 'situs', 'pos': 'NOUN', 'sentence_id': 'noscemus_657725_9129', 'token_id': 59677332, 'token_text': 'situ'}
 {'char_end': 160, 'char_start': 159, 'lemma': ',', 'pos': 'PUNCT', 'sentence_id': 'noscemus_657725_9129', 'token_id': 59677333, 'token_text': ','}
 {'char_end': 163, 'char_start': 161, 'lemma': 'in', 'pos': 'ADP', 'sentence_id': 'noscemus_657725_9129', 'token_id': 59677334, 'token_text': 'in'}
 {'char_end': 167, 'char_start': 164, 'lemma': 'qui', 'pos': 'PRON', 'sentence_id': 'noscemus_657725_9129', 'token_id': 59677335, 'token_text': 'quo'}
 {'char_end': 182, 'char_start': 168, 'lemma': 'conspicio', 'pos': 'VERB', 'sentence_id': 'noscemus_657725_9129', 'token_id': 59677336, 'token_text': 'conspicerentur'}
 {'char_end': 183, 'char_start': 182, 'lemma': ',', 'pos': 'PUNCT', 'sentence_id': 'noscemus_657725_9129', 'token_id': 59677337, 'token_text': ','}
 {'char_end': 186, 'char_start': 184, 'lemma': 'si', 'pos': 'SCONJ', 'sentence_id': 'noscemus_657725_9129', 'token_id': 59677338, 'token_text': 'si'}
 {'char_end': 191, 'char_start': 187, 'lemma': 'totus', 'pos': 'DET', 'sentence_id': 'noscemus_657725_9129', 'token_id': 59677339, 'token_text': 'tota'}
 {'char_end': 196, 'char_start': 192, 'lemma': 'iste', 'pos': 'DET', 'sentence_id': 'noscemus_657725_9129', 'token_id': 59677340, 'token_text': 'ista'}
 {'char_end': 207, 'char_start': 197, 'lemma': 'labyrinthus', 'pos': 'ADJ', 'sentence_id': 'noscemus_657725_9129', 'token_id': 59677341, 'token_text': 'labyrinthi'}
 {'char_end': 218, 'char_start': 208, 'lemma': 'superficies', 'pos': 'NOUN', 'sentence_id': 'noscemus_657725_9129', 'token_id': 59677342, 'token_text': 'superficie'}
 {'char_end': 219, 'char_start': 218, 'lemma': ',', 'pos': 'PUNCT', 'sentence_id': 'noscemus_657725_9129', 'token_id': 59677343, 'token_text': ','}
 {'char_end': 224, 'char_start': 220, 'lemma': 'qui', 'pos': 'PRON', 'sentence_id': 'noscemus_657725_9129', 'token_id': 59677344, 'token_text': 'quae'}
 {'char_end': 227, 'char_start': 225, 'lemma': 'in', 'pos': 'ADP', 'sentence_id': 'noscemus_657725_9129', 'token_id': 59677345, 'token_text': 'in'}
 {'char_end': 239, 'char_start': 228, 'lemma': 'praecedo', 'pos': 'VERB', 'sentence_id': 'noscemus_657725_9129', 'token_id': 59677346, 'token_text': 'praecedenti'}
 {'char_end': 246, 'char_start': 240, 'lemma': 'figura', 'pos': 'NOUN', 'sentence_id': 'noscemus_657725_9129', 'token_id': 59677347, 'token_text': 'Figura'}
 {'char_end': 256, 'char_start': 247, 'lemma': 'exhibeo', 'pos': 'VERB', 'sentence_id': 'noscemus_657725_9129', 'token_id': 59677348, 'token_text': 'exhibetur'}
 {'char_end': 257, 'char_start': 256, 'lemma': ',', 'pos': 'PUNCT', 'sentence_id': 'noscemus_657725_9129', 'token_id': 59677349, 'token_text': ','}
 {'char_end': 265, 'char_start': 258, 'lemma': 'tollo', 'pos': 'VERB', 'sentence_id': 'noscemus_657725_9129', 'token_id': 59677350, 'token_text': 'sublata'}
 {'char_end': 266, 'char_start': 265, 'lemma': ',', 'pos': 'PUNCT', 'sentence_id': 'noscemus_657725_9129', 'token_id': 59677351, 'token_text': ','}
 {'char_end': 271, 'char_start': 267, 'lemma': 'ipse', 'pos': 'DET', 'sentence_id': 'noscemus_657725_9129', 'token_id': 59677352, 'token_text': 'ipse'}
 {'char_end': 283, 'char_start': 272, 'lemma': 'labyrinthus', 'pos': 'NOUN', 'sentence_id': 'noscemus_657725_9129', 'token_id': 59677353, 'token_text': 'labyrinthus'}
 {'char_end': 294, 'char_start': 284, 'lemma': 'aperio', 'pos': 'VERB', 'sentence_id': 'noscemus_657725_9129', 'token_id': 59677354, 'token_text': 'aperiretur'}
 {'char_end': 295, 'char_start': 294, 'lemma': '.', 'pos': 'PUNCT', 'sentence_id': 'noscemus_657725_9129', 'token_id': 59677355, 'token_text': '.'}]","[{'char_end': 219, 'char_start': 218, 'lemma': ',', 'pos': 'PUNCT', 'sentence_id': 'noscemus_657725_9129', 'token_id': 59677343, 'token_text': ','}
 {'char_end': 224, 'char_start': 220, 'lemma': 'qui', 'pos': 'PRON', 'sentence_id': 'noscemus_657725_9129', 'token_id': 59677344, 'token_text': 'quae'}
 {'char_end': 227, 'char_start': 225, 'lemma': 'in', 'pos': 'ADP', 'sentence_id': 'noscemus_657725_9129', 'token_id': 59677345, 'token_text': 'in'}
 {'char_end': 239, 'char_start': 228, 'lemma': 'praecedo', 'pos': 'VERB', 'sentence_id': 'noscemus_657725_9129', 'token_id': 59677346, 'token_text': 'praecedenti'}
 {'char_end': 246, 'char_start': 240, 'lemma': 'figura', 'pos': 'NOUN', 'sentence_id': 'noscemus_657725_9129', 'token_id': 59677347, 'token_text': 'Figura'}
 {'char_end': 256, 'char_start': 247, 'lemma': 'exhibeo', 'pos': 'VERB', 'sentence_id': 'noscemus_657725_9129', 'token_id': 59677348, 'token_text': 'exhibetur'}
 {'char_end': 257, 'char_start': 256, 'lemma': ',', 'pos': 'PUNCT', 'sentence_id': 'noscemus_657725_9129', 'token_id': 59677349, 'token_text': ','}
 {'char_end': 265, 'char_start': 258, 'lemma': 'tollo', 'pos': 'VERB', 'sentence_id': 'noscemus_657725_9129', 'token_id': 59677350, 'token_text': 'sublata'}
 {'char_end': 266, 'char_start': 265, 'lemma': ',', 'pos': 'PUNCT', 'sentence_id': 'noscemus_657725_9129', 'token_id': 59677351, 'token_text': ','}
 {'char_end': 271, 'char_start': 267, 'lemma': 'ipse', 'pos': 'DET', 'sentence_id': 'noscemus_657725_9129', 'token_id': 59677352, 'token_text': 'ipse'}
 {'char_end': 283, 'char_start': 272, 'lemma': 'labyrinthus', 'pos': 'NOUN', 'sentence_id': 'noscemus_657725_9129', 'token_id': 59677353, 'token_text': 'labyrinthus'}
 {'char_end': 294, 'char_start': 284, 'lemma': 'aperio', 'pos': 'VERB', 'sentence_id': 'noscemus_657725_9129', 'token_id': 59677354, 'token_text': 'aperiretur'}
 {'char_end': 295, 'char_start': 294, 'lemma': '.', 'pos': 'PUNCT', 'sentence_id': 'noscemus_657725_9129', 'token_id': 59677355, 'token_text': '.'}
 {'char_end': 8, 'char_start': 0, 'lemma': '', 'pos': 'ADJ', 'sentence_id': 'noscemus_657725_9130', 'token_id': 59677356, 'token_text': 'Traitise'}
 {'char_end': 11, 'char_start': 9, 'lemma': '', 'pos': 'ADJ', 'sentence_id': 'noscemus_657725_9130', 'token_id': 59677357, 'token_text': 'Of'}
 {'char_end': 20, 'char_start': 12, 'lemma': 'fluxions', 'pos': 'PROPN', 'sentence_id': 'noscemus_657725_9130', 'token_id': 59677358, 'token_text': 'Fluxions'}
 {'char_end': 21, 'char_start': 20, 'lemma': ',', 'pos': 'PUNCT', 'sentence_id': 'noscemus_657725_9130', 'token_id': 59677359, 'token_text': ','}
 {'char_end': 26, 'char_start': 22, 'lemma': '', 'pos': 'ADJ', 'sentence_id': 'noscemus_657725_9130', 'token_id': 59677360, 'token_text': 'Oran'}
 {'char_end': 39, 'char_start': 27, 'lemma': 'introdustion', 'pos': 'PROPN', 'sentence_id': 'noscemus_657725_9130', 'token_id': 59677361, 'token_text': 'Introdustion'}
 {'char_end': 42, 'char_start': 40, 'lemma': 'to', 'pos': 'VERB', 'sentence_id': 'noscemus_657725_9130', 'token_id': 59677362, 'token_text': 'to'}
 {'char_end': 55, 'char_start': 43, 'lemma': '', 'pos': 'PROPN', 'sentence_id': 'noscemus_657725_9130', 'token_id': 59677363, 'token_text': 'Mathematical'}]",1705.0,1705.0,1705.0,,,"Other (see description), Review",Mathematics,59677353,272,283
390,"Haller, Albrecht von",Epistolarum ab eruditis viris ad Albertum Hallerum scriptarum pars I. Latinae,noscemus_623156,noscemus_623156_3548,aquae praesentiam intra labyrinthum;,Negauit praesentiam septi in uestibulo; | aquae praesentiam intra labyrinthum; | negauit aquaeductus:,medical_anatomical,"[{'char_end': 5, 'char_start': 0, 'lemma': 'aqua', 'pos': 'NOUN', 'sentence_id': 'noscemus_623156_3548', 'token_id': 39917728, 'token_text': 'aquae'}
 {'char_end': 17, 'char_start': 6, 'lemma': 'praesentio', 'pos': 'NOUN', 'sentence_id': 'noscemus_623156_3548', 'token_id': 39917729, 'token_text': 'praesentiam'}
 {'char_end': 23, 'char_start': 18, 'lemma': 'intra', 'pos': 'ADP', 'sentence_id': 'noscemus_623156_3548', 'token_id': 39917730, 'token_text': 'intra'}
 {'char_end': 35, 'char_start': 24, 'lemma': 'labyrinthus', 'pos': 'NOUN', 'sentence_id': 'noscemus_623156_3548', 'token_id': 39917731, 'token_text': 'labyrinthum'}
 {'char_end': 36, 'char_start': 35, 'lemma': ';', 'pos': 'PUNCT', 'sentence_id': 'noscemus_623156_3548', 'token_id': 39917732, 'token_text': ';'}]","[{'char_end': 47, 'char_start': 46, 'lemma': '.', 'pos': 'PUNCT', 'sentence_id': 'noscemus_623156_3546', 'token_id': 39917721, 'token_text': '.'}
 {'char_end': 7, 'char_start': 0, 'lemma': 'nego', 'pos': 'VERB', 'sentence_id': 'noscemus_623156_3547', 'token_id': 39917722, 'token_text': 'Negauit'}
 {'char_end': 19, 'char_start': 8, 'lemma': 'praesentio', 'pos': 'NOUN', 'sentence_id': 'noscemus_623156_3547', 'token_id': 39917723, 'token_text': 'praesentiam'}
 {'char_end': 25, 'char_start': 20, 'lemma': '', 'pos': 'ADJ', 'sentence_id': 'noscemus_623156_3547', 'token_id': 39917724, 'token_text': 'septi'}
 {'char_end': 28, 'char_start': 26, 'lemma': 'in', 'pos': 'ADP', 'sentence_id': 'noscemus_623156_3547', 'token_id': 39917725, 'token_text': 'in'}
 {'char_end': 38, 'char_start': 29, 'lemma': 'uestibulum', 'pos': 'ADJ', 'sentence_id': 'noscemus_623156_3547', 'token_id': 39917726, 'token_text': 'uestibulo'}
 {'char_end': 39, 'char_start': 38, 'lemma': ';', 'pos': 'PUNCT', 'sentence_id': 'noscemus_623156_3547', 'token_id': 39917727, 'token_text': ';'}
 {'char_end': 5, 'char_start': 0, 'lemma': 'aqua', 'pos': 'NOUN', 'sentence_id': 'noscemus_623156_3548', 'token_id': 39917728, 'token_text': 'aquae'}
 {'char_end': 17, 'char_start': 6, 'lemma': 'praesentio', 'pos': 'NOUN', 'sentence_id': 'noscemus_623156_3548', 'token_id': 39917729, 'token_text': 'praesentiam'}
 {'char_end': 23, 'char_start': 18, 'lemma': 'intra', 'pos': 'ADP', 'sentence_id': 'noscemus_623156_3548', 'token_id': 39917730, 'token_text': 'intra'}
 {'char_end': 35, 'char_start': 24, 'lemma': 'labyrinthus', 'pos': 'NOUN', 'sentence_id': 'noscemus_623156_3548', 'token_id': 39917731, 'token_text': 'labyrinthum'}
 {'char_end': 36, 'char_start': 35, 'lemma': ';', 'pos': 'PUNCT', 'sentence_id': 'noscemus_623156_3548', 'token_id': 39917732, 'token_text': ';'}
 {'char_end': 7, 'char_start': 0, 'lemma': 'nego', 'pos': 'VERB', 'sentence_id': 'noscemus_623156_3549', 'token_id': 39917733, 'token_text': 'negauit'}
 {'char_end': 19, 'char_start': 8, 'lemma': 'aquaeductus', 'pos': 'VERB', 'sentence_id': 'noscemus_623156_3549', 'token_id': 39917734, 'token_text': 'aquaeductus'}
 {'char_end': 20, 'char_start': 19, 'lemma': ':', 'pos': 'PUNCT', 'sentence_id': 'noscemus_623156_3549', 'token_id': 39917735, 'token_text': ':'}
 {'char_end': 3, 'char_start': 0, 'lemma': 'unus', 'pos': 'NUM', 'sentence_id': 'noscemus_623156_3550', 'token_id': 39917736, 'token_text': 'uno'}
 {'char_end': 9, 'char_start': 4, 'lemma': 'uerbum', 'pos': 'NOUN', 'sentence_id': 'noscemus_623156_3550', 'token_id': 39917737, 'token_text': 'uerbo'}
 {'char_end': 15, 'char_start': 10, 'lemma': 'omnis', 'pos': 'DET', 'sentence_id': 'noscemus_623156_3550', 'token_id': 39917738, 'token_text': 'omnia'}
 {'char_end': 16, 'char_start': 15, 'lemma': '.', 'pos': 'PUNCT', 'sentence_id': 'noscemus_623156_3550', 'token_id': 39917739, 'token_text': '.'}
 {'char_end': 7, 'char_start': 0, 'lemma': 'quoties', 'pos': 'ADV', 'sentence_id': 'noscemus_623156_3551', 'token_id': 39917740, 'token_text': 'Quoties'}
 {'char_end': 10, 'char_start': 8, 'lemma': 'de', 'pos': 'ADP', 'sentence_id': 'noscemus_623156_3551', 'token_id': 39917741, 'token_text': 'de'}]",1773.0,1775.0,1775.0,,,Letter,"Biology, Medicine",39917731,24,35
249,Auctor incertus (Atto Vercellensis?) ,Polypticum,cc_9443,cc_9443_5,"Hujus labyrinthi iter currentes, aut qua insistendo uitare uoraginem edoce, aut quo salubres sublati adtingere possint delitias.","mortuus, sed uiuus immo. | Hujus labyrinthi iter currentes, aut qua insistendo uitare uoraginem edoce, aut quo salubres sublati adtingere possint delitias. | Quae sentio in hoc cernes.",scientific_complexity_metaphorics,"[{'char_end': 5, 'char_start': 0, 'lemma': 'hjc', 'pos': 'DET', 'sentence_id': 'cc_9443_5', 'token_id': 363827549, 'token_text': 'Hujus'}
 {'char_end': 16, 'char_start': 6, 'lemma': 'labyrinthus', 'pos': 'ADJ', 'sentence_id': 'cc_9443_5', 'token_id': 363827550, 'token_text': 'labyrinthi'}
 {'char_end': 21, 'char_start': 17, 'lemma': 'iter', 'pos': 'NOUN', 'sentence_id': 'cc_9443_5', 'token_id': 363827551, 'token_text': 'iter'}
 {'char_end': 31, 'char_start': 22, 'lemma': 'curro', 'pos': 'VERB', 'sentence_id': 'cc_9443_5', 'token_id': 363827552, 'token_text': 'currentes'}
 {'char_end': 32, 'char_start': 31, 'lemma': ',', 'pos': 'PUNCT', 'sentence_id': 'cc_9443_5', 'token_id': 363827553, 'token_text': ','}
 {'char_end': 36, 'char_start': 33, 'lemma': 'aut', 'pos': 'CCONJ', 'sentence_id': 'cc_9443_5', 'token_id': 363827554, 'token_text': 'aut'}
 {'char_end': 40, 'char_start': 37, 'lemma': 'qui', 'pos': 'PRON', 'sentence_id': 'cc_9443_5', 'token_id': 363827555, 'token_text': 'qua'}
 {'char_end': 51, 'char_start': 41, 'lemma': 'insisto', 'pos': 'VERB', 'sentence_id': 'cc_9443_5', 'token_id': 363827556, 'token_text': 'insistendo'}
 {'char_end': 58, 'char_start': 52, 'lemma': 'uito', 'pos': 'VERB', 'sentence_id': 'cc_9443_5', 'token_id': 363827557, 'token_text': 'uitare'}
 {'char_end': 68, 'char_start': 59, 'lemma': 'uorago', 'pos': 'NOUN', 'sentence_id': 'cc_9443_5', 'token_id': 363827558, 'token_text': 'uoraginem'}
 {'char_end': 74, 'char_start': 69, 'lemma': 'edoceo', 'pos': 'VERB', 'sentence_id': 'cc_9443_5', 'token_id': 363827559, 'token_text': 'edoce'}
 {'char_end': 75, 'char_start': 74, 'lemma': ',', 'pos': 'PUNCT', 'sentence_id': 'cc_9443_5', 'token_id': 363827560, 'token_text': ','}
 {'char_end': 79, 'char_start': 76, 'lemma': 'aut', 'pos': 'CCONJ', 'sentence_id': 'cc_9443_5', 'token_id': 363827561, 'token_text': 'aut'}
 {'char_end': 83, 'char_start': 80, 'lemma': 'quo', 'pos': 'ADV', 'sentence_id': 'cc_9443_5', 'token_id': 363827562, 'token_text': 'quo'}
 {'char_end': 92, 'char_start': 84, 'lemma': 'saluber', 'pos': 'ADJ', 'sentence_id': 'cc_9443_5', 'token_id': 363827563, 'token_text': 'salubres'}
 {'char_end': 100, 'char_start': 93, 'lemma': 'sublatus', 'pos': 'VERB', 'sentence_id': 'cc_9443_5', 'token_id': 363827564, 'token_text': 'sublati'}
 {'char_end': 110, 'char_start': 101, 'lemma': 'adtingo', 'pos': 'VERB', 'sentence_id': 'cc_9443_5', 'token_id': 363827565, 'token_text': 'adtingere'}
 {'char_end': 118, 'char_start': 111, 'lemma': 'possum', 'pos': 'VERB', 'sentence_id': 'cc_9443_5', 'token_id': 363827566, 'token_text': 'possint'}
 {'char_end': 127, 'char_start': 119, 'lemma': 'delitia', 'pos': 'NOUN', 'sentence_id': 'cc_9443_5', 'token_id': 363827567, 'token_text': 'delitias'}
 {'char_end': 128, 'char_start': 127, 'lemma': '.', 'pos': 'PUNCT', 'sentence_id': 'cc_9443_5', 'token_id': 363827568, 'token_text': '.'}]","[{'char_end': 65, 'char_start': 58, 'lemma': 'uiuidus', 'pos': 'VERB', 'sentence_id': 'cc_9443_3', 'token_id': 363827540, 'token_text': 'uiuidus'}
 {'char_end': 68, 'char_start': 66, 'lemma': 'sum', 'pos': 'AUX', 'sentence_id': 'cc_9443_3', 'token_id': 363827541, 'token_text': 'es'}
 {'char_end': 69, 'char_start': 68, 'lemma': ';', 'pos': 'PUNCT', 'sentence_id': 'cc_9443_3', 'token_id': 363827542, 'token_text': ';'}
 {'char_end': 7, 'char_start': 0, 'lemma': 'morior', 'pos': 'VERB', 'sentence_id': 'cc_9443_4', 'token_id': 363827543, 'token_text': 'mortuus'}
 {'char_end': 8, 'char_start': 7, 'lemma': ',', 'pos': 'PUNCT', 'sentence_id': 'cc_9443_4', 'token_id': 363827544, 'token_text': ','}
 {'char_end': 12, 'char_start': 9, 'lemma': 'sed', 'pos': 'CCONJ', 'sentence_id': 'cc_9443_4', 'token_id': 363827545, 'token_text': 'sed'}
 {'char_end': 18, 'char_start': 13, 'lemma': 'uiuus', 'pos': 'ADJ', 'sentence_id': 'cc_9443_4', 'token_id': 363827546, 'token_text': 'uiuus'}
 {'char_end': 23, 'char_start': 19, 'lemma': 'immo', 'pos': 'ADV', 'sentence_id': 'cc_9443_4', 'token_id': 363827547, 'token_text': 'immo'}
 {'char_end': 24, 'char_start': 23, 'lemma': '.', 'pos': 'PUNCT', 'sentence_id': 'cc_9443_4', 'token_id': 363827548, 'token_text': '.'}
 {'char_end': 5, 'char_start': 0, 'lemma': 'hjc', 'pos': 'DET', 'sentence_id': 'cc_9443_5', 'token_id': 363827549, 'token_text': 'Hujus'}
 {'char_end': 16, 'char_start': 6, 'lemma': 'labyrinthus', 'pos': 'ADJ', 'sentence_id': 'cc_9443_5', 'token_id': 363827550, 'token_text': 'labyrinthi'}
 {'char_end': 21, 'char_start': 17, 'lemma': 'iter', 'pos': 'NOUN', 'sentence_id': 'cc_9443_5', 'token_id': 363827551, 'token_text': 'iter'}
 {'char_end': 31, 'char_start': 22, 'lemma': 'curro', 'pos': 'VERB', 'sentence_id': 'cc_9443_5', 'token_id': 363827552, 'token_text': 'currentes'}
 {'char_end': 32, 'char_start': 31, 'lemma': ',', 'pos': 'PUNCT', 'sentence_id': 'cc_9443_5', 'token_id': 363827553, 'token_text': ','}
 {'char_end': 36, 'char_start': 33, 'lemma': 'aut', 'pos': 'CCONJ', 'sentence_id': 'cc_9443_5', 'token_id': 363827554, 'token_text': 'aut'}
 {'char_end': 40, 'char_start': 37, 'lemma': 'qui', 'pos': 'PRON', 'sentence_id': 'cc_9443_5', 'token_id': 363827555, 'token_text': 'qua'}
 {'char_end': 51, 'char_start': 41, 'lemma': 'insisto', 'pos': 'VERB', 'sentence_id': 'cc_9443_5', 'token_id': 363827556, 'token_text': 'insistendo'}
 {'char_end': 58, 'char_start': 52, 'lemma': 'uito', 'pos': 'VERB', 'sentence_id': 'cc_9443_5', 'token_id': 363827557, 'token_text': 'uitare'}
 {'char_end': 68, 'char_start': 59, 'lemma': 'uorago', 'pos': 'NOUN', 'sentence_id': 'cc_9443_5', 'token_id': 363827558, 'token_text': 'uoraginem'}
 {'char_end': 74, 'char_start': 69, 'lemma': 'edoceo', 'pos': 'VERB', 'sentence_id': 'cc_9443_5', 'token_id': 363827559, 'token_text': 'edoce'}
 {'char_end': 75, 'char_start': 74, 'lemma': ',', 'pos': 'PUNCT', 'sentence_id': 'cc_9443_5', 'token_id': 363827560, 'token_text': ','}]",,,,,,,,363827550,6,16
142,"Masenius, Jacobus",Exercitationes Oratoriae,cc_13980,cc_13980_5688,"obruta in medio conatu intercidat, aut, ueluti Labyrintho inclusa, exitum nullum reperiat.","formidare mihi uideor, ne uel rerum multitudine turbata oratio, uel magnitudine Propositione docet, se ex multis pauca de Caroli felicitate et uirtutibus dicturum. | obruta in medio conatu intercidat, aut, ueluti Labyrintho inclusa, exitum nullum reperiat. | Quem tamen animo conceptum timorem, uestra, Audirores, beneuolentia mitigabit, si eo, quo uiuentem Principem amore prosecuti estis, morientis uirtutes fueritis amplexi, et, si minus ornate a me dictis, tamen fortiter ab illo perpetratis, applauseritis.",confusion_metaphorics,"[{'char_end': 6, 'char_start': 0, 'lemma': 'obruo', 'pos': 'VERB', 'sentence_id': 'cc_13980_5688', 'token_id': 208057258, 'token_text': 'obruta'}
 {'char_end': 9, 'char_start': 7, 'lemma': 'in', 'pos': 'ADP', 'sentence_id': 'cc_13980_5688', 'token_id': 208057259, 'token_text': 'in'}
 {'char_end': 15, 'char_start': 10, 'lemma': 'medius', 'pos': 'ADJ', 'sentence_id': 'cc_13980_5688', 'token_id': 208057260, 'token_text': 'medio'}
 {'char_end': 22, 'char_start': 16, 'lemma': 'conatus', 'pos': 'NOUN', 'sentence_id': 'cc_13980_5688', 'token_id': 208057261, 'token_text': 'conatu'}
 {'char_end': 33, 'char_start': 23, 'lemma': 'intercido', 'pos': 'VERB', 'sentence_id': 'cc_13980_5688', 'token_id': 208057262, 'token_text': 'intercidat'}
 {'char_end': 34, 'char_start': 33, 'lemma': ',', 'pos': 'PUNCT', 'sentence_id': 'cc_13980_5688', 'token_id': 208057263, 'token_text': ','}
 {'char_end': 38, 'char_start': 35, 'lemma': 'aut', 'pos': 'CCONJ', 'sentence_id': 'cc_13980_5688', 'token_id': 208057264, 'token_text': 'aut'}
 {'char_end': 39, 'char_start': 38, 'lemma': ',', 'pos': 'PUNCT', 'sentence_id': 'cc_13980_5688', 'token_id': 208057265, 'token_text': ','}
 {'char_end': 46, 'char_start': 40, 'lemma': 'ueluti', 'pos': 'SCONJ', 'sentence_id': 'cc_13980_5688', 'token_id': 208057266, 'token_text': 'ueluti'}
 {'char_end': 57, 'char_start': 47, 'lemma': 'labyrinthus', 'pos': 'PROPN', 'sentence_id': 'cc_13980_5688', 'token_id': 208057267, 'token_text': 'Labyrintho'}
 {'char_end': 65, 'char_start': 58, 'lemma': 'includo', 'pos': 'VERB', 'sentence_id': 'cc_13980_5688', 'token_id': 208057268, 'token_text': 'inclusa'}
 {'char_end': 66, 'char_start': 65, 'lemma': ',', 'pos': 'PUNCT', 'sentence_id': 'cc_13980_5688', 'token_id': 208057269, 'token_text': ','}
 {'char_end': 73, 'char_start': 67, 'lemma': 'exitus', 'pos': 'NOUN', 'sentence_id': 'cc_13980_5688', 'token_id': 208057270, 'token_text': 'exitum'}
 {'char_end': 80, 'char_start': 74, 'lemma': 'nullus', 'pos': 'DET', 'sentence_id': 'cc_13980_5688', 'token_id': 208057271, 'token_text': 'nullum'}
 {'char_end': 89, 'char_start': 81, 'lemma': 'reperio', 'pos': 'VERB', 'sentence_id': 'cc_13980_5688', 'token_id': 208057272, 'token_text': 'reperiat'}
 {'char_end': 90, 'char_start': 89, 'lemma': '.', 'pos': 'PUNCT', 'sentence_id': 'cc_13980_5688', 'token_id': 208057273, 'token_text': '.'}]","[{'char_end': 163, 'char_start': 162, 'lemma': '.', 'pos': 'PUNCT', 'sentence_id': 'cc_13980_5687', 'token_id': 208057257, 'token_text': '.'}
 {'char_end': 6, 'char_start': 0, 'lemma': 'obruo', 'pos': 'VERB', 'sentence_id': 'cc_13980_5688', 'token_id': 208057258, 'token_text': 'obruta'}
 {'char_end': 9, 'char_start': 7, 'lemma': 'in', 'pos': 'ADP', 'sentence_id': 'cc_13980_5688', 'token_id': 208057259, 'token_text': 'in'}
 {'char_end': 15, 'char_start': 10, 'lemma': 'medius', 'pos': 'ADJ', 'sentence_id': 'cc_13980_5688', 'token_id': 208057260, 'token_text': 'medio'}
 {'char_end': 22, 'char_start': 16, 'lemma': 'conatus', 'pos': 'NOUN', 'sentence_id': 'cc_13980_5688', 'token_id': 208057261, 'token_text': 'conatu'}
 {'char_end': 33, 'char_start': 23, 'lemma': 'intercido', 'pos': 'VERB', 'sentence_id': 'cc_13980_5688', 'token_id': 208057262, 'token_text': 'intercidat'}
 {'char_end': 34, 'char_start': 33, 'lemma': ',', 'pos': 'PUNCT', 'sentence_id': 'cc_13980_5688', 'token_id': 208057263, 'token_text': ','}
 {'char_end': 38, 'char_start': 35, 'lemma': 'aut', 'pos': 'CCONJ', 'sentence_id': 'cc_13980_5688', 'token_id': 208057264, 'token_text': 'aut'}
 {'char_end': 39, 'char_start': 38, 'lemma': ',', 'pos': 'PUNCT', 'sentence_id': 'cc_13980_5688', 'token_id': 208057265, 'token_text': ','}
 {'char_end': 46, 'char_start': 40, 'lemma': 'ueluti', 'pos': 'SCONJ', 'sentence_id': 'cc_13980_5688', 'token_id': 208057266, 'token_text': 'ueluti'}
 {'char_end': 57, 'char_start': 47, 'lemma': 'labyrinthus', 'pos': 'PROPN', 'sentence_id': 'cc_13980_5688', 'token_id': 208057267, 'token_text': 'Labyrintho'}
 {'char_end': 65, 'char_start': 58, 'lemma': 'includo', 'pos': 'VERB', 'sentence_id': 'cc_13980_5688', 'token_id': 208057268, 'token_text': 'inclusa'}
 {'char_end': 66, 'char_start': 65, 'lemma': ',', 'pos': 'PUNCT', 'sentence_id': 'cc_13980_5688', 'token_id': 208057269, 'token_text': ','}
 {'char_end': 73, 'char_start': 67, 'lemma': 'exitus', 'pos': 'NOUN', 'sentence_id': 'cc_13980_5688', 'token_id': 208057270, 'token_text': 'exitum'}
 {'char_end': 80, 'char_start': 74, 'lemma': 'nullus', 'pos': 'DET', 'sentence_id': 'cc_13980_5688', 'token_id': 208057271, 'token_text': 'nullum'}
 {'char_end': 89, 'char_start': 81, 'lemma': 'reperio', 'pos': 'VERB', 'sentence_id': 'cc_13980_5688', 'token_id': 208057272, 'token_text': 'reperiat'}
 {'char_end': 90, 'char_start': 89, 'lemma': '.', 'pos': 'PUNCT', 'sentence_id': 'cc_13980_5688', 'token_id': 208057273, 'token_text': '.'}
 {'char_end': 4, 'char_start': 0, 'lemma': 'qui', 'pos': 'PRON', 'sentence_id': 'cc_13980_5689', 'token_id': 208057274, 'token_text': 'Quem'}
 {'char_end': 10, 'char_start': 5, 'lemma': 'tamen', 'pos': 'ADV', 'sentence_id': 'cc_13980_5689', 'token_id': 208057275, 'token_text': 'tamen'}
 {'char_end': 16, 'char_start': 11, 'lemma': 'animus', 'pos': 'NOUN', 'sentence_id': 'cc_13980_5689', 'token_id': 208057276, 'token_text': 'animo'}
 {'char_end': 26, 'char_start': 17, 'lemma': 'conceptus', 'pos': 'VERB', 'sentence_id': 'cc_13980_5689', 'token_id': 208057277, 'token_text': 'conceptum'}]",1606.0,1681.0,1680.0,,,,,208057267,47,57
874,"Vesling, Johann","Ioannis Veslingii Mindani equitis, in Patavino Gymnasio anatomiae et pharmaciae professoris primarii syntagma anatomicum. Publicis dissectionibus in auditorum usum diligenter aptatum",noscemus_918507,noscemus_918507_1314,"quatuor tamen a disse- - 2 ctio+ 2 -- - Digitized by Google 142 Syntagmatis ctionu auctoribus potissimum ad auditus usu relata fuerut nepe meatus auditorius, tympanum, labyrinthus, & cochlea.","Cauitates in eo, atque adeo aeris cum sono diuerticula quam plurima: | quatuor tamen a disse- - 2 ctio+ 2 -- - Digitized by Google 142 Syntagmatis ctionu auctoribus potissimum ad auditus usu relata fuerut nepe meatus auditorius, tympanum, labyrinthus, & cochlea. | Auditorius meatus, protinus ab auricula externa incipiens, tenui cutis amictu, membranaque pinguedini -- alias summissa, & pericranio ad oras usque tympani uestitur.",medical_anatomical,"[{'char_end': 7, 'char_start': 0, 'lemma': 'quattuor', 'pos': 'NUM', 'sentence_id': 'noscemus_918507_1314', 'token_id': 70617211, 'token_text': 'quatuor'}
 {'char_end': 13, 'char_start': 8, 'lemma': 'tamen', 'pos': 'ADV', 'sentence_id': 'noscemus_918507_1314', 'token_id': 70617212, 'token_text': 'tamen'}
 {'char_end': 15, 'char_start': 14, 'lemma': 'ab', 'pos': 'ADP', 'sentence_id': 'noscemus_918507_1314', 'token_id': 70617213, 'token_text': 'a'}
 {'char_end': 22, 'char_start': 16, 'lemma': '', 'pos': 'VERB', 'sentence_id': 'noscemus_918507_1314', 'token_id': 70617214, 'token_text': 'disse-'}
 {'char_end': 24, 'char_start': 23, 'lemma': '-', 'pos': 'PUNCT', 'sentence_id': 'noscemus_918507_1314', 'token_id': 70617215, 'token_text': '-'}
 {'char_end': 26, 'char_start': 25, 'lemma': '', 'pos': 'NUM', 'sentence_id': 'noscemus_918507_1314', 'token_id': 70617216, 'token_text': '2'}
 {'char_end': 32, 'char_start': 27, 'lemma': 'ctio+', 'pos': 'NUM', 'sentence_id': 'noscemus_918507_1314', 'token_id': 70617217, 'token_text': 'ctio+'}
 {'char_end': 34, 'char_start': 33, 'lemma': '2', 'pos': 'NUM', 'sentence_id': 'noscemus_918507_1314', 'token_id': 70617218, 'token_text': '2'}
 {'char_end': 37, 'char_start': 35, 'lemma': '', 'pos': 'PUNCT', 'sentence_id': 'noscemus_918507_1314', 'token_id': 70617219, 'token_text': '--'}
 {'char_end': 39, 'char_start': 38, 'lemma': '-', 'pos': 'PUNCT', 'sentence_id': 'noscemus_918507_1314', 'token_id': 70617220, 'token_text': '-'}
 {'char_end': 49, 'char_start': 40, 'lemma': '', 'pos': 'VERB', 'sentence_id': 'noscemus_918507_1314', 'token_id': 70617221, 'token_text': 'Digitized'}
 {'char_end': 52, 'char_start': 50, 'lemma': 'by', 'pos': 'SCONJ', 'sentence_id': 'noscemus_918507_1314', 'token_id': 70617222, 'token_text': 'by'}
 {'char_end': 59, 'char_start': 53, 'lemma': '', 'pos': 'PROPN', 'sentence_id': 'noscemus_918507_1314', 'token_id': 70617223, 'token_text': 'Google'}
 {'char_end': 63, 'char_start': 60, 'lemma': '142', 'pos': 'NUM', 'sentence_id': 'noscemus_918507_1314', 'token_id': 70617224, 'token_text': '142'}
 {'char_end': 75, 'char_start': 64, 'lemma': 'syntagmatus', 'pos': 'VERB', 'sentence_id': 'noscemus_918507_1314', 'token_id': 70617225, 'token_text': 'Syntagmatis'}
 {'char_end': 82, 'char_start': 76, 'lemma': '', 'pos': 'NOUN', 'sentence_id': 'noscemus_918507_1314', 'token_id': 70617226, 'token_text': 'ctionu'}
 {'char_end': 93, 'char_start': 83, 'lemma': 'auctor', 'pos': 'NOUN', 'sentence_id': 'noscemus_918507_1314', 'token_id': 70617227, 'token_text': 'auctoribus'}
 {'char_end': 104, 'char_start': 94, 'lemma': 'potissimum', 'pos': 'ADV', 'sentence_id': 'noscemus_918507_1314', 'token_id': 70617228, 'token_text': 'potissimum'}
 {'char_end': 107, 'char_start': 105, 'lemma': 'ad', 'pos': 'ADP', 'sentence_id': 'noscemus_918507_1314', 'token_id': 70617229, 'token_text': 'ad'}
 {'char_end': 115, 'char_start': 108, 'lemma': 'auditus', 'pos': 'NOUN', 'sentence_id': 'noscemus_918507_1314', 'token_id': 70617230, 'token_text': 'auditus'}
 {'char_end': 119, 'char_start': 116, 'lemma': 'usus', 'pos': 'NOUN', 'sentence_id': 'noscemus_918507_1314', 'token_id': 70617231, 'token_text': 'usu'}
 {'char_end': 126, 'char_start': 120, 'lemma': 'relatus', 'pos': 'VERB', 'sentence_id': 'noscemus_918507_1314', 'token_id': 70617232, 'token_text': 'relata'}
 {'char_end': 133, 'char_start': 127, 'lemma': '', 'pos': 'AUX', 'sentence_id': 'noscemus_918507_1314', 'token_id': 70617233, 'token_text': 'fuerut'}
 {'char_end': 138, 'char_start': 134, 'lemma': 'nepe', 'pos': 'NOUN', 'sentence_id': 'noscemus_918507_1314', 'token_id': 70617234, 'token_text': 'nepe'}
 {'char_end': 145, 'char_start': 139, 'lemma': 'meaueo', 'pos': 'NOUN', 'sentence_id': 'noscemus_918507_1314', 'token_id': 70617235, 'token_text': 'meatus'}
 {'char_end': 156, 'char_start': 146, 'lemma': 'auditorius', 'pos': 'ADJ', 'sentence_id': 'noscemus_918507_1314', 'token_id': 70617236, 'token_text': 'auditorius'}
 {'char_end': 157, 'char_start': 156, 'lemma': ',', 'pos': 'PUNCT', 'sentence_id': 'noscemus_918507_1314', 'token_id': 70617237, 'token_text': ','}
 {'char_end': 166, 'char_start': 158, 'lemma': 'tympanum', 'pos': 'ADJ', 'sentence_id': 'noscemus_918507_1314', 'token_id': 70617238, 'token_text': 'tympanum'}
 {'char_end': 167, 'char_start': 166, 'lemma': ',', 'pos': 'PUNCT', 'sentence_id': 'noscemus_918507_1314', 'token_id': 70617239, 'token_text': ','}
 {'char_end': 179, 'char_start': 168, 'lemma': 'labyrinthus', 'pos': 'NOUN', 'sentence_id': 'noscemus_918507_1314', 'token_id': 70617240, 'token_text': 'labyrinthus'}
 {'char_end': 180, 'char_start': 179, 'lemma': ',', 'pos': 'PUNCT', 'sentence_id': 'noscemus_918507_1314', 'token_id': 70617241, 'token_text': ','}
 {'char_end': 182, 'char_start': 181, 'lemma': '&', 'pos': 'PUNCT', 'sentence_id': 'noscemus_918507_1314', 'token_id': 70617242, 'token_text': '&'}
 {'char_end': 190, 'char_start': 183, 'lemma': 'cochlea', 'pos': 'NOUN', 'sentence_id': 'noscemus_918507_1314', 'token_id': 70617243, 'token_text': 'cochlea'}
 {'char_end': 191, 'char_start': 190, 'lemma': '.', 'pos': 'PUNCT', 'sentence_id': 'noscemus_918507_1314', 'token_id': 70617244, 'token_text': '.'}]","[{'char_end': 115, 'char_start': 108, 'lemma': 'auditus', 'pos': 'NOUN', 'sentence_id': 'noscemus_918507_1314', 'token_id': 70617230, 'token_text': 'auditus'}
 {'char_end': 119, 'char_start': 116, 'lemma': 'usus', 'pos': 'NOUN', 'sentence_id': 'noscemus_918507_1314', 'token_id': 70617231, 'token_text': 'usu'}
 {'char_end': 126, 'char_start': 120, 'lemma': 'relatus', 'pos': 'VERB', 'sentence_id': 'noscemus_918507_1314', 'token_id': 70617232, 'token_text': 'relata'}
 {'char_end': 133, 'char_start': 127, 'lemma': '', 'pos': 'AUX', 'sentence_id': 'noscemus_918507_1314', 'token_id': 70617233, 'token_text': 'fuerut'}
 {'char_end': 138, 'char_start': 134, 'lemma': 'nepe', 'pos': 'NOUN', 'sentence_id': 'noscemus_918507_1314', 'token_id': 70617234, 'token_text': 'nepe'}
 {'char_end': 145, 'char_start': 139, 'lemma': 'meaueo', 'pos': 'NOUN', 'sentence_id': 'noscemus_918507_1314', 'token_id': 70617235, 'token_text': 'meatus'}
 {'char_end': 156, 'char_start': 146, 'lemma': 'auditorius', 'pos': 'ADJ', 'sentence_id': 'noscemus_918507_1314', 'token_id': 70617236, 'token_text': 'auditorius'}
 {'char_end': 157, 'char_start': 156, 'lemma': ',', 'pos': 'PUNCT', 'sentence_id': 'noscemus_918507_1314', 'token_id': 70617237, 'token_text': ','}
 {'char_end': 166, 'char_start': 158, 'lemma': 'tympanum', 'pos': 'ADJ', 'sentence_id': 'noscemus_918507_1314', 'token_id': 70617238, 'token_text': 'tympanum'}
 {'char_end': 167, 'char_start': 166, 'lemma': ',', 'pos': 'PUNCT', 'sentence_id': 'noscemus_918507_1314', 'token_id': 70617239, 'token_text': ','}
 {'char_end': 179, 'char_start': 168, 'lemma': 'labyrinthus', 'pos': 'NOUN', 'sentence_id': 'noscemus_918507_1314', 'token_id': 70617240, 'token_text': 'labyrinthus'}
 {'char_end': 180, 'char_start': 179, 'lemma': ',', 'pos': 'PUNCT', 'sentence_id': 'noscemus_918507_1314', 'token_id': 70617241, 'token_text': ','}
 {'char_end': 182, 'char_start': 181, 'lemma': '&', 'pos': 'PUNCT', 'sentence_id': 'noscemus_918507_1314', 'token_id': 70617242, 'token_text': '&'}
 {'char_end': 190, 'char_start': 183, 'lemma': 'cochlea', 'pos': 'NOUN', 'sentence_id': 'noscemus_918507_1314', 'token_id': 70617243, 'token_text': 'cochlea'}
 {'char_end': 191, 'char_start': 190, 'lemma': '.', 'pos': 'PUNCT', 'sentence_id': 'noscemus_918507_1314', 'token_id': 70617244, 'token_text': '.'}
 {'char_end': 10, 'char_start': 0, 'lemma': 'auditorius', 'pos': 'ADJ', 'sentence_id': 'noscemus_918507_1315', 'token_id': 70617245, 'token_text': 'Auditorius'}
 {'char_end': 17, 'char_start': 11, 'lemma': 'meatus', 'pos': 'NOUN', 'sentence_id': 'noscemus_918507_1315', 'token_id': 70617246, 'token_text': 'meatus'}
 {'char_end': 18, 'char_start': 17, 'lemma': ',', 'pos': 'PUNCT', 'sentence_id': 'noscemus_918507_1315', 'token_id': 70617247, 'token_text': ','}
 {'char_end': 27, 'char_start': 19, 'lemma': 'protinus', 'pos': 'ADV', 'sentence_id': 'noscemus_918507_1315', 'token_id': 70617248, 'token_text': 'protinus'}
 {'char_end': 30, 'char_start': 28, 'lemma': 'ab', 'pos': 'ADP', 'sentence_id': 'noscemus_918507_1315', 'token_id': 70617249, 'token_text': 'ab'}
 {'char_end': 39, 'char_start': 31, 'lemma': 'auricula', 'pos': 'NOUN', 'sentence_id': 'noscemus_918507_1315', 'token_id': 70617250, 'token_text': 'auricula'}]",1641.0,1641.0,1641.0,,,Textbook,Medicine,70617240,168,179
251,Gerardus S. Medardi Suessionensis ,Vita S. Romani,cc_9714,cc_9714_78,"Sic castrum subiens, diuinaque spicula figens, Fanum destruxit, labyrinthi claustra reuulsit, Idola contriuit, funesta sacella remouit, Spurcitiisque locum purgauit daemoniorum.","Et contra fortes proprias ad bella cohortes, Psalmicines ex more greges, reliquosque fideles, Cum crucibus sacris, cum pignoribus pretiosis. | Sic castrum subiens, diuinaque spicula figens, Fanum destruxit, labyrinthi claustra reuulsit, Idola contriuit, funesta sacella remouit, Spurcitiisque locum purgauit daemoniorum. | Territus exsanguis uis illico perdidit anguis Ad Christi labarum quo deposuit dominatum.",confusion_metaphorics,"[{'char_end': 3, 'char_start': 0, 'lemma': 'sic', 'pos': 'ADV', 'sentence_id': 'cc_9714_78', 'token_id': 275509990, 'token_text': 'Sic'}
 {'char_end': 11, 'char_start': 4, 'lemma': 'castrum', 'pos': 'NOUN', 'sentence_id': 'cc_9714_78', 'token_id': 275509991, 'token_text': 'castrum'}
 {'char_end': 19, 'char_start': 12, 'lemma': 'subeo', 'pos': 'VERB', 'sentence_id': 'cc_9714_78', 'token_id': 275509992, 'token_text': 'subiens'}
 {'char_end': 20, 'char_start': 19, 'lemma': ',', 'pos': 'PUNCT', 'sentence_id': 'cc_9714_78', 'token_id': 275509993, 'token_text': ','}
 {'char_end': 27, 'char_start': 21, 'lemma': 'diuinus', 'pos': 'ADJ', 'sentence_id': 'cc_9714_78', 'token_id': 275509994, 'token_text': 'diuina'}
 {'char_end': 30, 'char_start': 27, 'lemma': 'que', 'pos': 'CCONJ', 'sentence_id': 'cc_9714_78', 'token_id': 275509995, 'token_text': 'que'}
 {'char_end': 38, 'char_start': 31, 'lemma': 'spiculum', 'pos': 'NOUN', 'sentence_id': 'cc_9714_78', 'token_id': 275509996, 'token_text': 'spicula'}
 {'char_end': 45, 'char_start': 39, 'lemma': 'figo', 'pos': 'VERB', 'sentence_id': 'cc_9714_78', 'token_id': 275509997, 'token_text': 'figens'}
 {'char_end': 46, 'char_start': 45, 'lemma': ',', 'pos': 'PUNCT', 'sentence_id': 'cc_9714_78', 'token_id': 275509998, 'token_text': ','}
 {'char_end': 52, 'char_start': 47, 'lemma': 'fanum', 'pos': 'NOUN', 'sentence_id': 'cc_9714_78', 'token_id': 275509999, 'token_text': 'Fanum'}
 {'char_end': 62, 'char_start': 53, 'lemma': 'destruo', 'pos': 'VERB', 'sentence_id': 'cc_9714_78', 'token_id': 275510000, 'token_text': 'destruxit'}
 {'char_end': 63, 'char_start': 62, 'lemma': ',', 'pos': 'PUNCT', 'sentence_id': 'cc_9714_78', 'token_id': 275510001, 'token_text': ','}
 {'char_end': 74, 'char_start': 64, 'lemma': 'labyrinthus', 'pos': 'ADJ', 'sentence_id': 'cc_9714_78', 'token_id': 275510002, 'token_text': 'labyrinthi'}
 {'char_end': 83, 'char_start': 75, 'lemma': 'claustrum', 'pos': 'NOUN', 'sentence_id': 'cc_9714_78', 'token_id': 275510003, 'token_text': 'claustra'}
 {'char_end': 92, 'char_start': 84, 'lemma': 'reuulgeo', 'pos': 'VERB', 'sentence_id': 'cc_9714_78', 'token_id': 275510004, 'token_text': 'reuulsit'}
 {'char_end': 93, 'char_start': 92, 'lemma': ',', 'pos': 'PUNCT', 'sentence_id': 'cc_9714_78', 'token_id': 275510005, 'token_text': ','}
 {'char_end': 99, 'char_start': 94, 'lemma': 'idolum', 'pos': 'PROPN', 'sentence_id': 'cc_9714_78', 'token_id': 275510006, 'token_text': 'Idola'}
 {'char_end': 109, 'char_start': 100, 'lemma': 'contero', 'pos': 'VERB', 'sentence_id': 'cc_9714_78', 'token_id': 275510007, 'token_text': 'contriuit'}
 {'char_end': 110, 'char_start': 109, 'lemma': ',', 'pos': 'PUNCT', 'sentence_id': 'cc_9714_78', 'token_id': 275510008, 'token_text': ','}
 {'char_end': 118, 'char_start': 111, 'lemma': 'funestus', 'pos': 'ADJ', 'sentence_id': 'cc_9714_78', 'token_id': 275510009, 'token_text': 'funesta'}
 {'char_end': 126, 'char_start': 119, 'lemma': 'sacellum', 'pos': 'NOUN', 'sentence_id': 'cc_9714_78', 'token_id': 275510010, 'token_text': 'sacella'}
 {'char_end': 134, 'char_start': 127, 'lemma': 'remoueo', 'pos': 'VERB', 'sentence_id': 'cc_9714_78', 'token_id': 275510011, 'token_text': 'remouit'}
 {'char_end': 135, 'char_start': 134, 'lemma': ',', 'pos': 'PUNCT', 'sentence_id': 'cc_9714_78', 'token_id': 275510012, 'token_text': ','}
 {'char_end': 146, 'char_start': 136, 'lemma': 'spurcitia', 'pos': 'NOUN', 'sentence_id': 'cc_9714_78', 'token_id': 275510013, 'token_text': 'Spurcitiis'}
 {'char_end': 149, 'char_start': 146, 'lemma': 'que', 'pos': 'CCONJ', 'sentence_id': 'cc_9714_78', 'token_id': 275510014, 'token_text': 'que'}
 {'char_end': 155, 'char_start': 150, 'lemma': 'locus', 'pos': 'NOUN', 'sentence_id': 'cc_9714_78', 'token_id': 275510015, 'token_text': 'locum'}
 {'char_end': 164, 'char_start': 156, 'lemma': 'purgo', 'pos': 'VERB', 'sentence_id': 'cc_9714_78', 'token_id': 275510016, 'token_text': 'purgauit'}
 {'char_end': 176, 'char_start': 165, 'lemma': 'daemonium', 'pos': 'NOUN', 'sentence_id': 'cc_9714_78', 'token_id': 275510017, 'token_text': 'daemoniorum'}
 {'char_end': 177, 'char_start': 176, 'lemma': '.', 'pos': 'PUNCT', 'sentence_id': 'cc_9714_78', 'token_id': 275510018, 'token_text': '.'}]","[{'char_end': 19, 'char_start': 12, 'lemma': 'subeo', 'pos': 'VERB', 'sentence_id': 'cc_9714_78', 'token_id': 275509992, 'token_text': 'subiens'}
 {'char_end': 20, 'char_start': 19, 'lemma': ',', 'pos': 'PUNCT', 'sentence_id': 'cc_9714_78', 'token_id': 275509993, 'token_text': ','}
 {'char_end': 27, 'char_start': 21, 'lemma': 'diuinus', 'pos': 'ADJ', 'sentence_id': 'cc_9714_78', 'token_id': 275509994, 'token_text': 'diuina'}
 {'char_end': 30, 'char_start': 27, 'lemma': 'que', 'pos': 'CCONJ', 'sentence_id': 'cc_9714_78', 'token_id': 275509995, 'token_text': 'que'}
 {'char_end': 38, 'char_start': 31, 'lemma': 'spiculum', 'pos': 'NOUN', 'sentence_id': 'cc_9714_78', 'token_id': 275509996, 'token_text': 'spicula'}
 {'char_end': 45, 'char_start': 39, 'lemma': 'figo', 'pos': 'VERB', 'sentence_id': 'cc_9714_78', 'token_id': 275509997, 'token_text': 'figens'}
 {'char_end': 46, 'char_start': 45, 'lemma': ',', 'pos': 'PUNCT', 'sentence_id': 'cc_9714_78', 'token_id': 275509998, 'token_text': ','}
 {'char_end': 52, 'char_start': 47, 'lemma': 'fanum', 'pos': 'NOUN', 'sentence_id': 'cc_9714_78', 'token_id': 275509999, 'token_text': 'Fanum'}
 {'char_end': 62, 'char_start': 53, 'lemma': 'destruo', 'pos': 'VERB', 'sentence_id': 'cc_9714_78', 'token_id': 275510000, 'token_text': 'destruxit'}
 {'char_end': 63, 'char_start': 62, 'lemma': ',', 'pos': 'PUNCT', 'sentence_id': 'cc_9714_78', 'token_id': 275510001, 'token_text': ','}
 {'char_end': 74, 'char_start': 64, 'lemma': 'labyrinthus', 'pos': 'ADJ', 'sentence_id': 'cc_9714_78', 'token_id': 275510002, 'token_text': 'labyrinthi'}
 {'char_end': 83, 'char_start': 75, 'lemma': 'claustrum', 'pos': 'NOUN', 'sentence_id': 'cc_9714_78', 'token_id': 275510003, 'token_text': 'claustra'}
 {'char_end': 92, 'char_start': 84, 'lemma': 'reuulgeo', 'pos': 'VERB', 'sentence_id': 'cc_9714_78', 'token_id': 275510004, 'token_text': 'reuulsit'}
 {'char_end': 93, 'char_start': 92, 'lemma': ',', 'pos': 'PUNCT', 'sentence_id': 'cc_9714_78', 'token_id': 275510005, 'token_text': ','}
 {'char_end': 99, 'char_start': 94, 'lemma': 'idolum', 'pos': 'PROPN', 'sentence_id': 'cc_9714_78', 'token_id': 275510006, 'token_text': 'Idola'}
 {'char_end': 109, 'char_start': 100, 'lemma': 'contero', 'pos': 'VERB', 'sentence_id': 'cc_9714_78', 'token_id': 275510007, 'token_text': 'contriuit'}
 {'char_end': 110, 'char_start': 109, 'lemma': ',', 'pos': 'PUNCT', 'sentence_id': 'cc_9714_78', 'token_id': 275510008, 'token_text': ','}
 {'char_end': 118, 'char_start': 111, 'lemma': 'funestus', 'pos': 'ADJ', 'sentence_id': 'cc_9714_78', 'token_id': 275510009, 'token_text': 'funesta'}
 {'char_end': 126, 'char_start': 119, 'lemma': 'sacellum', 'pos': 'NOUN', 'sentence_id': 'cc_9714_78', 'token_id': 275510010, 'token_text': 'sacella'}
 {'char_end': 134, 'char_start': 127, 'lemma': 'remoueo', 'pos': 'VERB', 'sentence_id': 'cc_9714_78', 'token_id': 275510011, 'token_text': 'remouit'}
 {'char_end': 135, 'char_start': 134, 'lemma': ',', 'pos': 'PUNCT', 'sentence_id': 'cc_9714_78', 'token_id': 275510012, 'token_text': ','}]",,,,,,,,275510002,64,74
77,"Vesalius, Andreas","De humani corporis fabrica, liber primus",cc_12156,cc_12156_1754,"Hoc anfractuum et labyrinthorum occasione, et quia in internam caluariae sedem non pertinet, immissam non transmittit setam.","b 2 Foramen ex auditus organi amplitudinis medio exortum, ac illinc in posteriora porrectum. | Hoc anfractuum et labyrinthorum occasione, et quia in internam caluariae sedem non pertinet, immissam non transmittit setam. | Praeparatur autem ramulo nerui quinti paris, quem quum Natura indurescere uoluerit, admodum callide hunc per durissimi siccissimique ossis anfractuosum foramen deduxit.uocatur uero omnibus dissectionum professoribus tuphlon, caecum et monoculum, non quod uerus peruiusque meatus non sit, sed quod uix ad auditus organi amplitudinem usque setam aut plumbeum filum admittat.",medical_anatomical,"[{'char_end': 3, 'char_start': 0, 'lemma': 'hic', 'pos': 'DET', 'sentence_id': 'cc_12156_1754', 'token_id': 335745887, 'token_text': 'Hoc'}
 {'char_end': 14, 'char_start': 4, 'lemma': 'anfractus', 'pos': 'NOUN', 'sentence_id': 'cc_12156_1754', 'token_id': 335745888, 'token_text': 'anfractuum'}
 {'char_end': 17, 'char_start': 15, 'lemma': 'et', 'pos': 'CCONJ', 'sentence_id': 'cc_12156_1754', 'token_id': 335745889, 'token_text': 'et'}
 {'char_end': 31, 'char_start': 18, 'lemma': 'labyrinthus', 'pos': 'NOUN', 'sentence_id': 'cc_12156_1754', 'token_id': 335745890, 'token_text': 'labyrinthorum'}
 {'char_end': 41, 'char_start': 32, 'lemma': 'occasio', 'pos': 'NOUN', 'sentence_id': 'cc_12156_1754', 'token_id': 335745891, 'token_text': 'occasione'}
 {'char_end': 42, 'char_start': 41, 'lemma': ',', 'pos': 'PUNCT', 'sentence_id': 'cc_12156_1754', 'token_id': 335745892, 'token_text': ','}
 {'char_end': 45, 'char_start': 43, 'lemma': 'et', 'pos': 'CCONJ', 'sentence_id': 'cc_12156_1754', 'token_id': 335745893, 'token_text': 'et'}
 {'char_end': 50, 'char_start': 46, 'lemma': 'quia', 'pos': 'SCONJ', 'sentence_id': 'cc_12156_1754', 'token_id': 335745894, 'token_text': 'quia'}
 {'char_end': 53, 'char_start': 51, 'lemma': 'in', 'pos': 'ADP', 'sentence_id': 'cc_12156_1754', 'token_id': 335745895, 'token_text': 'in'}
 {'char_end': 62, 'char_start': 54, 'lemma': 'internus', 'pos': 'ADJ', 'sentence_id': 'cc_12156_1754', 'token_id': 335745896, 'token_text': 'internam'}
 {'char_end': 72, 'char_start': 63, 'lemma': 'caluarius', 'pos': 'ADJ', 'sentence_id': 'cc_12156_1754', 'token_id': 335745897, 'token_text': 'caluariae'}
 {'char_end': 78, 'char_start': 73, 'lemma': 'sedes', 'pos': 'NOUN', 'sentence_id': 'cc_12156_1754', 'token_id': 335745898, 'token_text': 'sedem'}
 {'char_end': 82, 'char_start': 79, 'lemma': 'non', 'pos': 'PART', 'sentence_id': 'cc_12156_1754', 'token_id': 335745899, 'token_text': 'non'}
 {'char_end': 91, 'char_start': 83, 'lemma': 'pertineo', 'pos': 'VERB', 'sentence_id': 'cc_12156_1754', 'token_id': 335745900, 'token_text': 'pertinet'}
 {'char_end': 92, 'char_start': 91, 'lemma': ',', 'pos': 'PUNCT', 'sentence_id': 'cc_12156_1754', 'token_id': 335745901, 'token_text': ','}
 {'char_end': 101, 'char_start': 93, 'lemma': 'immitto', 'pos': 'VERB', 'sentence_id': 'cc_12156_1754', 'token_id': 335745902, 'token_text': 'immissam'}
 {'char_end': 105, 'char_start': 102, 'lemma': 'non', 'pos': 'PART', 'sentence_id': 'cc_12156_1754', 'token_id': 335745903, 'token_text': 'non'}
 {'char_end': 117, 'char_start': 106, 'lemma': 'transmitto', 'pos': 'VERB', 'sentence_id': 'cc_12156_1754', 'token_id': 335745904, 'token_text': 'transmittit'}
 {'char_end': 123, 'char_start': 118, 'lemma': 'seta', 'pos': 'NOUN', 'sentence_id': 'cc_12156_1754', 'token_id': 335745905, 'token_text': 'setam'}
 {'char_end': 124, 'char_start': 123, 'lemma': '.', 'pos': 'PUNCT', 'sentence_id': 'cc_12156_1754', 'token_id': 335745906, 'token_text': '.'}]","[{'char_end': 57, 'char_start': 56, 'lemma': ',', 'pos': 'PUNCT', 'sentence_id': 'cc_12156_1753', 'token_id': 335745880, 'token_text': ','}
 {'char_end': 60, 'char_start': 58, 'lemma': 'atque', 'pos': 'CCONJ', 'sentence_id': 'cc_12156_1753', 'token_id': 335745881, 'token_text': 'ac'}
 {'char_end': 67, 'char_start': 61, 'lemma': 'illinc', 'pos': 'ADV', 'sentence_id': 'cc_12156_1753', 'token_id': 335745882, 'token_text': 'illinc'}
 {'char_end': 70, 'char_start': 68, 'lemma': 'in', 'pos': 'ADP', 'sentence_id': 'cc_12156_1753', 'token_id': 335745883, 'token_text': 'in'}
 {'char_end': 81, 'char_start': 71, 'lemma': 'posterior', 'pos': 'ADJ', 'sentence_id': 'cc_12156_1753', 'token_id': 335745884, 'token_text': 'posteriora'}
 {'char_end': 91, 'char_start': 82, 'lemma': 'porrectus', 'pos': 'VERB', 'sentence_id': 'cc_12156_1753', 'token_id': 335745885, 'token_text': 'porrectum'}
 {'char_end': 92, 'char_start': 91, 'lemma': '.', 'pos': 'PUNCT', 'sentence_id': 'cc_12156_1753', 'token_id': 335745886, 'token_text': '.'}
 {'char_end': 3, 'char_start': 0, 'lemma': 'hic', 'pos': 'DET', 'sentence_id': 'cc_12156_1754', 'token_id': 335745887, 'token_text': 'Hoc'}
 {'char_end': 14, 'char_start': 4, 'lemma': 'anfractus', 'pos': 'NOUN', 'sentence_id': 'cc_12156_1754', 'token_id': 335745888, 'token_text': 'anfractuum'}
 {'char_end': 17, 'char_start': 15, 'lemma': 'et', 'pos': 'CCONJ', 'sentence_id': 'cc_12156_1754', 'token_id': 335745889, 'token_text': 'et'}
 {'char_end': 31, 'char_start': 18, 'lemma': 'labyrinthus', 'pos': 'NOUN', 'sentence_id': 'cc_12156_1754', 'token_id': 335745890, 'token_text': 'labyrinthorum'}
 {'char_end': 41, 'char_start': 32, 'lemma': 'occasio', 'pos': 'NOUN', 'sentence_id': 'cc_12156_1754', 'token_id': 335745891, 'token_text': 'occasione'}
 {'char_end': 42, 'char_start': 41, 'lemma': ',', 'pos': 'PUNCT', 'sentence_id': 'cc_12156_1754', 'token_id': 335745892, 'token_text': ','}
 {'char_end': 45, 'char_start': 43, 'lemma': 'et', 'pos': 'CCONJ', 'sentence_id': 'cc_12156_1754', 'token_id': 335745893, 'token_text': 'et'}
 {'char_end': 50, 'char_start': 46, 'lemma': 'quia', 'pos': 'SCONJ', 'sentence_id': 'cc_12156_1754', 'token_id': 335745894, 'token_text': 'quia'}
 {'char_end': 53, 'char_start': 51, 'lemma': 'in', 'pos': 'ADP', 'sentence_id': 'cc_12156_1754', 'token_id': 335745895, 'token_text': 'in'}
 {'char_end': 62, 'char_start': 54, 'lemma': 'internus', 'pos': 'ADJ', 'sentence_id': 'cc_12156_1754', 'token_id': 335745896, 'token_text': 'internam'}
 {'char_end': 72, 'char_start': 63, 'lemma': 'caluarius', 'pos': 'ADJ', 'sentence_id': 'cc_12156_1754', 'token_id': 335745897, 'token_text': 'caluariae'}
 {'char_end': 78, 'char_start': 73, 'lemma': 'sedes', 'pos': 'NOUN', 'sentence_id': 'cc_12156_1754', 'token_id': 335745898, 'token_text': 'sedem'}
 {'char_end': 82, 'char_start': 79, 'lemma': 'non', 'pos': 'PART', 'sentence_id': 'cc_12156_1754', 'token_id': 335745899, 'token_text': 'non'}
 {'char_end': 91, 'char_start': 83, 'lemma': 'pertineo', 'pos': 'VERB', 'sentence_id': 'cc_12156_1754', 'token_id': 335745900, 'token_text': 'pertinet'}]",1514.0,1564.0,1528.0,,,,,335745890,18,31
487,"Dorn, Gerhard","Dictionarium Theophrasti Paracelsi continens obscuriorum vocabulorum, quibus in suis scriptis passim utitur, definitiones. A Gerardo Dorneo collectum et plus dimidio auctum.",noscemus_702833,noscemus_702833_48,"Ne forte haesitans in istis, ad labyrinthum, ex quo te facile non explicueris semel implicatum, prolabaris.","D Paracelsi quoscunque libros intelligenadum, ex eius mente genuina in primis ac prae caeteris maxime tibi necessarium erit, singula, quibus ludere, suo more, delectatur suis cum discipulis interdum, uocabula peregrina probe, & ad unguem cognita habeas. | Ne forte haesitans in istis, ad labyrinthum, ex quo te facile non explicueris semel implicatum, prolabaris. | Sunt enim plurimi, qui professionem artis Paracelsicae facientes, illa difficiliora suis interpretationibus reddunt, quam sint per seipsa:",confusion_metaphorics,"[{'char_end': 2, 'char_start': 0, 'lemma': 'ne', 'pos': 'SCONJ', 'sentence_id': 'noscemus_702833_48', 'token_id': 39831296, 'token_text': 'Ne'}
 {'char_end': 8, 'char_start': 3, 'lemma': 'forte', 'pos': 'ADV', 'sentence_id': 'noscemus_702833_48', 'token_id': 39831297, 'token_text': 'forte'}
 {'char_end': 18, 'char_start': 9, 'lemma': 'haesito', 'pos': 'VERB', 'sentence_id': 'noscemus_702833_48', 'token_id': 39831298, 'token_text': 'haesitans'}
 {'char_end': 21, 'char_start': 19, 'lemma': 'in', 'pos': 'ADP', 'sentence_id': 'noscemus_702833_48', 'token_id': 39831299, 'token_text': 'in'}
 {'char_end': 27, 'char_start': 22, 'lemma': 'iste', 'pos': 'DET', 'sentence_id': 'noscemus_702833_48', 'token_id': 39831300, 'token_text': 'istis'}
 {'char_end': 28, 'char_start': 27, 'lemma': ',', 'pos': 'PUNCT', 'sentence_id': 'noscemus_702833_48', 'token_id': 39831301, 'token_text': ','}
 {'char_end': 31, 'char_start': 29, 'lemma': 'ad', 'pos': 'ADP', 'sentence_id': 'noscemus_702833_48', 'token_id': 39831302, 'token_text': 'ad'}
 {'char_end': 43, 'char_start': 32, 'lemma': 'labyrinthus', 'pos': 'NOUN', 'sentence_id': 'noscemus_702833_48', 'token_id': 39831303, 'token_text': 'labyrinthum'}
 {'char_end': 44, 'char_start': 43, 'lemma': ',', 'pos': 'PUNCT', 'sentence_id': 'noscemus_702833_48', 'token_id': 39831304, 'token_text': ','}
 {'char_end': 47, 'char_start': 45, 'lemma': 'ex', 'pos': 'ADP', 'sentence_id': 'noscemus_702833_48', 'token_id': 39831305, 'token_text': 'ex'}
 {'char_end': 51, 'char_start': 48, 'lemma': 'qui', 'pos': 'PRON', 'sentence_id': 'noscemus_702833_48', 'token_id': 39831306, 'token_text': 'quo'}
 {'char_end': 54, 'char_start': 52, 'lemma': 'tu', 'pos': 'PRON', 'sentence_id': 'noscemus_702833_48', 'token_id': 39831307, 'token_text': 'te'}
 {'char_end': 61, 'char_start': 55, 'lemma': 'facile', 'pos': 'ADV', 'sentence_id': 'noscemus_702833_48', 'token_id': 39831308, 'token_text': 'facile'}
 {'char_end': 65, 'char_start': 62, 'lemma': 'non', 'pos': 'PART', 'sentence_id': 'noscemus_702833_48', 'token_id': 39831309, 'token_text': 'non'}
 {'char_end': 77, 'char_start': 66, 'lemma': 'explico', 'pos': 'VERB', 'sentence_id': 'noscemus_702833_48', 'token_id': 39831310, 'token_text': 'explicueris'}
 {'char_end': 83, 'char_start': 78, 'lemma': 'semel', 'pos': 'ADV', 'sentence_id': 'noscemus_702833_48', 'token_id': 39831311, 'token_text': 'semel'}
 {'char_end': 94, 'char_start': 84, 'lemma': 'implico', 'pos': 'VERB', 'sentence_id': 'noscemus_702833_48', 'token_id': 39831312, 'token_text': 'implicatum'}
 {'char_end': 95, 'char_start': 94, 'lemma': ',', 'pos': 'PUNCT', 'sentence_id': 'noscemus_702833_48', 'token_id': 39831313, 'token_text': ','}
 {'char_end': 106, 'char_start': 96, 'lemma': 'prolabor', 'pos': 'VERB', 'sentence_id': 'noscemus_702833_48', 'token_id': 39831314, 'token_text': 'prolabaris'}
 {'char_end': 107, 'char_start': 106, 'lemma': '.', 'pos': 'PUNCT', 'sentence_id': 'noscemus_702833_48', 'token_id': 39831315, 'token_text': '.'}]","[{'char_end': 245, 'char_start': 238, 'lemma': 'cognosco', 'pos': 'VERB', 'sentence_id': 'noscemus_702833_47', 'token_id': 39831293, 'token_text': 'cognita'}
 {'char_end': 252, 'char_start': 246, 'lemma': 'habeo', 'pos': 'VERB', 'sentence_id': 'noscemus_702833_47', 'token_id': 39831294, 'token_text': 'habeas'}
 {'char_end': 253, 'char_start': 252, 'lemma': '.', 'pos': 'PUNCT', 'sentence_id': 'noscemus_702833_47', 'token_id': 39831295, 'token_text': '.'}
 {'char_end': 2, 'char_start': 0, 'lemma': 'ne', 'pos': 'SCONJ', 'sentence_id': 'noscemus_702833_48', 'token_id': 39831296, 'token_text': 'Ne'}
 {'char_end': 8, 'char_start': 3, 'lemma': 'forte', 'pos': 'ADV', 'sentence_id': 'noscemus_702833_48', 'token_id': 39831297, 'token_text': 'forte'}
 {'char_end': 18, 'char_start': 9, 'lemma': 'haesito', 'pos': 'VERB', 'sentence_id': 'noscemus_702833_48', 'token_id': 39831298, 'token_text': 'haesitans'}
 {'char_end': 21, 'char_start': 19, 'lemma': 'in', 'pos': 'ADP', 'sentence_id': 'noscemus_702833_48', 'token_id': 39831299, 'token_text': 'in'}
 {'char_end': 27, 'char_start': 22, 'lemma': 'iste', 'pos': 'DET', 'sentence_id': 'noscemus_702833_48', 'token_id': 39831300, 'token_text': 'istis'}
 {'char_end': 28, 'char_start': 27, 'lemma': ',', 'pos': 'PUNCT', 'sentence_id': 'noscemus_702833_48', 'token_id': 39831301, 'token_text': ','}
 {'char_end': 31, 'char_start': 29, 'lemma': 'ad', 'pos': 'ADP', 'sentence_id': 'noscemus_702833_48', 'token_id': 39831302, 'token_text': 'ad'}
 {'char_end': 43, 'char_start': 32, 'lemma': 'labyrinthus', 'pos': 'NOUN', 'sentence_id': 'noscemus_702833_48', 'token_id': 39831303, 'token_text': 'labyrinthum'}
 {'char_end': 44, 'char_start': 43, 'lemma': ',', 'pos': 'PUNCT', 'sentence_id': 'noscemus_702833_48', 'token_id': 39831304, 'token_text': ','}
 {'char_end': 47, 'char_start': 45, 'lemma': 'ex', 'pos': 'ADP', 'sentence_id': 'noscemus_702833_48', 'token_id': 39831305, 'token_text': 'ex'}
 {'char_end': 51, 'char_start': 48, 'lemma': 'qui', 'pos': 'PRON', 'sentence_id': 'noscemus_702833_48', 'token_id': 39831306, 'token_text': 'quo'}
 {'char_end': 54, 'char_start': 52, 'lemma': 'tu', 'pos': 'PRON', 'sentence_id': 'noscemus_702833_48', 'token_id': 39831307, 'token_text': 'te'}
 {'char_end': 61, 'char_start': 55, 'lemma': 'facile', 'pos': 'ADV', 'sentence_id': 'noscemus_702833_48', 'token_id': 39831308, 'token_text': 'facile'}
 {'char_end': 65, 'char_start': 62, 'lemma': 'non', 'pos': 'PART', 'sentence_id': 'noscemus_702833_48', 'token_id': 39831309, 'token_text': 'non'}
 {'char_end': 77, 'char_start': 66, 'lemma': 'explico', 'pos': 'VERB', 'sentence_id': 'noscemus_702833_48', 'token_id': 39831310, 'token_text': 'explicueris'}
 {'char_end': 83, 'char_start': 78, 'lemma': 'semel', 'pos': 'ADV', 'sentence_id': 'noscemus_702833_48', 'token_id': 39831311, 'token_text': 'semel'}
 {'char_end': 94, 'char_start': 84, 'lemma': 'implico', 'pos': 'VERB', 'sentence_id': 'noscemus_702833_48', 'token_id': 39831312, 'token_text': 'implicatum'}
 {'char_end': 95, 'char_start': 94, 'lemma': ',', 'pos': 'PUNCT', 'sentence_id': 'noscemus_702833_48', 'token_id': 39831313, 'token_text': ','}]",1583.0,1583.0,1583.0,,,Dictionary/Lexicon,"Alchemy/Chemistry, Medicine",39831303,32,43
231,Auctor incertus (Beda?) ,Proverbia,cc_8434,cc_8434_820,"Quam prope sit littus, in corde maris labyrinthus!","Cum possit, nolle nocere. | Quam prope sit littus, in corde maris labyrinthus! | Quantum plus ualeas, tantum summitte te Christo.",confusion_metaphorics,"[{'char_end': 4, 'char_start': 0, 'lemma': 'quam', 'pos': 'ADV', 'sentence_id': 'cc_8434_820', 'token_id': 198098904, 'token_text': 'Quam'}
 {'char_end': 10, 'char_start': 5, 'lemma': 'prope', 'pos': 'ADV', 'sentence_id': 'cc_8434_820', 'token_id': 198098905, 'token_text': 'prope'}
 {'char_end': 14, 'char_start': 11, 'lemma': 'sum', 'pos': 'AUX', 'sentence_id': 'cc_8434_820', 'token_id': 198098906, 'token_text': 'sit'}
 {'char_end': 21, 'char_start': 15, 'lemma': 'littus', 'pos': 'NOUN', 'sentence_id': 'cc_8434_820', 'token_id': 198098907, 'token_text': 'littus'}
 {'char_end': 22, 'char_start': 21, 'lemma': ',', 'pos': 'PUNCT', 'sentence_id': 'cc_8434_820', 'token_id': 198098908, 'token_text': ','}
 {'char_end': 25, 'char_start': 23, 'lemma': 'in', 'pos': 'ADP', 'sentence_id': 'cc_8434_820', 'token_id': 198098909, 'token_text': 'in'}
 {'char_end': 31, 'char_start': 26, 'lemma': 'cor', 'pos': 'NOUN', 'sentence_id': 'cc_8434_820', 'token_id': 198098910, 'token_text': 'corde'}
 {'char_end': 37, 'char_start': 32, 'lemma': 'mas', 'pos': 'NOUN', 'sentence_id': 'cc_8434_820', 'token_id': 198098911, 'token_text': 'maris'}
 {'char_end': 49, 'char_start': 38, 'lemma': 'labyrinthus', 'pos': 'NOUN', 'sentence_id': 'cc_8434_820', 'token_id': 198098912, 'token_text': 'labyrinthus'}
 {'char_end': 50, 'char_start': 49, 'lemma': '!', 'pos': 'PUNCT', 'sentence_id': 'cc_8434_820', 'token_id': 198098913, 'token_text': '!'}]","[{'char_end': 24, 'char_start': 18, 'lemma': 'noceo', 'pos': 'VERB', 'sentence_id': 'cc_8434_819', 'token_id': 198098902, 'token_text': 'nocere'}
 {'char_end': 25, 'char_start': 24, 'lemma': '.', 'pos': 'PUNCT', 'sentence_id': 'cc_8434_819', 'token_id': 198098903, 'token_text': '.'}
 {'char_end': 4, 'char_start': 0, 'lemma': 'quam', 'pos': 'ADV', 'sentence_id': 'cc_8434_820', 'token_id': 198098904, 'token_text': 'Quam'}
 {'char_end': 10, 'char_start': 5, 'lemma': 'prope', 'pos': 'ADV', 'sentence_id': 'cc_8434_820', 'token_id': 198098905, 'token_text': 'prope'}
 {'char_end': 14, 'char_start': 11, 'lemma': 'sum', 'pos': 'AUX', 'sentence_id': 'cc_8434_820', 'token_id': 198098906, 'token_text': 'sit'}
 {'char_end': 21, 'char_start': 15, 'lemma': 'littus', 'pos': 'NOUN', 'sentence_id': 'cc_8434_820', 'token_id': 198098907, 'token_text': 'littus'}
 {'char_end': 22, 'char_start': 21, 'lemma': ',', 'pos': 'PUNCT', 'sentence_id': 'cc_8434_820', 'token_id': 198098908, 'token_text': ','}
 {'char_end': 25, 'char_start': 23, 'lemma': 'in', 'pos': 'ADP', 'sentence_id': 'cc_8434_820', 'token_id': 198098909, 'token_text': 'in'}
 {'char_end': 31, 'char_start': 26, 'lemma': 'cor', 'pos': 'NOUN', 'sentence_id': 'cc_8434_820', 'token_id': 198098910, 'token_text': 'corde'}
 {'char_end': 37, 'char_start': 32, 'lemma': 'mas', 'pos': 'NOUN', 'sentence_id': 'cc_8434_820', 'token_id': 198098911, 'token_text': 'maris'}
 {'char_end': 49, 'char_start': 38, 'lemma': 'labyrinthus', 'pos': 'NOUN', 'sentence_id': 'cc_8434_820', 'token_id': 198098912, 'token_text': 'labyrinthus'}
 {'char_end': 50, 'char_start': 49, 'lemma': '!', 'pos': 'PUNCT', 'sentence_id': 'cc_8434_820', 'token_id': 198098913, 'token_text': '!'}
 {'char_end': 7, 'char_start': 0, 'lemma': 'quantum', 'pos': 'ADV', 'sentence_id': 'cc_8434_821', 'token_id': 198098914, 'token_text': 'Quantum'}
 {'char_end': 12, 'char_start': 8, 'lemma': 'plus', 'pos': 'ADV', 'sentence_id': 'cc_8434_821', 'token_id': 198098915, 'token_text': 'plus'}
 {'char_end': 19, 'char_start': 13, 'lemma': 'ualeo', 'pos': 'VERB', 'sentence_id': 'cc_8434_821', 'token_id': 198098916, 'token_text': 'ualeas'}
 {'char_end': 20, 'char_start': 19, 'lemma': ',', 'pos': 'PUNCT', 'sentence_id': 'cc_8434_821', 'token_id': 198098917, 'token_text': ','}
 {'char_end': 27, 'char_start': 21, 'lemma': 'tantum', 'pos': 'ADV', 'sentence_id': 'cc_8434_821', 'token_id': 198098918, 'token_text': 'tantum'}
 {'char_end': 36, 'char_start': 28, 'lemma': 'summitto', 'pos': 'VERB', 'sentence_id': 'cc_8434_821', 'token_id': 198098919, 'token_text': 'summitte'}
 {'char_end': 39, 'char_start': 37, 'lemma': 'tu', 'pos': 'PRON', 'sentence_id': 'cc_8434_821', 'token_id': 198098920, 'token_text': 'te'}
 {'char_end': 47, 'char_start': 40, 'lemma': 'Christus', 'pos': 'PROPN', 'sentence_id': 'cc_8434_821', 'token_id': 198098921, 'token_text': 'Christo'}
 {'char_end': 48, 'char_start': 47, 'lemma': '.', 'pos': 'PUNCT', 'sentence_id': 'cc_8434_821', 'token_id': 198098922, 'token_text': '.'}]",,,,,,,,198098912,38,49
833,"Junius, Hadrianus",Nomenclator omnium rerum propria nomina variis linguis explicata indicans. Hadriano Iunio medico auctore,noscemus_888139,noscemus_888139_56027,"Labyrintho, aliis Sethis Gradacchio.","Monte Dicta, Mons Cret. | Labyrintho, aliis Sethis Gradacchio. | & Lasthi.",ambiguous_indeterminate,"[{'char_end': 10, 'char_start': 0, 'lemma': 'labyrinthus', 'pos': 'PROPN', 'sentence_id': 'noscemus_888139_56027', 'token_id': 95544038, 'token_text': 'Labyrintho'}
 {'char_end': 11, 'char_start': 10, 'lemma': ',', 'pos': 'PUNCT', 'sentence_id': 'noscemus_888139_56027', 'token_id': 95544039, 'token_text': ','}
 {'char_end': 17, 'char_start': 12, 'lemma': 'alius', 'pos': 'DET', 'sentence_id': 'noscemus_888139_56027', 'token_id': 95544040, 'token_text': 'aliis'}
 {'char_end': 24, 'char_start': 18, 'lemma': 'Sethus', 'pos': 'NOUN', 'sentence_id': 'noscemus_888139_56027', 'token_id': 95544041, 'token_text': 'Sethis'}
 {'char_end': 35, 'char_start': 25, 'lemma': 'Gradacchium', 'pos': 'ADJ', 'sentence_id': 'noscemus_888139_56027', 'token_id': 95544042, 'token_text': 'Gradacchio'}
 {'char_end': 36, 'char_start': 35, 'lemma': '.', 'pos': 'PUNCT', 'sentence_id': 'noscemus_888139_56027', 'token_id': 95544043, 'token_text': '.'}]","[{'char_end': 2, 'char_start': 0, 'lemma': 'in', 'pos': 'ADP', 'sentence_id': 'noscemus_888139_56025', 'token_id': 95544028, 'token_text': 'in'}
 {'char_end': 10, 'char_start': 3, 'lemma': 'Corsica', 'pos': 'PROPN', 'sentence_id': 'noscemus_888139_56025', 'token_id': 95544029, 'token_text': 'Corsica'}
 {'char_end': 14, 'char_start': 11, 'lemma': 'inso', 'pos': 'ADP', 'sentence_id': 'noscemus_888139_56025', 'token_id': 95544030, 'token_text': 'ins'}
 {'char_end': 15, 'char_start': 14, 'lemma': '.', 'pos': 'PUNCT', 'sentence_id': 'noscemus_888139_56025', 'token_id': 95544031, 'token_text': '.'}
 {'char_end': 5, 'char_start': 0, 'lemma': 'Mons', 'pos': 'PROPN', 'sentence_id': 'noscemus_888139_56026', 'token_id': 95544032, 'token_text': 'Monte'}
 {'char_end': 11, 'char_start': 6, 'lemma': 'dico', 'pos': 'VERB', 'sentence_id': 'noscemus_888139_56026', 'token_id': 95544033, 'token_text': 'Dicta'}
 {'char_end': 12, 'char_start': 11, 'lemma': ',', 'pos': 'PUNCT', 'sentence_id': 'noscemus_888139_56026', 'token_id': 95544034, 'token_text': ','}
 {'char_end': 17, 'char_start': 13, 'lemma': 'mons', 'pos': 'NOUN', 'sentence_id': 'noscemus_888139_56026', 'token_id': 95544035, 'token_text': 'Mons'}
 {'char_end': 22, 'char_start': 18, 'lemma': 'Cro', 'pos': 'VERB', 'sentence_id': 'noscemus_888139_56026', 'token_id': 95544036, 'token_text': 'Cret'}
 {'char_end': 23, 'char_start': 22, 'lemma': '.', 'pos': 'PUNCT', 'sentence_id': 'noscemus_888139_56026', 'token_id': 95544037, 'token_text': '.'}
 {'char_end': 10, 'char_start': 0, 'lemma': 'labyrinthus', 'pos': 'PROPN', 'sentence_id': 'noscemus_888139_56027', 'token_id': 95544038, 'token_text': 'Labyrintho'}
 {'char_end': 11, 'char_start': 10, 'lemma': ',', 'pos': 'PUNCT', 'sentence_id': 'noscemus_888139_56027', 'token_id': 95544039, 'token_text': ','}
 {'char_end': 17, 'char_start': 12, 'lemma': 'alius', 'pos': 'DET', 'sentence_id': 'noscemus_888139_56027', 'token_id': 95544040, 'token_text': 'aliis'}
 {'char_end': 24, 'char_start': 18, 'lemma': 'Sethus', 'pos': 'NOUN', 'sentence_id': 'noscemus_888139_56027', 'token_id': 95544041, 'token_text': 'Sethis'}
 {'char_end': 35, 'char_start': 25, 'lemma': 'Gradacchium', 'pos': 'ADJ', 'sentence_id': 'noscemus_888139_56027', 'token_id': 95544042, 'token_text': 'Gradacchio'}
 {'char_end': 36, 'char_start': 35, 'lemma': '.', 'pos': 'PUNCT', 'sentence_id': 'noscemus_888139_56027', 'token_id': 95544043, 'token_text': '.'}
 {'char_end': 1, 'char_start': 0, 'lemma': '&', 'pos': 'PUNCT', 'sentence_id': 'noscemus_888139_56028', 'token_id': 95544044, 'token_text': '&'}
 {'char_end': 8, 'char_start': 2, 'lemma': 'Lasthus', 'pos': 'PROPN', 'sentence_id': 'noscemus_888139_56028', 'token_id': 95544045, 'token_text': 'Lasthi'}
 {'char_end': 9, 'char_start': 8, 'lemma': '.', 'pos': 'PUNCT', 'sentence_id': 'noscemus_888139_56028', 'token_id': 95544046, 'token_text': '.'}
 {'char_end': 6, 'char_start': 0, 'lemma': 'aureus', 'pos': 'ADJ', 'sentence_id': 'noscemus_888139_56029', 'token_id': 95544047, 'token_text': 'Aureus'}
 {'char_end': 11, 'char_start': 7, 'lemma': 'mous', 'pos': 'VERB', 'sentence_id': 'noscemus_888139_56029', 'token_id': 95544048, 'token_text': 'mous'}]",1567.0,1567.0,1567.0,,,Dictionary/Lexicon,"Meteorology/Earth sciences, Biology, Medicine, Other (see description)",95544038,0,10
700,"Ferrari, Giovanni Battista",Flora seu de florum cultura libri IV,noscemus_767768,noscemus_767768_437,"Quot in pauimentis atque in lacunaribus, totidem in hortis maeandros ludimus & labyrinthos.","Paucis rem expediam infinita uarietate impeditam. | Quot in pauimentis atque in lacunaribus, totidem in hortis maeandros ludimus & labyrinthos. | Ut daedaleam antiquitatem aetas nostra longe superet qua ingenio, qua numero daedalorum.",technical_literal,"[{'char_end': 4, 'char_start': 0, 'lemma': 'quot', 'pos': 'DET', 'sentence_id': 'noscemus_767768_437', 'token_id': 27820114, 'token_text': 'Quot'}
 {'char_end': 7, 'char_start': 5, 'lemma': 'in', 'pos': 'ADP', 'sentence_id': 'noscemus_767768_437', 'token_id': 27820115, 'token_text': 'in'}
 {'char_end': 18, 'char_start': 8, 'lemma': 'pauimentum', 'pos': 'NOUN', 'sentence_id': 'noscemus_767768_437', 'token_id': 27820116, 'token_text': 'pauimentis'}
 {'char_end': 24, 'char_start': 19, 'lemma': 'atque', 'pos': 'CCONJ', 'sentence_id': 'noscemus_767768_437', 'token_id': 27820117, 'token_text': 'atque'}
 {'char_end': 27, 'char_start': 25, 'lemma': 'in', 'pos': 'ADP', 'sentence_id': 'noscemus_767768_437', 'token_id': 27820118, 'token_text': 'in'}
 {'char_end': 39, 'char_start': 28, 'lemma': 'lacunaris', 'pos': 'NOUN', 'sentence_id': 'noscemus_767768_437', 'token_id': 27820119, 'token_text': 'lacunaribus'}
 {'char_end': 40, 'char_start': 39, 'lemma': ',', 'pos': 'PUNCT', 'sentence_id': 'noscemus_767768_437', 'token_id': 27820120, 'token_text': ','}
 {'char_end': 48, 'char_start': 41, 'lemma': 'totidem', 'pos': 'DET', 'sentence_id': 'noscemus_767768_437', 'token_id': 27820121, 'token_text': 'totidem'}
 {'char_end': 51, 'char_start': 49, 'lemma': 'in', 'pos': 'ADP', 'sentence_id': 'noscemus_767768_437', 'token_id': 27820122, 'token_text': 'in'}
 {'char_end': 58, 'char_start': 52, 'lemma': 'hortus', 'pos': 'NOUN', 'sentence_id': 'noscemus_767768_437', 'token_id': 27820123, 'token_text': 'hortis'}
 {'char_end': 68, 'char_start': 59, 'lemma': 'maeander', 'pos': 'NOUN', 'sentence_id': 'noscemus_767768_437', 'token_id': 27820124, 'token_text': 'maeandros'}
 {'char_end': 76, 'char_start': 69, 'lemma': 'ludo', 'pos': 'VERB', 'sentence_id': 'noscemus_767768_437', 'token_id': 27820125, 'token_text': 'ludimus'}
 {'char_end': 78, 'char_start': 77, 'lemma': '&', 'pos': 'PUNCT', 'sentence_id': 'noscemus_767768_437', 'token_id': 27820126, 'token_text': '&'}
 {'char_end': 90, 'char_start': 79, 'lemma': 'labyrinthus', 'pos': 'NOUN', 'sentence_id': 'noscemus_767768_437', 'token_id': 27820127, 'token_text': 'labyrinthos'}
 {'char_end': 91, 'char_start': 90, 'lemma': '.', 'pos': 'PUNCT', 'sentence_id': 'noscemus_767768_437', 'token_id': 27820128, 'token_text': '.'}]","[{'char_end': 24, 'char_start': 19, 'lemma': 'atque', 'pos': 'CCONJ', 'sentence_id': 'noscemus_767768_437', 'token_id': 27820117, 'token_text': 'atque'}
 {'char_end': 27, 'char_start': 25, 'lemma': 'in', 'pos': 'ADP', 'sentence_id': 'noscemus_767768_437', 'token_id': 27820118, 'token_text': 'in'}
 {'char_end': 39, 'char_start': 28, 'lemma': 'lacunaris', 'pos': 'NOUN', 'sentence_id': 'noscemus_767768_437', 'token_id': 27820119, 'token_text': 'lacunaribus'}
 {'char_end': 40, 'char_start': 39, 'lemma': ',', 'pos': 'PUNCT', 'sentence_id': 'noscemus_767768_437', 'token_id': 27820120, 'token_text': ','}
 {'char_end': 48, 'char_start': 41, 'lemma': 'totidem', 'pos': 'DET', 'sentence_id': 'noscemus_767768_437', 'token_id': 27820121, 'token_text': 'totidem'}
 {'char_end': 51, 'char_start': 49, 'lemma': 'in', 'pos': 'ADP', 'sentence_id': 'noscemus_767768_437', 'token_id': 27820122, 'token_text': 'in'}
 {'char_end': 58, 'char_start': 52, 'lemma': 'hortus', 'pos': 'NOUN', 'sentence_id': 'noscemus_767768_437', 'token_id': 27820123, 'token_text': 'hortis'}
 {'char_end': 68, 'char_start': 59, 'lemma': 'maeander', 'pos': 'NOUN', 'sentence_id': 'noscemus_767768_437', 'token_id': 27820124, 'token_text': 'maeandros'}
 {'char_end': 76, 'char_start': 69, 'lemma': 'ludo', 'pos': 'VERB', 'sentence_id': 'noscemus_767768_437', 'token_id': 27820125, 'token_text': 'ludimus'}
 {'char_end': 78, 'char_start': 77, 'lemma': '&', 'pos': 'PUNCT', 'sentence_id': 'noscemus_767768_437', 'token_id': 27820126, 'token_text': '&'}
 {'char_end': 90, 'char_start': 79, 'lemma': 'labyrinthus', 'pos': 'NOUN', 'sentence_id': 'noscemus_767768_437', 'token_id': 27820127, 'token_text': 'labyrinthos'}
 {'char_end': 91, 'char_start': 90, 'lemma': '.', 'pos': 'PUNCT', 'sentence_id': 'noscemus_767768_437', 'token_id': 27820128, 'token_text': '.'}
 {'char_end': 2, 'char_start': 0, 'lemma': 'ut', 'pos': 'SCONJ', 'sentence_id': 'noscemus_767768_438', 'token_id': 27820129, 'token_text': 'Ut'}
 {'char_end': 12, 'char_start': 3, 'lemma': 'daedaleo', 'pos': 'ADJ', 'sentence_id': 'noscemus_767768_438', 'token_id': 27820130, 'token_text': 'daedaleam'}
 {'char_end': 25, 'char_start': 13, 'lemma': 'antiquitas', 'pos': 'NOUN', 'sentence_id': 'noscemus_767768_438', 'token_id': 27820131, 'token_text': 'antiquitatem'}
 {'char_end': 31, 'char_start': 26, 'lemma': 'aetas', 'pos': 'NOUN', 'sentence_id': 'noscemus_767768_438', 'token_id': 27820132, 'token_text': 'aetas'}
 {'char_end': 38, 'char_start': 32, 'lemma': 'noster', 'pos': 'DET', 'sentence_id': 'noscemus_767768_438', 'token_id': 27820133, 'token_text': 'nostra'}
 {'char_end': 44, 'char_start': 39, 'lemma': 'longe', 'pos': 'ADV', 'sentence_id': 'noscemus_767768_438', 'token_id': 27820134, 'token_text': 'longe'}
 {'char_end': 52, 'char_start': 45, 'lemma': 'supero', 'pos': 'VERB', 'sentence_id': 'noscemus_767768_438', 'token_id': 27820135, 'token_text': 'superet'}
 {'char_end': 56, 'char_start': 53, 'lemma': 'qui', 'pos': 'PRON', 'sentence_id': 'noscemus_767768_438', 'token_id': 27820136, 'token_text': 'qua'}
 {'char_end': 64, 'char_start': 57, 'lemma': 'ingenium', 'pos': 'NOUN', 'sentence_id': 'noscemus_767768_438', 'token_id': 27820137, 'token_text': 'ingenio'}]",1633.0,1633.0,1633.0,,,"Historia, Encyclopedic work",Biology,27820127,79,90
506,"Willughby, Francis,Ray, John","Francisci Willughbei de Middelton in agri Warwickensi, armigeri, e Regia Societate, Ornithologiae libri tres, in quibus aves omnes hactenus cognitae in methodum naturis suis convenientem redactae acurate describuntur, descriptiones iconibus elegantissimis et vivarum avium simillimis aeri incisis illustrantur. Totum opus recognovit, digessit, supplevit Ioannes Raius. Sumptus in chalcographos fecit illustrissima domina Emma Willughby, vidua",noscemus_705023,noscemus_705023_16299,"Larynx supremo furculae angulo transuerso ligamento adnectitur, & deinde sursum ad Labyrinthum ascendit.","Appendices duas ad intestina aliarum auium more non habet, sed unam duntaxat breuem & obtusam [ in una tamen hujus generis aue duas appendices obseruauimus. | Larynx supremo furculae angulo transuerso ligamento adnectitur, & deinde sursum ad Labyrinthum ascendit. | Pisces praedatur.",medical_anatomical,"[{'char_end': 6, 'char_start': 0, 'lemma': 'larynx', 'pos': 'NOUN', 'sentence_id': 'noscemus_705023_16299', 'token_id': 110817716, 'token_text': 'Larynx'}
 {'char_end': 14, 'char_start': 7, 'lemma': 'supremus', 'pos': 'ADJ', 'sentence_id': 'noscemus_705023_16299', 'token_id': 110817717, 'token_text': 'supremo'}
 {'char_end': 23, 'char_start': 15, 'lemma': 'furcula', 'pos': 'NOUN', 'sentence_id': 'noscemus_705023_16299', 'token_id': 110817718, 'token_text': 'furculae'}
 {'char_end': 30, 'char_start': 24, 'lemma': 'angulo', 'pos': 'NOUN', 'sentence_id': 'noscemus_705023_16299', 'token_id': 110817719, 'token_text': 'angulo'}
 {'char_end': 41, 'char_start': 31, 'lemma': 'transuerto', 'pos': 'ADJ', 'sentence_id': 'noscemus_705023_16299', 'token_id': 110817720, 'token_text': 'transuerso'}
 {'char_end': 51, 'char_start': 42, 'lemma': 'ligamentum', 'pos': 'NOUN', 'sentence_id': 'noscemus_705023_16299', 'token_id': 110817721, 'token_text': 'ligamento'}
 {'char_end': 62, 'char_start': 52, 'lemma': 'adnecto', 'pos': 'VERB', 'sentence_id': 'noscemus_705023_16299', 'token_id': 110817722, 'token_text': 'adnectitur'}
 {'char_end': 63, 'char_start': 62, 'lemma': ',', 'pos': 'PUNCT', 'sentence_id': 'noscemus_705023_16299', 'token_id': 110817723, 'token_text': ','}
 {'char_end': 65, 'char_start': 64, 'lemma': '&', 'pos': 'PUNCT', 'sentence_id': 'noscemus_705023_16299', 'token_id': 110817724, 'token_text': '&'}
 {'char_end': 72, 'char_start': 66, 'lemma': 'deinde', 'pos': 'ADV', 'sentence_id': 'noscemus_705023_16299', 'token_id': 110817725, 'token_text': 'deinde'}
 {'char_end': 79, 'char_start': 73, 'lemma': 'sursum', 'pos': 'ADV', 'sentence_id': 'noscemus_705023_16299', 'token_id': 110817726, 'token_text': 'sursum'}
 {'char_end': 82, 'char_start': 80, 'lemma': 'ad', 'pos': 'ADP', 'sentence_id': 'noscemus_705023_16299', 'token_id': 110817727, 'token_text': 'ad'}
 {'char_end': 94, 'char_start': 83, 'lemma': 'labyrinthus', 'pos': 'PROPN', 'sentence_id': 'noscemus_705023_16299', 'token_id': 110817728, 'token_text': 'Labyrinthum'}
 {'char_end': 103, 'char_start': 95, 'lemma': 'ascendo', 'pos': 'VERB', 'sentence_id': 'noscemus_705023_16299', 'token_id': 110817729, 'token_text': 'ascendit'}
 {'char_end': 104, 'char_start': 103, 'lemma': '.', 'pos': 'PUNCT', 'sentence_id': 'noscemus_705023_16299', 'token_id': 110817730, 'token_text': '.'}]","[{'char_end': 23, 'char_start': 15, 'lemma': 'furcula', 'pos': 'NOUN', 'sentence_id': 'noscemus_705023_16299', 'token_id': 110817718, 'token_text': 'furculae'}
 {'char_end': 30, 'char_start': 24, 'lemma': 'angulo', 'pos': 'NOUN', 'sentence_id': 'noscemus_705023_16299', 'token_id': 110817719, 'token_text': 'angulo'}
 {'char_end': 41, 'char_start': 31, 'lemma': 'transuerto', 'pos': 'ADJ', 'sentence_id': 'noscemus_705023_16299', 'token_id': 110817720, 'token_text': 'transuerso'}
 {'char_end': 51, 'char_start': 42, 'lemma': 'ligamentum', 'pos': 'NOUN', 'sentence_id': 'noscemus_705023_16299', 'token_id': 110817721, 'token_text': 'ligamento'}
 {'char_end': 62, 'char_start': 52, 'lemma': 'adnecto', 'pos': 'VERB', 'sentence_id': 'noscemus_705023_16299', 'token_id': 110817722, 'token_text': 'adnectitur'}
 {'char_end': 63, 'char_start': 62, 'lemma': ',', 'pos': 'PUNCT', 'sentence_id': 'noscemus_705023_16299', 'token_id': 110817723, 'token_text': ','}
 {'char_end': 65, 'char_start': 64, 'lemma': '&', 'pos': 'PUNCT', 'sentence_id': 'noscemus_705023_16299', 'token_id': 110817724, 'token_text': '&'}
 {'char_end': 72, 'char_start': 66, 'lemma': 'deinde', 'pos': 'ADV', 'sentence_id': 'noscemus_705023_16299', 'token_id': 110817725, 'token_text': 'deinde'}
 {'char_end': 79, 'char_start': 73, 'lemma': 'sursum', 'pos': 'ADV', 'sentence_id': 'noscemus_705023_16299', 'token_id': 110817726, 'token_text': 'sursum'}
 {'char_end': 82, 'char_start': 80, 'lemma': 'ad', 'pos': 'ADP', 'sentence_id': 'noscemus_705023_16299', 'token_id': 110817727, 'token_text': 'ad'}
 {'char_end': 94, 'char_start': 83, 'lemma': 'labyrinthus', 'pos': 'PROPN', 'sentence_id': 'noscemus_705023_16299', 'token_id': 110817728, 'token_text': 'Labyrinthum'}
 {'char_end': 103, 'char_start': 95, 'lemma': 'ascendo', 'pos': 'VERB', 'sentence_id': 'noscemus_705023_16299', 'token_id': 110817729, 'token_text': 'ascendit'}
 {'char_end': 104, 'char_start': 103, 'lemma': '.', 'pos': 'PUNCT', 'sentence_id': 'noscemus_705023_16299', 'token_id': 110817730, 'token_text': '.'}
 {'char_end': 6, 'char_start': 0, 'lemma': 'piscis', 'pos': 'NOUN', 'sentence_id': 'noscemus_705023_16300', 'token_id': 110817731, 'token_text': 'Pisces'}
 {'char_end': 16, 'char_start': 7, 'lemma': 'praedor', 'pos': 'VERB', 'sentence_id': 'noscemus_705023_16300', 'token_id': 110817732, 'token_text': 'praedatur'}
 {'char_end': 17, 'char_start': 16, 'lemma': '.', 'pos': 'PUNCT', 'sentence_id': 'noscemus_705023_16300', 'token_id': 110817733, 'token_text': '.'}
 {'char_end': 2, 'char_start': 0, 'lemma': 'ab', 'pos': 'ADP', 'sentence_id': 'noscemus_705023_16301', 'token_id': 110817734, 'token_text': 'Ab'}
 {'char_end': 6, 'char_start': 3, 'lemma': 'hic', 'pos': 'DET', 'sentence_id': 'noscemus_705023_16301', 'token_id': 110817735, 'token_text': 'hoc'}
 {'char_end': 10, 'char_start': 7, 'lemma': 'non', 'pos': 'PART', 'sentence_id': 'noscemus_705023_16301', 'token_id': 110817736, 'token_text': 'non'}
 {'char_end': 18, 'char_start': 11, 'lemma': 'differo', 'pos': 'VERB', 'sentence_id': 'noscemus_705023_16301', 'token_id': 110817737, 'token_text': 'differt'}
 {'char_end': 19, 'char_start': 18, 'lemma': ',', 'pos': 'PUNCT', 'sentence_id': 'noscemus_705023_16301', 'token_id': 110817738, 'token_text': ','}]",1676.0,1676.0,1676.0,,,Historia,Biology,110817728,83,94
909,"Meetkercke, Adolf van","Ῥαψωδία ἑκατόστιχος, frontispicii explicatio",noscemus_928890,noscemus_928890_10577,"Nauportum, L. Alberto, Labyrintho, mons Getae;","Chrysius, I. Sambuco. L Labato castello, Dalmatis Lubeana, Histriae opp. | Nauportum, L. Alberto, Labyrintho, mons Getae; | Dicta, Sophiano.",ambiguous_indeterminate,"[{'char_end': 9, 'char_start': 0, 'lemma': 'Nauportum', 'pos': 'PROPN', 'sentence_id': 'noscemus_928890_10577', 'token_id': 77009330, 'token_text': 'Nauportum'}
 {'char_end': 10, 'char_start': 9, 'lemma': ',', 'pos': 'PUNCT', 'sentence_id': 'noscemus_928890_10577', 'token_id': 77009331, 'token_text': ','}
 {'char_end': 13, 'char_start': 11, 'lemma': 'L.', 'pos': 'PUNCT', 'sentence_id': 'noscemus_928890_10577', 'token_id': 77009332, 'token_text': 'L.'}
 {'char_end': 21, 'char_start': 14, 'lemma': 'Albertus', 'pos': 'PROPN', 'sentence_id': 'noscemus_928890_10577', 'token_id': 77009333, 'token_text': 'Alberto'}
 {'char_end': 22, 'char_start': 21, 'lemma': ',', 'pos': 'PUNCT', 'sentence_id': 'noscemus_928890_10577', 'token_id': 77009334, 'token_text': ','}
 {'char_end': 33, 'char_start': 23, 'lemma': 'labyrinthus', 'pos': 'PROPN', 'sentence_id': 'noscemus_928890_10577', 'token_id': 77009335, 'token_text': 'Labyrintho'}
 {'char_end': 34, 'char_start': 33, 'lemma': ',', 'pos': 'PUNCT', 'sentence_id': 'noscemus_928890_10577', 'token_id': 77009336, 'token_text': ','}
 {'char_end': 39, 'char_start': 35, 'lemma': 'mons', 'pos': 'NOUN', 'sentence_id': 'noscemus_928890_10577', 'token_id': 77009337, 'token_text': 'mons'}
 {'char_end': 45, 'char_start': 40, 'lemma': 'Getae', 'pos': 'PROPN', 'sentence_id': 'noscemus_928890_10577', 'token_id': 77009338, 'token_text': 'Getae'}
 {'char_end': 46, 'char_start': 45, 'lemma': ';', 'pos': 'PUNCT', 'sentence_id': 'noscemus_928890_10577', 'token_id': 77009339, 'token_text': ';'}]","[{'char_end': 57, 'char_start': 50, 'lemma': 'Lubeana', 'pos': 'PROPN', 'sentence_id': 'noscemus_928890_10576', 'token_id': 77009325, 'token_text': 'Lubeana'}
 {'char_end': 58, 'char_start': 57, 'lemma': ',', 'pos': 'PUNCT', 'sentence_id': 'noscemus_928890_10576', 'token_id': 77009326, 'token_text': ','}
 {'char_end': 67, 'char_start': 59, 'lemma': 'Histria', 'pos': 'PROPN', 'sentence_id': 'noscemus_928890_10576', 'token_id': 77009327, 'token_text': 'Histriae'}
 {'char_end': 71, 'char_start': 68, 'lemma': 'oppio', 'pos': 'NOUN', 'sentence_id': 'noscemus_928890_10576', 'token_id': 77009328, 'token_text': 'opp'}
 {'char_end': 72, 'char_start': 71, 'lemma': '.', 'pos': 'PUNCT', 'sentence_id': 'noscemus_928890_10576', 'token_id': 77009329, 'token_text': '.'}
 {'char_end': 9, 'char_start': 0, 'lemma': 'Nauportum', 'pos': 'PROPN', 'sentence_id': 'noscemus_928890_10577', 'token_id': 77009330, 'token_text': 'Nauportum'}
 {'char_end': 10, 'char_start': 9, 'lemma': ',', 'pos': 'PUNCT', 'sentence_id': 'noscemus_928890_10577', 'token_id': 77009331, 'token_text': ','}
 {'char_end': 13, 'char_start': 11, 'lemma': 'L.', 'pos': 'PUNCT', 'sentence_id': 'noscemus_928890_10577', 'token_id': 77009332, 'token_text': 'L.'}
 {'char_end': 21, 'char_start': 14, 'lemma': 'Albertus', 'pos': 'PROPN', 'sentence_id': 'noscemus_928890_10577', 'token_id': 77009333, 'token_text': 'Alberto'}
 {'char_end': 22, 'char_start': 21, 'lemma': ',', 'pos': 'PUNCT', 'sentence_id': 'noscemus_928890_10577', 'token_id': 77009334, 'token_text': ','}
 {'char_end': 33, 'char_start': 23, 'lemma': 'labyrinthus', 'pos': 'PROPN', 'sentence_id': 'noscemus_928890_10577', 'token_id': 77009335, 'token_text': 'Labyrintho'}
 {'char_end': 34, 'char_start': 33, 'lemma': ',', 'pos': 'PUNCT', 'sentence_id': 'noscemus_928890_10577', 'token_id': 77009336, 'token_text': ','}
 {'char_end': 39, 'char_start': 35, 'lemma': 'mons', 'pos': 'NOUN', 'sentence_id': 'noscemus_928890_10577', 'token_id': 77009337, 'token_text': 'mons'}
 {'char_end': 45, 'char_start': 40, 'lemma': 'Getae', 'pos': 'PROPN', 'sentence_id': 'noscemus_928890_10577', 'token_id': 77009338, 'token_text': 'Getae'}
 {'char_end': 46, 'char_start': 45, 'lemma': ';', 'pos': 'PUNCT', 'sentence_id': 'noscemus_928890_10577', 'token_id': 77009339, 'token_text': ';'}
 {'char_end': 5, 'char_start': 0, 'lemma': 'dico', 'pos': 'VERB', 'sentence_id': 'noscemus_928890_10578', 'token_id': 77009340, 'token_text': 'Dicta'}
 {'char_end': 6, 'char_start': 5, 'lemma': ',', 'pos': 'PUNCT', 'sentence_id': 'noscemus_928890_10578', 'token_id': 77009341, 'token_text': ','}
 {'char_end': 15, 'char_start': 7, 'lemma': 'Sophianus', 'pos': 'PROPN', 'sentence_id': 'noscemus_928890_10578', 'token_id': 77009342, 'token_text': 'Sophiano'}
 {'char_end': 16, 'char_start': 15, 'lemma': '.', 'pos': 'PUNCT', 'sentence_id': 'noscemus_928890_10578', 'token_id': 77009343, 'token_text': '.'}
 {'char_end': 2, 'char_start': 0, 'lemma': 'at', 'pos': 'CCONJ', 'sentence_id': 'noscemus_928890_10579', 'token_id': 77009344, 'token_text': 'At'}
 {'char_end': 5, 'char_start': 3, 'lemma': 'P.', 'pos': 'PUNCT', 'sentence_id': 'noscemus_928890_10579', 'token_id': 77009345, 'token_text': 'P.'}]",,,,,,"Didactic poem, Panegyric poem, Other (see description)",Geography/Cartography,77009335,23,33
294,"Dorn, Gerard",,emlap_100045,emlap_100045_1368,"Sed postquam hominum sapiendi per seipsos uanus appetitus induxit eos ad quaerendum a seipsis, ac in aliis quam in eo, in quo solo salus omnis est, caecutiuit mens eorum, & in labyrinthum ducta, iam hanc, modo aliam herbam, cras istam & aliam radicem, postridie mixtum quid expetiuerunt, ut indies experientes absque iudicio, nunquam scopum attigerint, nec suae doctrinae ullam habuerint certitudinem.","Dubium non est, quin Deus antiquis patribus medicinam aliquam reuelauerit per spiritum sanctum suum, qua suae carnis corruptionem tuerentur, & potissimum iis, quibuscum locutus est, & foedus iniit. | Sed postquam hominum sapiendi per seipsos uanus appetitus induxit eos ad quaerendum a seipsis, ac in aliis quam in eo, in quo solo salus omnis est, caecutiuit mens eorum, & in labyrinthum ducta, iam hanc, modo aliam herbam, cras istam & aliam radicem, postridie mixtum quid expetiuerunt, ut indies experientes absque iudicio, nunquam scopum attigerint, nec suae doctrinae ullam habuerint certitudinem. | Quod etiam absurdum maxime uidetur, homines sua sorte nunquam sunt contenti.",confusion_metaphorics,"[{'char_end': 3, 'char_start': 0, 'lemma': 'sed', 'pos': 'CCONJ', 'sentence_id': 'emlap_100045_1368', 'token_id': 1636963, 'token_text': 'Sed'}
 {'char_end': 12, 'char_start': 4, 'lemma': 'postquam', 'pos': 'SCONJ', 'sentence_id': 'emlap_100045_1368', 'token_id': 1636964, 'token_text': 'postquam'}
 {'char_end': 20, 'char_start': 13, 'lemma': 'homo', 'pos': 'NOUN', 'sentence_id': 'emlap_100045_1368', 'token_id': 1636965, 'token_text': 'hominum'}
 {'char_end': 29, 'char_start': 21, 'lemma': 'sapio', 'pos': 'VERB', 'sentence_id': 'emlap_100045_1368', 'token_id': 1636966, 'token_text': 'sapiendi'}
 {'char_end': 33, 'char_start': 30, 'lemma': 'per', 'pos': 'ADP', 'sentence_id': 'emlap_100045_1368', 'token_id': 1636967, 'token_text': 'per'}
 {'char_end': 41, 'char_start': 34, 'lemma': 'seipse', 'pos': 'PRON', 'sentence_id': 'emlap_100045_1368', 'token_id': 1636968, 'token_text': 'seipsos'}
 {'char_end': 47, 'char_start': 42, 'lemma': 'uanus', 'pos': 'ADJ', 'sentence_id': 'emlap_100045_1368', 'token_id': 1636969, 'token_text': 'uanus'}
 {'char_end': 57, 'char_start': 48, 'lemma': 'appetitus', 'pos': 'NOUN', 'sentence_id': 'emlap_100045_1368', 'token_id': 1636970, 'token_text': 'appetitus'}
 {'char_end': 65, 'char_start': 58, 'lemma': 'induco', 'pos': 'VERB', 'sentence_id': 'emlap_100045_1368', 'token_id': 1636971, 'token_text': 'induxit'}
 {'char_end': 69, 'char_start': 66, 'lemma': 'is', 'pos': 'PRON', 'sentence_id': 'emlap_100045_1368', 'token_id': 1636972, 'token_text': 'eos'}
 {'char_end': 72, 'char_start': 70, 'lemma': 'ad', 'pos': 'ADP', 'sentence_id': 'emlap_100045_1368', 'token_id': 1636973, 'token_text': 'ad'}
 {'char_end': 83, 'char_start': 73, 'lemma': 'quaero', 'pos': 'VERB', 'sentence_id': 'emlap_100045_1368', 'token_id': 1636974, 'token_text': 'quaerendum'}
 {'char_end': 85, 'char_start': 84, 'lemma': 'ab', 'pos': 'ADP', 'sentence_id': 'emlap_100045_1368', 'token_id': 1636975, 'token_text': 'a'}
 {'char_end': 93, 'char_start': 86, 'lemma': 'seipse', 'pos': 'PRON', 'sentence_id': 'emlap_100045_1368', 'token_id': 1636976, 'token_text': 'seipsis'}
 {'char_end': 94, 'char_start': 93, 'lemma': ',', 'pos': 'PUNCT', 'sentence_id': 'emlap_100045_1368', 'token_id': 1636977, 'token_text': ','}
 {'char_end': 97, 'char_start': 95, 'lemma': 'atque', 'pos': 'CCONJ', 'sentence_id': 'emlap_100045_1368', 'token_id': 1636978, 'token_text': 'ac'}
 {'char_end': 100, 'char_start': 98, 'lemma': 'in', 'pos': 'ADP', 'sentence_id': 'emlap_100045_1368', 'token_id': 1636979, 'token_text': 'in'}
 {'char_end': 106, 'char_start': 101, 'lemma': 'alius', 'pos': 'DET', 'sentence_id': 'emlap_100045_1368', 'token_id': 1636980, 'token_text': 'aliis'}
 {'char_end': 111, 'char_start': 107, 'lemma': 'quam', 'pos': 'SCONJ', 'sentence_id': 'emlap_100045_1368', 'token_id': 1636981, 'token_text': 'quam'}
 {'char_end': 114, 'char_start': 112, 'lemma': 'in', 'pos': 'ADP', 'sentence_id': 'emlap_100045_1368', 'token_id': 1636982, 'token_text': 'in'}
 {'char_end': 117, 'char_start': 115, 'lemma': 'is', 'pos': 'PRON', 'sentence_id': 'emlap_100045_1368', 'token_id': 1636983, 'token_text': 'eo'}
 {'char_end': 118, 'char_start': 117, 'lemma': ',', 'pos': 'PUNCT', 'sentence_id': 'emlap_100045_1368', 'token_id': 1636984, 'token_text': ','}
 {'char_end': 121, 'char_start': 119, 'lemma': 'in', 'pos': 'ADP', 'sentence_id': 'emlap_100045_1368', 'token_id': 1636985, 'token_text': 'in'}
 {'char_end': 125, 'char_start': 122, 'lemma': 'qui', 'pos': 'PRON', 'sentence_id': 'emlap_100045_1368', 'token_id': 1636986, 'token_text': 'quo'}
 {'char_end': 130, 'char_start': 126, 'lemma': 'solus', 'pos': 'DET', 'sentence_id': 'emlap_100045_1368', 'token_id': 1636987, 'token_text': 'solo'}
 {'char_end': 136, 'char_start': 131, 'lemma': 'salus', 'pos': 'NOUN', 'sentence_id': 'emlap_100045_1368', 'token_id': 1636988, 'token_text': 'salus'}
 {'char_end': 142, 'char_start': 137, 'lemma': 'omnis', 'pos': 'DET', 'sentence_id': 'emlap_100045_1368', 'token_id': 1636989, 'token_text': 'omnis'}
 {'char_end': 146, 'char_start': 143, 'lemma': 'sum', 'pos': 'AUX', 'sentence_id': 'emlap_100045_1368', 'token_id': 1636990, 'token_text': 'est'}
 {'char_end': 147, 'char_start': 146, 'lemma': ',', 'pos': 'PUNCT', 'sentence_id': 'emlap_100045_1368', 'token_id': 1636991, 'token_text': ','}
 {'char_end': 158, 'char_start': 148, 'lemma': 'caecutio', 'pos': 'VERB', 'sentence_id': 'emlap_100045_1368', 'token_id': 1636992, 'token_text': 'caecutiuit'}
 {'char_end': 163, 'char_start': 159, 'lemma': 'mens', 'pos': 'NOUN', 'sentence_id': 'emlap_100045_1368', 'token_id': 1636993, 'token_text': 'mens'}
 {'char_end': 169, 'char_start': 164, 'lemma': 'is', 'pos': 'PRON', 'sentence_id': 'emlap_100045_1368', 'token_id': 1636994, 'token_text': 'eorum'}
 {'char_end': 170, 'char_start': 169, 'lemma': ',', 'pos': 'PUNCT', 'sentence_id': 'emlap_100045_1368', 'token_id': 1636995, 'token_text': ','}
 {'char_end': 172, 'char_start': 171, 'lemma': '&', 'pos': 'PUNCT', 'sentence_id': 'emlap_100045_1368', 'token_id': 1636996, 'token_text': '&'}
 {'char_end': 175, 'char_start': 173, 'lemma': 'in', 'pos': 'ADP', 'sentence_id': 'emlap_100045_1368', 'token_id': 1636997, 'token_text': 'in'}
 {'char_end': 187, 'char_start': 176, 'lemma': 'labyrinthus', 'pos': 'NOUN', 'sentence_id': 'emlap_100045_1368', 'token_id': 1636998, 'token_text': 'labyrinthum'}
 {'char_end': 193, 'char_start': 188, 'lemma': 'duco', 'pos': 'VERB', 'sentence_id': 'emlap_100045_1368', 'token_id': 1636999, 'token_text': 'ducta'}
 {'char_end': 194, 'char_start': 193, 'lemma': ',', 'pos': 'PUNCT', 'sentence_id': 'emlap_100045_1368', 'token_id': 1637000, 'token_text': ','}
 {'char_end': 198, 'char_start': 195, 'lemma': 'iam', 'pos': 'ADV', 'sentence_id': 'emlap_100045_1368', 'token_id': 1637001, 'token_text': 'iam'}
 {'char_end': 203, 'char_start': 199, 'lemma': 'hic', 'pos': 'DET', 'sentence_id': 'emlap_100045_1368', 'token_id': 1637002, 'token_text': 'hanc'}
 {'char_end': 204, 'char_start': 203, 'lemma': ',', 'pos': 'PUNCT', 'sentence_id': 'emlap_100045_1368', 'token_id': 1637003, 'token_text': ','}
 {'char_end': 209, 'char_start': 205, 'lemma': 'modo', 'pos': 'ADV', 'sentence_id': 'emlap_100045_1368', 'token_id': 1637004, 'token_text': 'modo'}
 {'char_end': 215, 'char_start': 210, 'lemma': 'alius', 'pos': 'DET', 'sentence_id': 'emlap_100045_1368', 'token_id': 1637005, 'token_text': 'aliam'}
 {'char_end': 222, 'char_start': 216, 'lemma': 'herba', 'pos': 'NOUN', 'sentence_id': 'emlap_100045_1368', 'token_id': 1637006, 'token_text': 'herbam'}
 {'char_end': 223, 'char_start': 222, 'lemma': ',', 'pos': 'PUNCT', 'sentence_id': 'emlap_100045_1368', 'token_id': 1637007, 'token_text': ','}
 {'char_end': 228, 'char_start': 224, 'lemma': 'cras', 'pos': 'ADV', 'sentence_id': 'emlap_100045_1368', 'token_id': 1637008, 'token_text': 'cras'}
 {'char_end': 234, 'char_start': 229, 'lemma': 'iste', 'pos': 'DET', 'sentence_id': 'emlap_100045_1368', 'token_id': 1637009, 'token_text': 'istam'}
 {'char_end': 236, 'char_start': 235, 'lemma': '&', 'pos': 'PUNCT', 'sentence_id': 'emlap_100045_1368', 'token_id': 1637010, 'token_text': '&'}
 {'char_end': 242, 'char_start': 237, 'lemma': 'alius', 'pos': 'DET', 'sentence_id': 'emlap_100045_1368', 'token_id': 1637011, 'token_text': 'aliam'}
 {'char_end': 250, 'char_start': 243, 'lemma': 'radix', 'pos': 'NOUN', 'sentence_id': 'emlap_100045_1368', 'token_id': 1637012, 'token_text': 'radicem'}
 {'char_end': 251, 'char_start': 250, 'lemma': ',', 'pos': 'PUNCT', 'sentence_id': 'emlap_100045_1368', 'token_id': 1637013, 'token_text': ','}
 {'char_end': 261, 'char_start': 252, 'lemma': 'postridie', 'pos': 'ADV', 'sentence_id': 'emlap_100045_1368', 'token_id': 1637014, 'token_text': 'postridie'}
 {'char_end': 268, 'char_start': 262, 'lemma': 'misceo', 'pos': 'VERB', 'sentence_id': 'emlap_100045_1368', 'token_id': 1637015, 'token_text': 'mixtum'}
 {'char_end': 273, 'char_start': 269, 'lemma': 'quis', 'pos': 'PRON', 'sentence_id': 'emlap_100045_1368', 'token_id': 1637016, 'token_text': 'quid'}
 {'char_end': 286, 'char_start': 274, 'lemma': 'expeto', 'pos': 'VERB', 'sentence_id': 'emlap_100045_1368', 'token_id': 1637017, 'token_text': 'expetiuerunt'}
 {'char_end': 287, 'char_start': 286, 'lemma': ',', 'pos': 'PUNCT', 'sentence_id': 'emlap_100045_1368', 'token_id': 1637018, 'token_text': ','}
 {'char_end': 290, 'char_start': 288, 'lemma': 'ut', 'pos': 'SCONJ', 'sentence_id': 'emlap_100045_1368', 'token_id': 1637019, 'token_text': 'ut'}
 {'char_end': 297, 'char_start': 291, 'lemma': 'indio', 'pos': 'ADV', 'sentence_id': 'emlap_100045_1368', 'token_id': 1637020, 'token_text': 'indies'}
 {'char_end': 309, 'char_start': 298, 'lemma': 'experior', 'pos': 'VERB', 'sentence_id': 'emlap_100045_1368', 'token_id': 1637021, 'token_text': 'experientes'}
 {'char_end': 316, 'char_start': 310, 'lemma': 'absque', 'pos': 'ADP', 'sentence_id': 'emlap_100045_1368', 'token_id': 1637022, 'token_text': 'absque'}
 {'char_end': 324, 'char_start': 317, 'lemma': 'iudicium', 'pos': 'NOUN', 'sentence_id': 'emlap_100045_1368', 'token_id': 1637023, 'token_text': 'iudicio'}
 {'char_end': 325, 'char_start': 324, 'lemma': ',', 'pos': 'PUNCT', 'sentence_id': 'emlap_100045_1368', 'token_id': 1637024, 'token_text': ','}
 {'char_end': 333, 'char_start': 326, 'lemma': 'numquam', 'pos': 'ADV', 'sentence_id': 'emlap_100045_1368', 'token_id': 1637025, 'token_text': 'nunquam'}
 {'char_end': 340, 'char_start': 334, 'lemma': 'scopus', 'pos': 'NOUN', 'sentence_id': 'emlap_100045_1368', 'token_id': 1637026, 'token_text': 'scopum'}
 {'char_end': 351, 'char_start': 341, 'lemma': '', 'pos': 'VERB', 'sentence_id': 'emlap_100045_1368', 'token_id': 1637027, 'token_text': 'attigerint'}
 {'char_end': 352, 'char_start': 351, 'lemma': ',', 'pos': 'PUNCT', 'sentence_id': 'emlap_100045_1368', 'token_id': 1637028, 'token_text': ','}
 {'char_end': 356, 'char_start': 353, 'lemma': 'neque', 'pos': 'CCONJ', 'sentence_id': 'emlap_100045_1368', 'token_id': 1637029, 'token_text': 'nec'}
 {'char_end': 361, 'char_start': 357, 'lemma': 'suus', 'pos': 'DET', 'sentence_id': 'emlap_100045_1368', 'token_id': 1637030, 'token_text': 'suae'}
 {'char_end': 371, 'char_start': 362, 'lemma': 'doctrina', 'pos': 'NOUN', 'sentence_id': 'emlap_100045_1368', 'token_id': 1637031, 'token_text': 'doctrinae'}
 {'char_end': 377, 'char_start': 372, 'lemma': 'ullus', 'pos': 'DET', 'sentence_id': 'emlap_100045_1368', 'token_id': 1637032, 'token_text': 'ullam'}
 {'char_end': 387, 'char_start': 378, 'lemma': '', 'pos': 'VERB', 'sentence_id': 'emlap_100045_1368', 'token_id': 1637033, 'token_text': 'habuerint'}
 {'char_end': 400, 'char_start': 388, 'lemma': 'certitudo', 'pos': 'NOUN', 'sentence_id': 'emlap_100045_1368', 'token_id': 1637034, 'token_text': 'certitudinem'}
 {'char_end': 401, 'char_start': 400, 'lemma': '.', 'pos': 'PUNCT', 'sentence_id': 'emlap_100045_1368', 'token_id': 1637035, 'token_text': '.'}]","[{'char_end': 136, 'char_start': 131, 'lemma': 'salus', 'pos': 'NOUN', 'sentence_id': 'emlap_100045_1368', 'token_id': 1636988, 'token_text': 'salus'}
 {'char_end': 142, 'char_start': 137, 'lemma': 'omnis', 'pos': 'DET', 'sentence_id': 'emlap_100045_1368', 'token_id': 1636989, 'token_text': 'omnis'}
 {'char_end': 146, 'char_start': 143, 'lemma': 'sum', 'pos': 'AUX', 'sentence_id': 'emlap_100045_1368', 'token_id': 1636990, 'token_text': 'est'}
 {'char_end': 147, 'char_start': 146, 'lemma': ',', 'pos': 'PUNCT', 'sentence_id': 'emlap_100045_1368', 'token_id': 1636991, 'token_text': ','}
 {'char_end': 158, 'char_start': 148, 'lemma': 'caecutio', 'pos': 'VERB', 'sentence_id': 'emlap_100045_1368', 'token_id': 1636992, 'token_text': 'caecutiuit'}
 {'char_end': 163, 'char_start': 159, 'lemma': 'mens', 'pos': 'NOUN', 'sentence_id': 'emlap_100045_1368', 'token_id': 1636993, 'token_text': 'mens'}
 {'char_end': 169, 'char_start': 164, 'lemma': 'is', 'pos': 'PRON', 'sentence_id': 'emlap_100045_1368', 'token_id': 1636994, 'token_text': 'eorum'}
 {'char_end': 170, 'char_start': 169, 'lemma': ',', 'pos': 'PUNCT', 'sentence_id': 'emlap_100045_1368', 'token_id': 1636995, 'token_text': ','}
 {'char_end': 172, 'char_start': 171, 'lemma': '&', 'pos': 'PUNCT', 'sentence_id': 'emlap_100045_1368', 'token_id': 1636996, 'token_text': '&'}
 {'char_end': 175, 'char_start': 173, 'lemma': 'in', 'pos': 'ADP', 'sentence_id': 'emlap_100045_1368', 'token_id': 1636997, 'token_text': 'in'}
 {'char_end': 187, 'char_start': 176, 'lemma': 'labyrinthus', 'pos': 'NOUN', 'sentence_id': 'emlap_100045_1368', 'token_id': 1636998, 'token_text': 'labyrinthum'}
 {'char_end': 193, 'char_start': 188, 'lemma': 'duco', 'pos': 'VERB', 'sentence_id': 'emlap_100045_1368', 'token_id': 1636999, 'token_text': 'ducta'}
 {'char_end': 194, 'char_start': 193, 'lemma': ',', 'pos': 'PUNCT', 'sentence_id': 'emlap_100045_1368', 'token_id': 1637000, 'token_text': ','}
 {'char_end': 198, 'char_start': 195, 'lemma': 'iam', 'pos': 'ADV', 'sentence_id': 'emlap_100045_1368', 'token_id': 1637001, 'token_text': 'iam'}
 {'char_end': 203, 'char_start': 199, 'lemma': 'hic', 'pos': 'DET', 'sentence_id': 'emlap_100045_1368', 'token_id': 1637002, 'token_text': 'hanc'}
 {'char_end': 204, 'char_start': 203, 'lemma': ',', 'pos': 'PUNCT', 'sentence_id': 'emlap_100045_1368', 'token_id': 1637003, 'token_text': ','}
 {'char_end': 209, 'char_start': 205, 'lemma': 'modo', 'pos': 'ADV', 'sentence_id': 'emlap_100045_1368', 'token_id': 1637004, 'token_text': 'modo'}
 {'char_end': 215, 'char_start': 210, 'lemma': 'alius', 'pos': 'DET', 'sentence_id': 'emlap_100045_1368', 'token_id': 1637005, 'token_text': 'aliam'}
 {'char_end': 222, 'char_start': 216, 'lemma': 'herba', 'pos': 'NOUN', 'sentence_id': 'emlap_100045_1368', 'token_id': 1637006, 'token_text': 'herbam'}
 {'char_end': 223, 'char_start': 222, 'lemma': ',', 'pos': 'PUNCT', 'sentence_id': 'emlap_100045_1368', 'token_id': 1637007, 'token_text': ','}
 {'char_end': 228, 'char_start': 224, 'lemma': 'cras', 'pos': 'ADV', 'sentence_id': 'emlap_100045_1368', 'token_id': 1637008, 'token_text': 'cras'}]",1583.0,1583.0,1583.0,,,,,1636998,176,187
317,,,emlap_100075,emlap_100075_4266,"tales sunt in quos potissimum inuehitur, & quos uidebat suam patriam, in Graeciam transmutare propriis neglectis atque reiectis, imo ex uarietate rerum intricatum contexere labyrinthum.","Si quae duriora, protulit non tam in ipsos, quam in sectatores, qui sic in uerba suorum magistrorum iurarunt, ut reluctari ueritati studiose malint, quam sui praeceptoris manifestum errorem confiteri: | tales sunt in quos potissimum inuehitur, & quos uidebat suam patriam, in Graeciam transmutare propriis neglectis atque reiectis, imo ex uarietate rerum intricatum contexere labyrinthum. | Non quod uarietatem rerum contemnat, quae summe propter eum qui condidit ueneranda est:",scientific_complexity_metaphorics,"[{'char_end': 5, 'char_start': 0, 'lemma': 'talis', 'pos': 'DET', 'sentence_id': 'emlap_100075_4266', 'token_id': 3021418, 'token_text': 'tales'}
 {'char_end': 10, 'char_start': 6, 'lemma': 'sum', 'pos': 'AUX', 'sentence_id': 'emlap_100075_4266', 'token_id': 3021419, 'token_text': 'sunt'}
 {'char_end': 13, 'char_start': 11, 'lemma': 'in', 'pos': 'ADP', 'sentence_id': 'emlap_100075_4266', 'token_id': 3021420, 'token_text': 'in'}
 {'char_end': 18, 'char_start': 14, 'lemma': 'qui', 'pos': 'PRON', 'sentence_id': 'emlap_100075_4266', 'token_id': 3021421, 'token_text': 'quos'}
 {'char_end': 29, 'char_start': 19, 'lemma': 'potissimum', 'pos': 'ADV', 'sentence_id': 'emlap_100075_4266', 'token_id': 3021422, 'token_text': 'potissimum'}
 {'char_end': 39, 'char_start': 30, 'lemma': 'inueho', 'pos': 'VERB', 'sentence_id': 'emlap_100075_4266', 'token_id': 3021423, 'token_text': 'inuehitur'}
 {'char_end': 40, 'char_start': 39, 'lemma': ',', 'pos': 'PUNCT', 'sentence_id': 'emlap_100075_4266', 'token_id': 3021424, 'token_text': ','}
 {'char_end': 42, 'char_start': 41, 'lemma': '&', 'pos': 'PUNCT', 'sentence_id': 'emlap_100075_4266', 'token_id': 3021425, 'token_text': '&'}
 {'char_end': 47, 'char_start': 43, 'lemma': 'qui', 'pos': 'PRON', 'sentence_id': 'emlap_100075_4266', 'token_id': 3021426, 'token_text': 'quos'}
 {'char_end': 55, 'char_start': 48, 'lemma': 'uideo', 'pos': 'VERB', 'sentence_id': 'emlap_100075_4266', 'token_id': 3021427, 'token_text': 'uidebat'}
 {'char_end': 60, 'char_start': 56, 'lemma': 'suus', 'pos': 'DET', 'sentence_id': 'emlap_100075_4266', 'token_id': 3021428, 'token_text': 'suam'}
 {'char_end': 68, 'char_start': 61, 'lemma': 'patria', 'pos': 'NOUN', 'sentence_id': 'emlap_100075_4266', 'token_id': 3021429, 'token_text': 'patriam'}
 {'char_end': 69, 'char_start': 68, 'lemma': ',', 'pos': 'PUNCT', 'sentence_id': 'emlap_100075_4266', 'token_id': 3021430, 'token_text': ','}
 {'char_end': 72, 'char_start': 70, 'lemma': 'in', 'pos': 'ADP', 'sentence_id': 'emlap_100075_4266', 'token_id': 3021431, 'token_text': 'in'}
 {'char_end': 81, 'char_start': 73, 'lemma': 'Graecia', 'pos': 'PROPN', 'sentence_id': 'emlap_100075_4266', 'token_id': 3021432, 'token_text': 'Graeciam'}
 {'char_end': 93, 'char_start': 82, 'lemma': 'transmuto', 'pos': 'VERB', 'sentence_id': 'emlap_100075_4266', 'token_id': 3021433, 'token_text': 'transmutare'}
 {'char_end': 102, 'char_start': 94, 'lemma': 'proprius', 'pos': 'ADJ', 'sentence_id': 'emlap_100075_4266', 'token_id': 3021434, 'token_text': 'propriis'}
 {'char_end': 112, 'char_start': 103, 'lemma': 'neglego', 'pos': 'NOUN', 'sentence_id': 'emlap_100075_4266', 'token_id': 3021435, 'token_text': 'neglectis'}
 {'char_end': 118, 'char_start': 113, 'lemma': 'atque', 'pos': 'CCONJ', 'sentence_id': 'emlap_100075_4266', 'token_id': 3021436, 'token_text': 'atque'}
 {'char_end': 127, 'char_start': 119, 'lemma': 'reiectus', 'pos': 'VERB', 'sentence_id': 'emlap_100075_4266', 'token_id': 3021437, 'token_text': 'reiectis'}
 {'char_end': 128, 'char_start': 127, 'lemma': ',', 'pos': 'PUNCT', 'sentence_id': 'emlap_100075_4266', 'token_id': 3021438, 'token_text': ','}
 {'char_end': 132, 'char_start': 129, 'lemma': 'imus', 'pos': 'ADJ', 'sentence_id': 'emlap_100075_4266', 'token_id': 3021439, 'token_text': 'imo'}
 {'char_end': 135, 'char_start': 133, 'lemma': 'ex', 'pos': 'ADP', 'sentence_id': 'emlap_100075_4266', 'token_id': 3021440, 'token_text': 'ex'}
 {'char_end': 145, 'char_start': 136, 'lemma': 'uarietas', 'pos': 'NOUN', 'sentence_id': 'emlap_100075_4266', 'token_id': 3021441, 'token_text': 'uarietate'}
 {'char_end': 151, 'char_start': 146, 'lemma': 'res', 'pos': 'NOUN', 'sentence_id': 'emlap_100075_4266', 'token_id': 3021442, 'token_text': 'rerum'}
 {'char_end': 162, 'char_start': 152, 'lemma': 'intricatus', 'pos': 'VERB', 'sentence_id': 'emlap_100075_4266', 'token_id': 3021443, 'token_text': 'intricatum'}
 {'char_end': 172, 'char_start': 163, 'lemma': 'contexo', 'pos': 'VERB', 'sentence_id': 'emlap_100075_4266', 'token_id': 3021444, 'token_text': 'contexere'}
 {'char_end': 184, 'char_start': 173, 'lemma': 'labyrinthus', 'pos': 'NOUN', 'sentence_id': 'emlap_100075_4266', 'token_id': 3021445, 'token_text': 'labyrinthum'}
 {'char_end': 185, 'char_start': 184, 'lemma': '.', 'pos': 'PUNCT', 'sentence_id': 'emlap_100075_4266', 'token_id': 3021446, 'token_text': '.'}]","[{'char_end': 112, 'char_start': 103, 'lemma': 'neglego', 'pos': 'NOUN', 'sentence_id': 'emlap_100075_4266', 'token_id': 3021435, 'token_text': 'neglectis'}
 {'char_end': 118, 'char_start': 113, 'lemma': 'atque', 'pos': 'CCONJ', 'sentence_id': 'emlap_100075_4266', 'token_id': 3021436, 'token_text': 'atque'}
 {'char_end': 127, 'char_start': 119, 'lemma': 'reiectus', 'pos': 'VERB', 'sentence_id': 'emlap_100075_4266', 'token_id': 3021437, 'token_text': 'reiectis'}
 {'char_end': 128, 'char_start': 127, 'lemma': ',', 'pos': 'PUNCT', 'sentence_id': 'emlap_100075_4266', 'token_id': 3021438, 'token_text': ','}
 {'char_end': 132, 'char_start': 129, 'lemma': 'imus', 'pos': 'ADJ', 'sentence_id': 'emlap_100075_4266', 'token_id': 3021439, 'token_text': 'imo'}
 {'char_end': 135, 'char_start': 133, 'lemma': 'ex', 'pos': 'ADP', 'sentence_id': 'emlap_100075_4266', 'token_id': 3021440, 'token_text': 'ex'}
 {'char_end': 145, 'char_start': 136, 'lemma': 'uarietas', 'pos': 'NOUN', 'sentence_id': 'emlap_100075_4266', 'token_id': 3021441, 'token_text': 'uarietate'}
 {'char_end': 151, 'char_start': 146, 'lemma': 'res', 'pos': 'NOUN', 'sentence_id': 'emlap_100075_4266', 'token_id': 3021442, 'token_text': 'rerum'}
 {'char_end': 162, 'char_start': 152, 'lemma': 'intricatus', 'pos': 'VERB', 'sentence_id': 'emlap_100075_4266', 'token_id': 3021443, 'token_text': 'intricatum'}
 {'char_end': 172, 'char_start': 163, 'lemma': 'contexo', 'pos': 'VERB', 'sentence_id': 'emlap_100075_4266', 'token_id': 3021444, 'token_text': 'contexere'}
 {'char_end': 184, 'char_start': 173, 'lemma': 'labyrinthus', 'pos': 'NOUN', 'sentence_id': 'emlap_100075_4266', 'token_id': 3021445, 'token_text': 'labyrinthum'}
 {'char_end': 185, 'char_start': 184, 'lemma': '.', 'pos': 'PUNCT', 'sentence_id': 'emlap_100075_4266', 'token_id': 3021446, 'token_text': '.'}
 {'char_end': 3, 'char_start': 0, 'lemma': 'non', 'pos': 'PART', 'sentence_id': 'emlap_100075_4267', 'token_id': 3021447, 'token_text': 'Non'}
 {'char_end': 8, 'char_start': 4, 'lemma': 'quod', 'pos': 'SCONJ', 'sentence_id': 'emlap_100075_4267', 'token_id': 3021448, 'token_text': 'quod'}
 {'char_end': 19, 'char_start': 9, 'lemma': 'uarietas', 'pos': 'NOUN', 'sentence_id': 'emlap_100075_4267', 'token_id': 3021449, 'token_text': 'uarietatem'}
 {'char_end': 25, 'char_start': 20, 'lemma': 'res', 'pos': 'NOUN', 'sentence_id': 'emlap_100075_4267', 'token_id': 3021450, 'token_text': 'rerum'}
 {'char_end': 35, 'char_start': 26, 'lemma': 'contemno', 'pos': 'VERB', 'sentence_id': 'emlap_100075_4267', 'token_id': 3021451, 'token_text': 'contemnat'}
 {'char_end': 36, 'char_start': 35, 'lemma': ',', 'pos': 'PUNCT', 'sentence_id': 'emlap_100075_4267', 'token_id': 3021452, 'token_text': ','}
 {'char_end': 41, 'char_start': 37, 'lemma': 'qui', 'pos': 'PRON', 'sentence_id': 'emlap_100075_4267', 'token_id': 3021453, 'token_text': 'quae'}
 {'char_end': 47, 'char_start': 42, 'lemma': 'summus', 'pos': 'ADV', 'sentence_id': 'emlap_100075_4267', 'token_id': 3021454, 'token_text': 'summe'}
 {'char_end': 55, 'char_start': 48, 'lemma': 'propter', 'pos': 'ADP', 'sentence_id': 'emlap_100075_4267', 'token_id': 3021455, 'token_text': 'propter'}]",1581.0,1581.0,1581.0,,,,,3021445,173,184
283,"Paracelsus, Theophrastus von Hohenheim",,emlap_100023,emlap_100023_887,"Nam, & alia mater, quae aqua est, ad quam Philosophia fontium pertinet, & alia mater est terra, ad quam Philosophia crescentium pertinet &c. sic ea cum aliis elementis, & ita ea Uulcanus in maiori & minori mundo cognosci debet, tunc Labyrinthus hic locum non habebit, & genuinum totius Medicinae fundamentum in lucem reduceretur.","& ut colonus arborem securi succidit, in quo semen fuit, istud semen esse desinit, & quo minus in semine est, tanto magis a semine distat, & ut elementa inter se diuiduntur, ita etiam in corpore se diuidunt. | Nam, & alia mater, quae aqua est, ad quam Philosophia fontium pertinet, & alia mater est terra, ad quam Philosophia crescentium pertinet &c. sic ea cum aliis elementis, & ita ea Uulcanus in maiori & minori mundo cognosci debet, tunc Labyrinthus hic locum non habebit, & genuinum totius Medicinae fundamentum in lucem reduceretur. | Quare o Medici rem diligentius perpendite, ne dicatis hoc ex Galeno praeceptis, & e Auicenna collectum esse.",scientific_complexity_metaphorics,"[{'char_end': 3, 'char_start': 0, 'lemma': 'nam', 'pos': 'PART', 'sentence_id': 'emlap_100023_887', 'token_id': 2562385, 'token_text': 'Nam'}
 {'char_end': 4, 'char_start': 3, 'lemma': ',', 'pos': 'PUNCT', 'sentence_id': 'emlap_100023_887', 'token_id': 2562386, 'token_text': ','}
 {'char_end': 6, 'char_start': 5, 'lemma': '&', 'pos': 'PUNCT', 'sentence_id': 'emlap_100023_887', 'token_id': 2562387, 'token_text': '&'}
 {'char_end': 11, 'char_start': 7, 'lemma': 'alius', 'pos': 'DET', 'sentence_id': 'emlap_100023_887', 'token_id': 2562388, 'token_text': 'alia'}
 {'char_end': 17, 'char_start': 12, 'lemma': 'mater', 'pos': 'NOUN', 'sentence_id': 'emlap_100023_887', 'token_id': 2562389, 'token_text': 'mater'}
 {'char_end': 18, 'char_start': 17, 'lemma': ',', 'pos': 'PUNCT', 'sentence_id': 'emlap_100023_887', 'token_id': 2562390, 'token_text': ','}
 {'char_end': 23, 'char_start': 19, 'lemma': 'qui', 'pos': 'PRON', 'sentence_id': 'emlap_100023_887', 'token_id': 2562391, 'token_text': 'quae'}
 {'char_end': 28, 'char_start': 24, 'lemma': 'aqua', 'pos': 'NOUN', 'sentence_id': 'emlap_100023_887', 'token_id': 2562392, 'token_text': 'aqua'}
 {'char_end': 32, 'char_start': 29, 'lemma': 'sum', 'pos': 'AUX', 'sentence_id': 'emlap_100023_887', 'token_id': 2562393, 'token_text': 'est'}
 {'char_end': 33, 'char_start': 32, 'lemma': ',', 'pos': 'PUNCT', 'sentence_id': 'emlap_100023_887', 'token_id': 2562394, 'token_text': ','}
 {'char_end': 36, 'char_start': 34, 'lemma': 'ad', 'pos': 'ADP', 'sentence_id': 'emlap_100023_887', 'token_id': 2562395, 'token_text': 'ad'}
 {'char_end': 41, 'char_start': 37, 'lemma': 'qui', 'pos': 'PRON', 'sentence_id': 'emlap_100023_887', 'token_id': 2562396, 'token_text': 'quam'}
 {'char_end': 53, 'char_start': 42, 'lemma': 'philosophia', 'pos': 'PROPN', 'sentence_id': 'emlap_100023_887', 'token_id': 2562397, 'token_text': 'Philosophia'}
 {'char_end': 61, 'char_start': 54, 'lemma': 'fons', 'pos': 'NOUN', 'sentence_id': 'emlap_100023_887', 'token_id': 2562398, 'token_text': 'fontium'}
 {'char_end': 70, 'char_start': 62, 'lemma': 'pertineo', 'pos': 'VERB', 'sentence_id': 'emlap_100023_887', 'token_id': 2562399, 'token_text': 'pertinet'}
 {'char_end': 71, 'char_start': 70, 'lemma': ',', 'pos': 'PUNCT', 'sentence_id': 'emlap_100023_887', 'token_id': 2562400, 'token_text': ','}
 {'char_end': 73, 'char_start': 72, 'lemma': '&', 'pos': 'PUNCT', 'sentence_id': 'emlap_100023_887', 'token_id': 2562401, 'token_text': '&'}
 {'char_end': 78, 'char_start': 74, 'lemma': 'alius', 'pos': 'DET', 'sentence_id': 'emlap_100023_887', 'token_id': 2562402, 'token_text': 'alia'}
 {'char_end': 84, 'char_start': 79, 'lemma': 'mater', 'pos': 'NOUN', 'sentence_id': 'emlap_100023_887', 'token_id': 2562403, 'token_text': 'mater'}
 {'char_end': 88, 'char_start': 85, 'lemma': 'sum', 'pos': 'AUX', 'sentence_id': 'emlap_100023_887', 'token_id': 2562404, 'token_text': 'est'}
 {'char_end': 94, 'char_start': 89, 'lemma': 'terra', 'pos': 'NOUN', 'sentence_id': 'emlap_100023_887', 'token_id': 2562405, 'token_text': 'terra'}
 {'char_end': 95, 'char_start': 94, 'lemma': ',', 'pos': 'PUNCT', 'sentence_id': 'emlap_100023_887', 'token_id': 2562406, 'token_text': ','}
 {'char_end': 98, 'char_start': 96, 'lemma': 'ad', 'pos': 'ADP', 'sentence_id': 'emlap_100023_887', 'token_id': 2562407, 'token_text': 'ad'}
 {'char_end': 103, 'char_start': 99, 'lemma': 'qui', 'pos': 'PRON', 'sentence_id': 'emlap_100023_887', 'token_id': 2562408, 'token_text': 'quam'}
 {'char_end': 115, 'char_start': 104, 'lemma': 'philosophia', 'pos': 'PROPN', 'sentence_id': 'emlap_100023_887', 'token_id': 2562409, 'token_text': 'Philosophia'}
 {'char_end': 127, 'char_start': 116, 'lemma': 'cresco', 'pos': 'VERB', 'sentence_id': 'emlap_100023_887', 'token_id': 2562410, 'token_text': 'crescentium'}
 {'char_end': 136, 'char_start': 128, 'lemma': 'pertineo', 'pos': 'VERB', 'sentence_id': 'emlap_100023_887', 'token_id': 2562411, 'token_text': 'pertinet'}
 {'char_end': 138, 'char_start': 137, 'lemma': '&', 'pos': 'PUNCT', 'sentence_id': 'emlap_100023_887', 'token_id': 2562412, 'token_text': '&'}
 {'char_end': 140, 'char_start': 138, 'lemma': 'c.', 'pos': 'ADV', 'sentence_id': 'emlap_100023_887', 'token_id': 2562413, 'token_text': 'c.'}
 {'char_end': 144, 'char_start': 141, 'lemma': 'sic', 'pos': 'ADV', 'sentence_id': 'emlap_100023_887', 'token_id': 2562414, 'token_text': 'sic'}
 {'char_end': 147, 'char_start': 145, 'lemma': 'is', 'pos': 'PRON', 'sentence_id': 'emlap_100023_887', 'token_id': 2562415, 'token_text': 'ea'}
 {'char_end': 151, 'char_start': 148, 'lemma': 'cum', 'pos': 'ADP', 'sentence_id': 'emlap_100023_887', 'token_id': 2562416, 'token_text': 'cum'}
 {'char_end': 157, 'char_start': 152, 'lemma': 'alius', 'pos': 'DET', 'sentence_id': 'emlap_100023_887', 'token_id': 2562417, 'token_text': 'aliis'}
 {'char_end': 167, 'char_start': 158, 'lemma': 'elementum', 'pos': 'NOUN', 'sentence_id': 'emlap_100023_887', 'token_id': 2562418, 'token_text': 'elementis'}
 {'char_end': 168, 'char_start': 167, 'lemma': ',', 'pos': 'PUNCT', 'sentence_id': 'emlap_100023_887', 'token_id': 2562419, 'token_text': ','}
 {'char_end': 170, 'char_start': 169, 'lemma': '&', 'pos': 'PUNCT', 'sentence_id': 'emlap_100023_887', 'token_id': 2562420, 'token_text': '&'}
 {'char_end': 174, 'char_start': 171, 'lemma': 'ita', 'pos': 'ADV', 'sentence_id': 'emlap_100023_887', 'token_id': 2562421, 'token_text': 'ita'}
 {'char_end': 177, 'char_start': 175, 'lemma': 'is', 'pos': 'PRON', 'sentence_id': 'emlap_100023_887', 'token_id': 2562422, 'token_text': 'ea'}
 {'char_end': 186, 'char_start': 178, 'lemma': 'Uulcanus', 'pos': 'PROPN', 'sentence_id': 'emlap_100023_887', 'token_id': 2562423, 'token_text': 'Uulcanus'}
 {'char_end': 189, 'char_start': 187, 'lemma': 'in', 'pos': 'ADP', 'sentence_id': 'emlap_100023_887', 'token_id': 2562424, 'token_text': 'in'}
 {'char_end': 196, 'char_start': 190, 'lemma': 'maior', 'pos': 'ADJ', 'sentence_id': 'emlap_100023_887', 'token_id': 2562425, 'token_text': 'maiori'}
 {'char_end': 198, 'char_start': 197, 'lemma': '&', 'pos': 'PUNCT', 'sentence_id': 'emlap_100023_887', 'token_id': 2562426, 'token_text': '&'}
 {'char_end': 205, 'char_start': 199, 'lemma': 'minor', 'pos': 'ADJ', 'sentence_id': 'emlap_100023_887', 'token_id': 2562427, 'token_text': 'minori'}
 {'char_end': 211, 'char_start': 206, 'lemma': 'mundus', 'pos': 'NOUN', 'sentence_id': 'emlap_100023_887', 'token_id': 2562428, 'token_text': 'mundo'}
 {'char_end': 220, 'char_start': 212, 'lemma': 'cognosco', 'pos': 'VERB', 'sentence_id': 'emlap_100023_887', 'token_id': 2562429, 'token_text': 'cognosci'}
 {'char_end': 226, 'char_start': 221, 'lemma': 'debeo', 'pos': 'VERB', 'sentence_id': 'emlap_100023_887', 'token_id': 2562430, 'token_text': 'debet'}
 {'char_end': 227, 'char_start': 226, 'lemma': ',', 'pos': 'PUNCT', 'sentence_id': 'emlap_100023_887', 'token_id': 2562431, 'token_text': ','}
 {'char_end': 232, 'char_start': 228, 'lemma': 'tunc', 'pos': 'ADV', 'sentence_id': 'emlap_100023_887', 'token_id': 2562432, 'token_text': 'tunc'}
 {'char_end': 244, 'char_start': 233, 'lemma': 'labyrinthus', 'pos': 'PROPN', 'sentence_id': 'emlap_100023_887', 'token_id': 2562433, 'token_text': 'Labyrinthus'}
 {'char_end': 248, 'char_start': 245, 'lemma': 'hic', 'pos': 'ADV', 'sentence_id': 'emlap_100023_887', 'token_id': 2562434, 'token_text': 'hic'}
 {'char_end': 254, 'char_start': 249, 'lemma': 'locus', 'pos': 'NOUN', 'sentence_id': 'emlap_100023_887', 'token_id': 2562435, 'token_text': 'locum'}
 {'char_end': 258, 'char_start': 255, 'lemma': 'non', 'pos': 'PART', 'sentence_id': 'emlap_100023_887', 'token_id': 2562436, 'token_text': 'non'}
 {'char_end': 266, 'char_start': 259, 'lemma': 'habeo', 'pos': 'VERB', 'sentence_id': 'emlap_100023_887', 'token_id': 2562437, 'token_text': 'habebit'}
 {'char_end': 267, 'char_start': 266, 'lemma': ',', 'pos': 'PUNCT', 'sentence_id': 'emlap_100023_887', 'token_id': 2562438, 'token_text': ','}
 {'char_end': 269, 'char_start': 268, 'lemma': '&', 'pos': 'PUNCT', 'sentence_id': 'emlap_100023_887', 'token_id': 2562439, 'token_text': '&'}
 {'char_end': 278, 'char_start': 270, 'lemma': 'genuinus', 'pos': 'NOUN', 'sentence_id': 'emlap_100023_887', 'token_id': 2562440, 'token_text': 'genuinum'}
 {'char_end': 285, 'char_start': 279, 'lemma': 'totus', 'pos': 'DET', 'sentence_id': 'emlap_100023_887', 'token_id': 2562441, 'token_text': 'totius'}
 {'char_end': 295, 'char_start': 286, 'lemma': 'Medicinus', 'pos': 'ADJ', 'sentence_id': 'emlap_100023_887', 'token_id': 2562442, 'token_text': 'Medicinae'}
 {'char_end': 307, 'char_start': 296, 'lemma': 'fundamentum', 'pos': 'NOUN', 'sentence_id': 'emlap_100023_887', 'token_id': 2562443, 'token_text': 'fundamentum'}
 {'char_end': 310, 'char_start': 308, 'lemma': 'in', 'pos': 'ADP', 'sentence_id': 'emlap_100023_887', 'token_id': 2562444, 'token_text': 'in'}
 {'char_end': 316, 'char_start': 311, 'lemma': 'lux', 'pos': 'NOUN', 'sentence_id': 'emlap_100023_887', 'token_id': 2562445, 'token_text': 'lucem'}
 {'char_end': 328, 'char_start': 317, 'lemma': 'reduco', 'pos': 'VERB', 'sentence_id': 'emlap_100023_887', 'token_id': 2562446, 'token_text': 'reduceretur'}
 {'char_end': 329, 'char_start': 328, 'lemma': '.', 'pos': 'PUNCT', 'sentence_id': 'emlap_100023_887', 'token_id': 2562447, 'token_text': '.'}]","[{'char_end': 186, 'char_start': 178, 'lemma': 'Uulcanus', 'pos': 'PROPN', 'sentence_id': 'emlap_100023_887', 'token_id': 2562423, 'token_text': 'Uulcanus'}
 {'char_end': 189, 'char_start': 187, 'lemma': 'in', 'pos': 'ADP', 'sentence_id': 'emlap_100023_887', 'token_id': 2562424, 'token_text': 'in'}
 {'char_end': 196, 'char_start': 190, 'lemma': 'maior', 'pos': 'ADJ', 'sentence_id': 'emlap_100023_887', 'token_id': 2562425, 'token_text': 'maiori'}
 {'char_end': 198, 'char_start': 197, 'lemma': '&', 'pos': 'PUNCT', 'sentence_id': 'emlap_100023_887', 'token_id': 2562426, 'token_text': '&'}
 {'char_end': 205, 'char_start': 199, 'lemma': 'minor', 'pos': 'ADJ', 'sentence_id': 'emlap_100023_887', 'token_id': 2562427, 'token_text': 'minori'}
 {'char_end': 211, 'char_start': 206, 'lemma': 'mundus', 'pos': 'NOUN', 'sentence_id': 'emlap_100023_887', 'token_id': 2562428, 'token_text': 'mundo'}
 {'char_end': 220, 'char_start': 212, 'lemma': 'cognosco', 'pos': 'VERB', 'sentence_id': 'emlap_100023_887', 'token_id': 2562429, 'token_text': 'cognosci'}
 {'char_end': 226, 'char_start': 221, 'lemma': 'debeo', 'pos': 'VERB', 'sentence_id': 'emlap_100023_887', 'token_id': 2562430, 'token_text': 'debet'}
 {'char_end': 227, 'char_start': 226, 'lemma': ',', 'pos': 'PUNCT', 'sentence_id': 'emlap_100023_887', 'token_id': 2562431, 'token_text': ','}
 {'char_end': 232, 'char_start': 228, 'lemma': 'tunc', 'pos': 'ADV', 'sentence_id': 'emlap_100023_887', 'token_id': 2562432, 'token_text': 'tunc'}
 {'char_end': 244, 'char_start': 233, 'lemma': 'labyrinthus', 'pos': 'PROPN', 'sentence_id': 'emlap_100023_887', 'token_id': 2562433, 'token_text': 'Labyrinthus'}
 {'char_end': 248, 'char_start': 245, 'lemma': 'hic', 'pos': 'ADV', 'sentence_id': 'emlap_100023_887', 'token_id': 2562434, 'token_text': 'hic'}
 {'char_end': 254, 'char_start': 249, 'lemma': 'locus', 'pos': 'NOUN', 'sentence_id': 'emlap_100023_887', 'token_id': 2562435, 'token_text': 'locum'}
 {'char_end': 258, 'char_start': 255, 'lemma': 'non', 'pos': 'PART', 'sentence_id': 'emlap_100023_887', 'token_id': 2562436, 'token_text': 'non'}
 {'char_end': 266, 'char_start': 259, 'lemma': 'habeo', 'pos': 'VERB', 'sentence_id': 'emlap_100023_887', 'token_id': 2562437, 'token_text': 'habebit'}
 {'char_end': 267, 'char_start': 266, 'lemma': ',', 'pos': 'PUNCT', 'sentence_id': 'emlap_100023_887', 'token_id': 2562438, 'token_text': ','}
 {'char_end': 269, 'char_start': 268, 'lemma': '&', 'pos': 'PUNCT', 'sentence_id': 'emlap_100023_887', 'token_id': 2562439, 'token_text': '&'}
 {'char_end': 278, 'char_start': 270, 'lemma': 'genuinus', 'pos': 'NOUN', 'sentence_id': 'emlap_100023_887', 'token_id': 2562440, 'token_text': 'genuinum'}
 {'char_end': 285, 'char_start': 279, 'lemma': 'totus', 'pos': 'DET', 'sentence_id': 'emlap_100023_887', 'token_id': 2562441, 'token_text': 'totius'}
 {'char_end': 295, 'char_start': 286, 'lemma': 'Medicinus', 'pos': 'ADJ', 'sentence_id': 'emlap_100023_887', 'token_id': 2562442, 'token_text': 'Medicinae'}
 {'char_end': 307, 'char_start': 296, 'lemma': 'fundamentum', 'pos': 'NOUN', 'sentence_id': 'emlap_100023_887', 'token_id': 2562443, 'token_text': 'fundamentum'}]",1553.0,1553.0,1553.0,,,,,2562433,233,244
803,"Gauß, Carl Friedrich",Disquisitiones generales circa superficies curvas,noscemus_835250,noscemus_835250_8201,"Apion cognominatus Plistonices, paulo ante scriptum reliquit, esse etiam nunc in labyrintho Aegypti colosseum Serapin e Smaragdo Marmora Palmyrena Explicita. 89 in descriptione uastationis Tyro a Nabuchodonosare sulurae meminit, sallem cognatae, in locum destructarum substilutae, et ad exemplum antiquiorum concisarum fabricatae cogitari debent.","Nam et hoc genus reperiri, et in Cypro inuentum ex dimidia parte Smaragdum et dimidia Jaspidem, nondum humore in totum transfigurato. | Apion cognominatus Plistonices, paulo ante scriptum reliquit, esse etiam nunc in labyrintho Aegypti colosseum Serapin e Smaragdo Marmora Palmyrena Explicita. 89 in descriptione uastationis Tyro a Nabuchodonosare sulurae meminit, sallem cognatae, in locum destructarum substilutae, et ad exemplum antiquiorum concisarum fabricatae cogitari debent. | Supererat enim adhuc Alexandri tempore Herculis templum Palactyro e), procul dubio post urbem a Nabochodonosare euersam denuo instauratum;",scientific_complexity_metaphorics,"[{'char_end': 5, 'char_start': 0, 'lemma': 'Apion', 'pos': 'PROPN', 'sentence_id': 'noscemus_835250_8201', 'token_id': 70759342, 'token_text': 'Apion'}
 {'char_end': 18, 'char_start': 6, 'lemma': 'cognomino', 'pos': 'VERB', 'sentence_id': 'noscemus_835250_8201', 'token_id': 70759343, 'token_text': 'cognominatus'}
 {'char_end': 30, 'char_start': 19, 'lemma': 'Plistonix', 'pos': 'PROPN', 'sentence_id': 'noscemus_835250_8201', 'token_id': 70759344, 'token_text': 'Plistonices'}
 {'char_end': 31, 'char_start': 30, 'lemma': ',', 'pos': 'PUNCT', 'sentence_id': 'noscemus_835250_8201', 'token_id': 70759345, 'token_text': ','}
 {'char_end': 37, 'char_start': 32, 'lemma': 'paulus', 'pos': 'ADV', 'sentence_id': 'noscemus_835250_8201', 'token_id': 70759346, 'token_text': 'paulo'}
 {'char_end': 42, 'char_start': 38, 'lemma': 'ante', 'pos': 'ADV', 'sentence_id': 'noscemus_835250_8201', 'token_id': 70759347, 'token_text': 'ante'}
 {'char_end': 51, 'char_start': 43, 'lemma': 'scribo', 'pos': 'VERB', 'sentence_id': 'noscemus_835250_8201', 'token_id': 70759348, 'token_text': 'scriptum'}
 {'char_end': 60, 'char_start': 52, 'lemma': 'relinquo', 'pos': 'VERB', 'sentence_id': 'noscemus_835250_8201', 'token_id': 70759349, 'token_text': 'reliquit'}
 {'char_end': 61, 'char_start': 60, 'lemma': ',', 'pos': 'PUNCT', 'sentence_id': 'noscemus_835250_8201', 'token_id': 70759350, 'token_text': ','}
 {'char_end': 66, 'char_start': 62, 'lemma': 'sum', 'pos': 'AUX', 'sentence_id': 'noscemus_835250_8201', 'token_id': 70759351, 'token_text': 'esse'}
 {'char_end': 72, 'char_start': 67, 'lemma': 'etiam', 'pos': 'ADV', 'sentence_id': 'noscemus_835250_8201', 'token_id': 70759352, 'token_text': 'etiam'}
 {'char_end': 77, 'char_start': 73, 'lemma': 'nunc', 'pos': 'ADV', 'sentence_id': 'noscemus_835250_8201', 'token_id': 70759353, 'token_text': 'nunc'}
 {'char_end': 80, 'char_start': 78, 'lemma': 'in', 'pos': 'ADP', 'sentence_id': 'noscemus_835250_8201', 'token_id': 70759354, 'token_text': 'in'}
 {'char_end': 91, 'char_start': 81, 'lemma': 'labyrinthus', 'pos': 'NOUN', 'sentence_id': 'noscemus_835250_8201', 'token_id': 70759355, 'token_text': 'labyrintho'}
 {'char_end': 99, 'char_start': 92, 'lemma': 'Aegyptus', 'pos': 'PROPN', 'sentence_id': 'noscemus_835250_8201', 'token_id': 70759356, 'token_text': 'Aegypti'}
 {'char_end': 109, 'char_start': 100, 'lemma': 'colosseum', 'pos': 'NOUN', 'sentence_id': 'noscemus_835250_8201', 'token_id': 70759357, 'token_text': 'colosseum'}
 {'char_end': 117, 'char_start': 110, 'lemma': 'Serapin', 'pos': 'PROPN', 'sentence_id': 'noscemus_835250_8201', 'token_id': 70759358, 'token_text': 'Serapin'}
 {'char_end': 119, 'char_start': 118, 'lemma': 'ex', 'pos': 'ADP', 'sentence_id': 'noscemus_835250_8201', 'token_id': 70759359, 'token_text': 'e'}
 {'char_end': 128, 'char_start': 120, 'lemma': 'smaragdus', 'pos': 'PROPN', 'sentence_id': 'noscemus_835250_8201', 'token_id': 70759360, 'token_text': 'Smaragdo'}
 {'char_end': 136, 'char_start': 129, 'lemma': 'marmor', 'pos': 'ADP', 'sentence_id': 'noscemus_835250_8201', 'token_id': 70759361, 'token_text': 'Marmora'}
 {'char_end': 146, 'char_start': 137, 'lemma': 'palmyrenus', 'pos': 'PROPN', 'sentence_id': 'noscemus_835250_8201', 'token_id': 70759362, 'token_text': 'Palmyrena'}
 {'char_end': 156, 'char_start': 147, 'lemma': 'explicitus', 'pos': 'PROPN', 'sentence_id': 'noscemus_835250_8201', 'token_id': 70759363, 'token_text': 'Explicita'}
 {'char_end': 157, 'char_start': 156, 'lemma': '.', 'pos': 'PUNCT', 'sentence_id': 'noscemus_835250_8201', 'token_id': 70759364, 'token_text': '.'}
 {'char_end': 160, 'char_start': 158, 'lemma': '89', 'pos': 'NUM', 'sentence_id': 'noscemus_835250_8201', 'token_id': 70759365, 'token_text': '89'}
 {'char_end': 163, 'char_start': 161, 'lemma': 'in', 'pos': 'ADP', 'sentence_id': 'noscemus_835250_8201', 'token_id': 70759366, 'token_text': 'in'}
 {'char_end': 176, 'char_start': 164, 'lemma': 'descriptio', 'pos': 'NOUN', 'sentence_id': 'noscemus_835250_8201', 'token_id': 70759367, 'token_text': 'descriptione'}
 {'char_end': 188, 'char_start': 177, 'lemma': 'uastatio', 'pos': 'NOUN', 'sentence_id': 'noscemus_835250_8201', 'token_id': 70759368, 'token_text': 'uastationis'}
 {'char_end': 193, 'char_start': 189, 'lemma': 'Tyros', 'pos': 'PROPN', 'sentence_id': 'noscemus_835250_8201', 'token_id': 70759369, 'token_text': 'Tyro'}
 {'char_end': 195, 'char_start': 194, 'lemma': 'ab', 'pos': 'ADP', 'sentence_id': 'noscemus_835250_8201', 'token_id': 70759370, 'token_text': 'a'}
 {'char_end': 211, 'char_start': 196, 'lemma': 'Nabuchodonosares', 'pos': 'PROPN', 'sentence_id': 'noscemus_835250_8201', 'token_id': 70759371, 'token_text': 'Nabuchodonosare'}
 {'char_end': 219, 'char_start': 212, 'lemma': 'sulura', 'pos': 'NOUN', 'sentence_id': 'noscemus_835250_8201', 'token_id': 70759372, 'token_text': 'sulurae'}
 {'char_end': 227, 'char_start': 220, 'lemma': 'memini', 'pos': 'VERB', 'sentence_id': 'noscemus_835250_8201', 'token_id': 70759373, 'token_text': 'meminit'}
 {'char_end': 228, 'char_start': 227, 'lemma': ',', 'pos': 'PUNCT', 'sentence_id': 'noscemus_835250_8201', 'token_id': 70759374, 'token_text': ','}
 {'char_end': 235, 'char_start': 229, 'lemma': 'sallis', 'pos': 'NOUN', 'sentence_id': 'noscemus_835250_8201', 'token_id': 70759375, 'token_text': 'sallem'}
 {'char_end': 244, 'char_start': 236, 'lemma': 'cogno', 'pos': 'VERB', 'sentence_id': 'noscemus_835250_8201', 'token_id': 70759376, 'token_text': 'cognatae'}
 {'char_end': 245, 'char_start': 244, 'lemma': ',', 'pos': 'PUNCT', 'sentence_id': 'noscemus_835250_8201', 'token_id': 70759377, 'token_text': ','}
 {'char_end': 248, 'char_start': 246, 'lemma': 'in', 'pos': 'ADP', 'sentence_id': 'noscemus_835250_8201', 'token_id': 70759378, 'token_text': 'in'}
 {'char_end': 254, 'char_start': 249, 'lemma': 'locus', 'pos': 'NOUN', 'sentence_id': 'noscemus_835250_8201', 'token_id': 70759379, 'token_text': 'locum'}
 {'char_end': 267, 'char_start': 255, 'lemma': 'destruo', 'pos': 'VERB', 'sentence_id': 'noscemus_835250_8201', 'token_id': 70759380, 'token_text': 'destructarum'}
 {'char_end': 279, 'char_start': 268, 'lemma': '', 'pos': 'VERB', 'sentence_id': 'noscemus_835250_8201', 'token_id': 70759381, 'token_text': 'substilutae'}
 {'char_end': 280, 'char_start': 279, 'lemma': ',', 'pos': 'PUNCT', 'sentence_id': 'noscemus_835250_8201', 'token_id': 70759382, 'token_text': ','}
 {'char_end': 283, 'char_start': 281, 'lemma': 'et', 'pos': 'CCONJ', 'sentence_id': 'noscemus_835250_8201', 'token_id': 70759383, 'token_text': 'et'}
 {'char_end': 286, 'char_start': 284, 'lemma': 'ad', 'pos': 'ADP', 'sentence_id': 'noscemus_835250_8201', 'token_id': 70759384, 'token_text': 'ad'}
 {'char_end': 295, 'char_start': 287, 'lemma': 'exemplum', 'pos': 'NOUN', 'sentence_id': 'noscemus_835250_8201', 'token_id': 70759385, 'token_text': 'exemplum'}
 {'char_end': 307, 'char_start': 296, 'lemma': 'antiquior', 'pos': 'VERB', 'sentence_id': 'noscemus_835250_8201', 'token_id': 70759386, 'token_text': 'antiquiorum'}
 {'char_end': 318, 'char_start': 308, 'lemma': 'concido', 'pos': 'ADJ', 'sentence_id': 'noscemus_835250_8201', 'token_id': 70759387, 'token_text': 'concisarum'}
 {'char_end': 329, 'char_start': 319, 'lemma': 'fabrico', 'pos': 'VERB', 'sentence_id': 'noscemus_835250_8201', 'token_id': 70759388, 'token_text': 'fabricatae'}
 {'char_end': 338, 'char_start': 330, 'lemma': 'cogito', 'pos': 'VERB', 'sentence_id': 'noscemus_835250_8201', 'token_id': 70759389, 'token_text': 'cogitari'}
 {'char_end': 345, 'char_start': 339, 'lemma': 'debeo', 'pos': 'VERB', 'sentence_id': 'noscemus_835250_8201', 'token_id': 70759390, 'token_text': 'debent'}
 {'char_end': 346, 'char_start': 345, 'lemma': '.', 'pos': 'PUNCT', 'sentence_id': 'noscemus_835250_8201', 'token_id': 70759391, 'token_text': '.'}]","[{'char_end': 31, 'char_start': 30, 'lemma': ',', 'pos': 'PUNCT', 'sentence_id': 'noscemus_835250_8201', 'token_id': 70759345, 'token_text': ','}
 {'char_end': 37, 'char_start': 32, 'lemma': 'paulus', 'pos': 'ADV', 'sentence_id': 'noscemus_835250_8201', 'token_id': 70759346, 'token_text': 'paulo'}
 {'char_end': 42, 'char_start': 38, 'lemma': 'ante', 'pos': 'ADV', 'sentence_id': 'noscemus_835250_8201', 'token_id': 70759347, 'token_text': 'ante'}
 {'char_end': 51, 'char_start': 43, 'lemma': 'scribo', 'pos': 'VERB', 'sentence_id': 'noscemus_835250_8201', 'token_id': 70759348, 'token_text': 'scriptum'}
 {'char_end': 60, 'char_start': 52, 'lemma': 'relinquo', 'pos': 'VERB', 'sentence_id': 'noscemus_835250_8201', 'token_id': 70759349, 'token_text': 'reliquit'}
 {'char_end': 61, 'char_start': 60, 'lemma': ',', 'pos': 'PUNCT', 'sentence_id': 'noscemus_835250_8201', 'token_id': 70759350, 'token_text': ','}
 {'char_end': 66, 'char_start': 62, 'lemma': 'sum', 'pos': 'AUX', 'sentence_id': 'noscemus_835250_8201', 'token_id': 70759351, 'token_text': 'esse'}
 {'char_end': 72, 'char_start': 67, 'lemma': 'etiam', 'pos': 'ADV', 'sentence_id': 'noscemus_835250_8201', 'token_id': 70759352, 'token_text': 'etiam'}
 {'char_end': 77, 'char_start': 73, 'lemma': 'nunc', 'pos': 'ADV', 'sentence_id': 'noscemus_835250_8201', 'token_id': 70759353, 'token_text': 'nunc'}
 {'char_end': 80, 'char_start': 78, 'lemma': 'in', 'pos': 'ADP', 'sentence_id': 'noscemus_835250_8201', 'token_id': 70759354, 'token_text': 'in'}
 {'char_end': 91, 'char_start': 81, 'lemma': 'labyrinthus', 'pos': 'NOUN', 'sentence_id': 'noscemus_835250_8201', 'token_id': 70759355, 'token_text': 'labyrintho'}
 {'char_end': 99, 'char_start': 92, 'lemma': 'Aegyptus', 'pos': 'PROPN', 'sentence_id': 'noscemus_835250_8201', 'token_id': 70759356, 'token_text': 'Aegypti'}
 {'char_end': 109, 'char_start': 100, 'lemma': 'colosseum', 'pos': 'NOUN', 'sentence_id': 'noscemus_835250_8201', 'token_id': 70759357, 'token_text': 'colosseum'}
 {'char_end': 117, 'char_start': 110, 'lemma': 'Serapin', 'pos': 'PROPN', 'sentence_id': 'noscemus_835250_8201', 'token_id': 70759358, 'token_text': 'Serapin'}
 {'char_end': 119, 'char_start': 118, 'lemma': 'ex', 'pos': 'ADP', 'sentence_id': 'noscemus_835250_8201', 'token_id': 70759359, 'token_text': 'e'}
 {'char_end': 128, 'char_start': 120, 'lemma': 'smaragdus', 'pos': 'PROPN', 'sentence_id': 'noscemus_835250_8201', 'token_id': 70759360, 'token_text': 'Smaragdo'}
 {'char_end': 136, 'char_start': 129, 'lemma': 'marmor', 'pos': 'ADP', 'sentence_id': 'noscemus_835250_8201', 'token_id': 70759361, 'token_text': 'Marmora'}
 {'char_end': 146, 'char_start': 137, 'lemma': 'palmyrenus', 'pos': 'PROPN', 'sentence_id': 'noscemus_835250_8201', 'token_id': 70759362, 'token_text': 'Palmyrena'}
 {'char_end': 156, 'char_start': 147, 'lemma': 'explicitus', 'pos': 'PROPN', 'sentence_id': 'noscemus_835250_8201', 'token_id': 70759363, 'token_text': 'Explicita'}
 {'char_end': 157, 'char_start': 156, 'lemma': '.', 'pos': 'PUNCT', 'sentence_id': 'noscemus_835250_8201', 'token_id': 70759364, 'token_text': '.'}
 {'char_end': 160, 'char_start': 158, 'lemma': '89', 'pos': 'NUM', 'sentence_id': 'noscemus_835250_8201', 'token_id': 70759365, 'token_text': '89'}]",1827.0,1827.0,1827.0,,,"Monograph, Journal Paper",Mathematics,70759355,81,91
725,"Galenus,Ingrassia, Giovanni Filippo","In Galeni librum de ossibus doctissima et expectatissima commentaria, nunc primum sedulo in lucem edita et apte naturam imitantibus iconibus insignata, quibus est appositus Graecus Galeni contextus una cum nova et fideli eiusdem Ingrassiae in Latinum versione",noscemus_770140,noscemus_770140_584,"per quod nihilominus foramen in effatu dignam quandam cauernam, labyrinthumque a nonnullis non temere nuncupatum, ingressus fit, indeque ad plures alios sibi inuicem respondentes anfractus, ac gyros cochleam radicis chartilaginee auricule instar (philosopho etiam docente) .n.","ut nisi aliquo modo moueatur, in foramen illud ingredi nihil queat: | per quod nihilominus foramen in effatu dignam quandam cauernam, labyrinthumque a nonnullis non temere nuncupatum, ingressus fit, indeque ad plures alios sibi inuicem respondentes anfractus, ac gyros cochleam radicis chartilaginee auricule instar (philosopho etiam docente) .n. | representantes.",technical_literal,"[{'char_end': 3, 'char_start': 0, 'lemma': 'per', 'pos': 'ADP', 'sentence_id': 'noscemus_770140_584', 'token_id': 24746592, 'token_text': 'per'}
 {'char_end': 8, 'char_start': 4, 'lemma': 'qui', 'pos': 'PRON', 'sentence_id': 'noscemus_770140_584', 'token_id': 24746593, 'token_text': 'quod'}
 {'char_end': 20, 'char_start': 9, 'lemma': 'nihilominus', 'pos': 'ADV', 'sentence_id': 'noscemus_770140_584', 'token_id': 24746594, 'token_text': 'nihilominus'}
 {'char_end': 28, 'char_start': 21, 'lemma': 'foramen', 'pos': 'NOUN', 'sentence_id': 'noscemus_770140_584', 'token_id': 24746595, 'token_text': 'foramen'}
 {'char_end': 31, 'char_start': 29, 'lemma': 'in', 'pos': 'ADP', 'sentence_id': 'noscemus_770140_584', 'token_id': 24746596, 'token_text': 'in'}
 {'char_end': 38, 'char_start': 32, 'lemma': 'effor', 'pos': 'NOUN', 'sentence_id': 'noscemus_770140_584', 'token_id': 24746597, 'token_text': 'effatu'}
 {'char_end': 45, 'char_start': 39, 'lemma': 'dignus', 'pos': 'ADJ', 'sentence_id': 'noscemus_770140_584', 'token_id': 24746598, 'token_text': 'dignam'}
 {'char_end': 53, 'char_start': 46, 'lemma': 'quidam', 'pos': 'DET', 'sentence_id': 'noscemus_770140_584', 'token_id': 24746599, 'token_text': 'quandam'}
 {'char_end': 62, 'char_start': 54, 'lemma': 'cauerna', 'pos': 'NOUN', 'sentence_id': 'noscemus_770140_584', 'token_id': 24746600, 'token_text': 'cauernam'}
 {'char_end': 63, 'char_start': 62, 'lemma': ',', 'pos': 'PUNCT', 'sentence_id': 'noscemus_770140_584', 'token_id': 24746601, 'token_text': ','}
 {'char_end': 75, 'char_start': 64, 'lemma': 'labyrinthus', 'pos': 'NOUN', 'sentence_id': 'noscemus_770140_584', 'token_id': 24746602, 'token_text': 'labyrinthum'}
 {'char_end': 78, 'char_start': 75, 'lemma': 'que', 'pos': 'CCONJ', 'sentence_id': 'noscemus_770140_584', 'token_id': 24746603, 'token_text': 'que'}
 {'char_end': 80, 'char_start': 79, 'lemma': 'ab', 'pos': 'ADP', 'sentence_id': 'noscemus_770140_584', 'token_id': 24746604, 'token_text': 'a'}
 {'char_end': 90, 'char_start': 81, 'lemma': 'nonnullus', 'pos': 'DET', 'sentence_id': 'noscemus_770140_584', 'token_id': 24746605, 'token_text': 'nonnullis'}
 {'char_end': 94, 'char_start': 91, 'lemma': 'non', 'pos': 'PART', 'sentence_id': 'noscemus_770140_584', 'token_id': 24746606, 'token_text': 'non'}
 {'char_end': 101, 'char_start': 95, 'lemma': 'temere', 'pos': 'ADV', 'sentence_id': 'noscemus_770140_584', 'token_id': 24746607, 'token_text': 'temere'}
 {'char_end': 112, 'char_start': 102, 'lemma': 'nuncupao', 'pos': 'VERB', 'sentence_id': 'noscemus_770140_584', 'token_id': 24746608, 'token_text': 'nuncupatum'}
 {'char_end': 113, 'char_start': 112, 'lemma': ',', 'pos': 'PUNCT', 'sentence_id': 'noscemus_770140_584', 'token_id': 24746609, 'token_text': ','}
 {'char_end': 123, 'char_start': 114, 'lemma': 'ingressus', 'pos': 'VERB', 'sentence_id': 'noscemus_770140_584', 'token_id': 24746610, 'token_text': 'ingressus'}
 {'char_end': 127, 'char_start': 124, 'lemma': 'fio', 'pos': 'VERB', 'sentence_id': 'noscemus_770140_584', 'token_id': 24746611, 'token_text': 'fit'}
 {'char_end': 128, 'char_start': 127, 'lemma': ',', 'pos': 'PUNCT', 'sentence_id': 'noscemus_770140_584', 'token_id': 24746612, 'token_text': ','}
 {'char_end': 133, 'char_start': 129, 'lemma': 'inde', 'pos': 'ADV', 'sentence_id': 'noscemus_770140_584', 'token_id': 24746613, 'token_text': 'inde'}
 {'char_end': 136, 'char_start': 133, 'lemma': 'que', 'pos': 'CCONJ', 'sentence_id': 'noscemus_770140_584', 'token_id': 24746614, 'token_text': 'que'}
 {'char_end': 139, 'char_start': 137, 'lemma': 'ad', 'pos': 'ADP', 'sentence_id': 'noscemus_770140_584', 'token_id': 24746615, 'token_text': 'ad'}
 {'char_end': 146, 'char_start': 140, 'lemma': 'plus', 'pos': 'DET', 'sentence_id': 'noscemus_770140_584', 'token_id': 24746616, 'token_text': 'plures'}
 {'char_end': 152, 'char_start': 147, 'lemma': 'alius', 'pos': 'DET', 'sentence_id': 'noscemus_770140_584', 'token_id': 24746617, 'token_text': 'alios'}
 {'char_end': 157, 'char_start': 153, 'lemma': 'sui', 'pos': 'PRON', 'sentence_id': 'noscemus_770140_584', 'token_id': 24746618, 'token_text': 'sibi'}
 {'char_end': 165, 'char_start': 158, 'lemma': 'inuicem', 'pos': 'PRON', 'sentence_id': 'noscemus_770140_584', 'token_id': 24746619, 'token_text': 'inuicem'}
 {'char_end': 178, 'char_start': 166, 'lemma': 'respondeo', 'pos': 'VERB', 'sentence_id': 'noscemus_770140_584', 'token_id': 24746620, 'token_text': 'respondentes'}
 {'char_end': 188, 'char_start': 179, 'lemma': 'anfractus', 'pos': 'NOUN', 'sentence_id': 'noscemus_770140_584', 'token_id': 24746621, 'token_text': 'anfractus'}
 {'char_end': 189, 'char_start': 188, 'lemma': ',', 'pos': 'PUNCT', 'sentence_id': 'noscemus_770140_584', 'token_id': 24746622, 'token_text': ','}
 {'char_end': 192, 'char_start': 190, 'lemma': 'atque', 'pos': 'CCONJ', 'sentence_id': 'noscemus_770140_584', 'token_id': 24746623, 'token_text': 'ac'}
 {'char_end': 198, 'char_start': 193, 'lemma': 'gyrus', 'pos': 'NOUN', 'sentence_id': 'noscemus_770140_584', 'token_id': 24746624, 'token_text': 'gyros'}
 {'char_end': 207, 'char_start': 199, 'lemma': 'cochlea', 'pos': 'ADJ', 'sentence_id': 'noscemus_770140_584', 'token_id': 24746625, 'token_text': 'cochleam'}
 {'char_end': 215, 'char_start': 208, 'lemma': 'radix', 'pos': 'NOUN', 'sentence_id': 'noscemus_770140_584', 'token_id': 24746626, 'token_text': 'radicis'}
 {'char_end': 229, 'char_start': 216, 'lemma': '', 'pos': 'NOUN', 'sentence_id': 'noscemus_770140_584', 'token_id': 24746627, 'token_text': 'chartilaginee'}
 {'char_end': 238, 'char_start': 230, 'lemma': 'auricula', 'pos': 'ADJ', 'sentence_id': 'noscemus_770140_584', 'token_id': 24746628, 'token_text': 'auricule'}
 {'char_end': 245, 'char_start': 239, 'lemma': 'instar', 'pos': 'NOUN', 'sentence_id': 'noscemus_770140_584', 'token_id': 24746629, 'token_text': 'instar'}
 {'char_end': 247, 'char_start': 246, 'lemma': '(', 'pos': 'PUNCT', 'sentence_id': 'noscemus_770140_584', 'token_id': 24746630, 'token_text': '('}
 {'char_end': 257, 'char_start': 247, 'lemma': 'philosophus', 'pos': 'NOUN', 'sentence_id': 'noscemus_770140_584', 'token_id': 24746631, 'token_text': 'philosopho'}
 {'char_end': 263, 'char_start': 258, 'lemma': 'etiam', 'pos': 'ADV', 'sentence_id': 'noscemus_770140_584', 'token_id': 24746632, 'token_text': 'etiam'}
 {'char_end': 271, 'char_start': 264, 'lemma': 'doceo', 'pos': 'VERB', 'sentence_id': 'noscemus_770140_584', 'token_id': 24746633, 'token_text': 'docente'}
 {'char_end': 272, 'char_start': 271, 'lemma': ')', 'pos': 'PUNCT', 'sentence_id': 'noscemus_770140_584', 'token_id': 24746634, 'token_text': ')'}
 {'char_end': 275, 'char_start': 273, 'lemma': '.no', 'pos': 'VERB', 'sentence_id': 'noscemus_770140_584', 'token_id': 24746635, 'token_text': '.n'}
 {'char_end': 276, 'char_start': 275, 'lemma': '.', 'pos': 'PUNCT', 'sentence_id': 'noscemus_770140_584', 'token_id': 24746636, 'token_text': '.'}]","[{'char_end': 3, 'char_start': 0, 'lemma': 'per', 'pos': 'ADP', 'sentence_id': 'noscemus_770140_584', 'token_id': 24746592, 'token_text': 'per'}
 {'char_end': 8, 'char_start': 4, 'lemma': 'qui', 'pos': 'PRON', 'sentence_id': 'noscemus_770140_584', 'token_id': 24746593, 'token_text': 'quod'}
 {'char_end': 20, 'char_start': 9, 'lemma': 'nihilominus', 'pos': 'ADV', 'sentence_id': 'noscemus_770140_584', 'token_id': 24746594, 'token_text': 'nihilominus'}
 {'char_end': 28, 'char_start': 21, 'lemma': 'foramen', 'pos': 'NOUN', 'sentence_id': 'noscemus_770140_584', 'token_id': 24746595, 'token_text': 'foramen'}
 {'char_end': 31, 'char_start': 29, 'lemma': 'in', 'pos': 'ADP', 'sentence_id': 'noscemus_770140_584', 'token_id': 24746596, 'token_text': 'in'}
 {'char_end': 38, 'char_start': 32, 'lemma': 'effor', 'pos': 'NOUN', 'sentence_id': 'noscemus_770140_584', 'token_id': 24746597, 'token_text': 'effatu'}
 {'char_end': 45, 'char_start': 39, 'lemma': 'dignus', 'pos': 'ADJ', 'sentence_id': 'noscemus_770140_584', 'token_id': 24746598, 'token_text': 'dignam'}
 {'char_end': 53, 'char_start': 46, 'lemma': 'quidam', 'pos': 'DET', 'sentence_id': 'noscemus_770140_584', 'token_id': 24746599, 'token_text': 'quandam'}
 {'char_end': 62, 'char_start': 54, 'lemma': 'cauerna', 'pos': 'NOUN', 'sentence_id': 'noscemus_770140_584', 'token_id': 24746600, 'token_text': 'cauernam'}
 {'char_end': 63, 'char_start': 62, 'lemma': ',', 'pos': 'PUNCT', 'sentence_id': 'noscemus_770140_584', 'token_id': 24746601, 'token_text': ','}
 {'char_end': 75, 'char_start': 64, 'lemma': 'labyrinthus', 'pos': 'NOUN', 'sentence_id': 'noscemus_770140_584', 'token_id': 24746602, 'token_text': 'labyrinthum'}
 {'char_end': 78, 'char_start': 75, 'lemma': 'que', 'pos': 'CCONJ', 'sentence_id': 'noscemus_770140_584', 'token_id': 24746603, 'token_text': 'que'}
 {'char_end': 80, 'char_start': 79, 'lemma': 'ab', 'pos': 'ADP', 'sentence_id': 'noscemus_770140_584', 'token_id': 24746604, 'token_text': 'a'}
 {'char_end': 90, 'char_start': 81, 'lemma': 'nonnullus', 'pos': 'DET', 'sentence_id': 'noscemus_770140_584', 'token_id': 24746605, 'token_text': 'nonnullis'}
 {'char_end': 94, 'char_start': 91, 'lemma': 'non', 'pos': 'PART', 'sentence_id': 'noscemus_770140_584', 'token_id': 24746606, 'token_text': 'non'}
 {'char_end': 101, 'char_start': 95, 'lemma': 'temere', 'pos': 'ADV', 'sentence_id': 'noscemus_770140_584', 'token_id': 24746607, 'token_text': 'temere'}
 {'char_end': 112, 'char_start': 102, 'lemma': 'nuncupao', 'pos': 'VERB', 'sentence_id': 'noscemus_770140_584', 'token_id': 24746608, 'token_text': 'nuncupatum'}
 {'char_end': 113, 'char_start': 112, 'lemma': ',', 'pos': 'PUNCT', 'sentence_id': 'noscemus_770140_584', 'token_id': 24746609, 'token_text': ','}
 {'char_end': 123, 'char_start': 114, 'lemma': 'ingressus', 'pos': 'VERB', 'sentence_id': 'noscemus_770140_584', 'token_id': 24746610, 'token_text': 'ingressus'}
 {'char_end': 127, 'char_start': 124, 'lemma': 'fio', 'pos': 'VERB', 'sentence_id': 'noscemus_770140_584', 'token_id': 24746611, 'token_text': 'fit'}
 {'char_end': 128, 'char_start': 127, 'lemma': ',', 'pos': 'PUNCT', 'sentence_id': 'noscemus_770140_584', 'token_id': 24746612, 'token_text': ','}]",1546.0,1603.0,1583.0,,,"Commentary, Translation",Medicine,24746602,64,75
278,"Paracelsus, Theophrastus von Hohenheim",,emlap_100023,emlap_100023_57,"Qui enim ingressus est labyrinthum, monoculus uel plane caecus ingressus est:","Si autem uersantes in labyrintho caeci sunt, erunt procul dubio & studia eorum caeca, erit institutio, doctrina, speculatio, sapientia, praxis, ac omnis denique operatio caeca. | Qui enim ingressus est labyrinthum, monoculus uel plane caecus ingressus est: | qui autem nec per se uidet, nec alio uiam monstrante, pergit, necesse est eum totum errare & obcaecatum esse.",confusion_metaphorics,"[{'char_end': 3, 'char_start': 0, 'lemma': 'qui', 'pos': 'PRON', 'sentence_id': 'emlap_100023_57', 'token_id': 2540985, 'token_text': 'Qui'}
 {'char_end': 8, 'char_start': 4, 'lemma': 'enim', 'pos': 'PART', 'sentence_id': 'emlap_100023_57', 'token_id': 2540986, 'token_text': 'enim'}
 {'char_end': 18, 'char_start': 9, 'lemma': 'ingressus', 'pos': 'VERB', 'sentence_id': 'emlap_100023_57', 'token_id': 2540987, 'token_text': 'ingressus'}
 {'char_end': 22, 'char_start': 19, 'lemma': 'sum', 'pos': 'AUX', 'sentence_id': 'emlap_100023_57', 'token_id': 2540988, 'token_text': 'est'}
 {'char_end': 34, 'char_start': 23, 'lemma': 'labyrinthus', 'pos': 'NOUN', 'sentence_id': 'emlap_100023_57', 'token_id': 2540989, 'token_text': 'labyrinthum'}
 {'char_end': 35, 'char_start': 34, 'lemma': ',', 'pos': 'PUNCT', 'sentence_id': 'emlap_100023_57', 'token_id': 2540990, 'token_text': ','}
 {'char_end': 45, 'char_start': 36, 'lemma': 'monoculus', 'pos': 'NOUN', 'sentence_id': 'emlap_100023_57', 'token_id': 2540991, 'token_text': 'monoculus'}
 {'char_end': 49, 'char_start': 46, 'lemma': 'uel', 'pos': 'CCONJ', 'sentence_id': 'emlap_100023_57', 'token_id': 2540992, 'token_text': 'uel'}
 {'char_end': 55, 'char_start': 50, 'lemma': 'plane', 'pos': 'ADV', 'sentence_id': 'emlap_100023_57', 'token_id': 2540993, 'token_text': 'plane'}
 {'char_end': 62, 'char_start': 56, 'lemma': 'caecus', 'pos': 'ADJ', 'sentence_id': 'emlap_100023_57', 'token_id': 2540994, 'token_text': 'caecus'}
 {'char_end': 72, 'char_start': 63, 'lemma': 'ingressus', 'pos': 'VERB', 'sentence_id': 'emlap_100023_57', 'token_id': 2540995, 'token_text': 'ingressus'}
 {'char_end': 76, 'char_start': 73, 'lemma': 'sum', 'pos': 'AUX', 'sentence_id': 'emlap_100023_57', 'token_id': 2540996, 'token_text': 'est'}
 {'char_end': 77, 'char_start': 76, 'lemma': ':', 'pos': 'PUNCT', 'sentence_id': 'emlap_100023_57', 'token_id': 2540997, 'token_text': ':'}]","[{'char_end': 146, 'char_start': 144, 'lemma': 'atque', 'pos': 'CCONJ', 'sentence_id': 'emlap_100023_56', 'token_id': 2540979, 'token_text': 'ac'}
 {'char_end': 152, 'char_start': 147, 'lemma': 'omnis', 'pos': 'DET', 'sentence_id': 'emlap_100023_56', 'token_id': 2540980, 'token_text': 'omnis'}
 {'char_end': 160, 'char_start': 153, 'lemma': 'denique', 'pos': 'ADV', 'sentence_id': 'emlap_100023_56', 'token_id': 2540981, 'token_text': 'denique'}
 {'char_end': 169, 'char_start': 161, 'lemma': 'operatio', 'pos': 'NOUN', 'sentence_id': 'emlap_100023_56', 'token_id': 2540982, 'token_text': 'operatio'}
 {'char_end': 175, 'char_start': 170, 'lemma': 'caecus', 'pos': 'ADJ', 'sentence_id': 'emlap_100023_56', 'token_id': 2540983, 'token_text': 'caeca'}
 {'char_end': 176, 'char_start': 175, 'lemma': '.', 'pos': 'PUNCT', 'sentence_id': 'emlap_100023_56', 'token_id': 2540984, 'token_text': '.'}
 {'char_end': 3, 'char_start': 0, 'lemma': 'qui', 'pos': 'PRON', 'sentence_id': 'emlap_100023_57', 'token_id': 2540985, 'token_text': 'Qui'}
 {'char_end': 8, 'char_start': 4, 'lemma': 'enim', 'pos': 'PART', 'sentence_id': 'emlap_100023_57', 'token_id': 2540986, 'token_text': 'enim'}
 {'char_end': 18, 'char_start': 9, 'lemma': 'ingressus', 'pos': 'VERB', 'sentence_id': 'emlap_100023_57', 'token_id': 2540987, 'token_text': 'ingressus'}
 {'char_end': 22, 'char_start': 19, 'lemma': 'sum', 'pos': 'AUX', 'sentence_id': 'emlap_100023_57', 'token_id': 2540988, 'token_text': 'est'}
 {'char_end': 34, 'char_start': 23, 'lemma': 'labyrinthus', 'pos': 'NOUN', 'sentence_id': 'emlap_100023_57', 'token_id': 2540989, 'token_text': 'labyrinthum'}
 {'char_end': 35, 'char_start': 34, 'lemma': ',', 'pos': 'PUNCT', 'sentence_id': 'emlap_100023_57', 'token_id': 2540990, 'token_text': ','}
 {'char_end': 45, 'char_start': 36, 'lemma': 'monoculus', 'pos': 'NOUN', 'sentence_id': 'emlap_100023_57', 'token_id': 2540991, 'token_text': 'monoculus'}
 {'char_end': 49, 'char_start': 46, 'lemma': 'uel', 'pos': 'CCONJ', 'sentence_id': 'emlap_100023_57', 'token_id': 2540992, 'token_text': 'uel'}
 {'char_end': 55, 'char_start': 50, 'lemma': 'plane', 'pos': 'ADV', 'sentence_id': 'emlap_100023_57', 'token_id': 2540993, 'token_text': 'plane'}
 {'char_end': 62, 'char_start': 56, 'lemma': 'caecus', 'pos': 'ADJ', 'sentence_id': 'emlap_100023_57', 'token_id': 2540994, 'token_text': 'caecus'}
 {'char_end': 72, 'char_start': 63, 'lemma': 'ingressus', 'pos': 'VERB', 'sentence_id': 'emlap_100023_57', 'token_id': 2540995, 'token_text': 'ingressus'}
 {'char_end': 76, 'char_start': 73, 'lemma': 'sum', 'pos': 'AUX', 'sentence_id': 'emlap_100023_57', 'token_id': 2540996, 'token_text': 'est'}
 {'char_end': 77, 'char_start': 76, 'lemma': ':', 'pos': 'PUNCT', 'sentence_id': 'emlap_100023_57', 'token_id': 2540997, 'token_text': ':'}
 {'char_end': 3, 'char_start': 0, 'lemma': 'qui', 'pos': 'PRON', 'sentence_id': 'emlap_100023_58', 'token_id': 2540998, 'token_text': 'qui'}
 {'char_end': 9, 'char_start': 4, 'lemma': 'autem', 'pos': 'PART', 'sentence_id': 'emlap_100023_58', 'token_id': 2540999, 'token_text': 'autem'}]",1553.0,1553.0,1553.0,,,,,2540989,23,34
604,"Kircher, Athanasius","Mundus subterraneus, in XII libros digestus, quo divinum subterrestris mundi opificium, mira ergasteriorum naturae in eo distributio, verbo παντάμορφον Protei regnum, universae denique Naturae maiestas et divitiae summa rerum varietate exponuntur, abditorum effectuum causae acri indagine inquisitae demonstrantur, cognitae per Artis et Naturae coniugium ad humanae vitae necessarium usum vario experimentorum apparatu necnon novo modo et ratione applicantur. Tomus I, ad Alexandrum VII., pontificem optimum maximumAthanasii Kircherii e Societate Jesu Mundi subterranei tomus IIus, in V libros digestus, quibus mundi subterranei fructus exponuntur et quidquid tandem rarum,insolitum et portentosum in fecundo Naturae utero continetur, ante oculos ponitur curiosi lectoris",noscemus_732034,noscemus_732034_10937,"In multis aliis, Opera Dei luce inaccessa cirlium coelestiumque causas refugerit, is pari sese labyrintho exponet:","Si quis uero ad supernaturatum Diuina nobis Benignitas largita fuit; | In multis aliis, Opera Dei luce inaccessa cirlium coelestiumque causas refugerit, is pari sese labyrintho exponet: | Cum noster intelcundata mirari tantum potius, quam curiolectus non secus ac ad Solis lumen noctua sesius ea indagare magis consentaneum esse exse habeat.",confusion_metaphorics,"[{'char_end': 2, 'char_start': 0, 'lemma': 'in', 'pos': 'ADP', 'sentence_id': 'noscemus_732034_10937', 'token_id': 131635425, 'token_text': 'In'}
 {'char_end': 9, 'char_start': 3, 'lemma': 'multus', 'pos': 'DET', 'sentence_id': 'noscemus_732034_10937', 'token_id': 131635426, 'token_text': 'multis'}
 {'char_end': 15, 'char_start': 10, 'lemma': 'alius', 'pos': 'DET', 'sentence_id': 'noscemus_732034_10937', 'token_id': 131635427, 'token_text': 'aliis'}
 {'char_end': 16, 'char_start': 15, 'lemma': ',', 'pos': 'PUNCT', 'sentence_id': 'noscemus_732034_10937', 'token_id': 131635428, 'token_text': ','}
 {'char_end': 22, 'char_start': 17, 'lemma': 'Opus', 'pos': 'NOUN', 'sentence_id': 'noscemus_732034_10937', 'token_id': 131635429, 'token_text': 'Opera'}
 {'char_end': 26, 'char_start': 23, 'lemma': 'Deus', 'pos': 'PROPN', 'sentence_id': 'noscemus_732034_10937', 'token_id': 131635430, 'token_text': 'Dei'}
 {'char_end': 31, 'char_start': 27, 'lemma': 'lux', 'pos': 'NOUN', 'sentence_id': 'noscemus_732034_10937', 'token_id': 131635431, 'token_text': 'luce'}
 {'char_end': 41, 'char_start': 32, 'lemma': 'inaccessus', 'pos': 'VERB', 'sentence_id': 'noscemus_732034_10937', 'token_id': 131635432, 'token_text': 'inaccessa'}
 {'char_end': 49, 'char_start': 42, 'lemma': 'cirlis', 'pos': 'ADJ', 'sentence_id': 'noscemus_732034_10937', 'token_id': 131635433, 'token_text': 'cirlium'}
 {'char_end': 60, 'char_start': 50, 'lemma': 'coelestis', 'pos': 'ADJ', 'sentence_id': 'noscemus_732034_10937', 'token_id': 131635434, 'token_text': 'coelestium'}
 {'char_end': 63, 'char_start': 60, 'lemma': 'que', 'pos': 'CCONJ', 'sentence_id': 'noscemus_732034_10937', 'token_id': 131635435, 'token_text': 'que'}
 {'char_end': 70, 'char_start': 64, 'lemma': 'causa', 'pos': 'NOUN', 'sentence_id': 'noscemus_732034_10937', 'token_id': 131635436, 'token_text': 'causas'}
 {'char_end': 80, 'char_start': 71, 'lemma': 'refugo', 'pos': 'VERB', 'sentence_id': 'noscemus_732034_10937', 'token_id': 131635437, 'token_text': 'refugerit'}
 {'char_end': 81, 'char_start': 80, 'lemma': ',', 'pos': 'PUNCT', 'sentence_id': 'noscemus_732034_10937', 'token_id': 131635438, 'token_text': ','}
 {'char_end': 84, 'char_start': 82, 'lemma': 'is', 'pos': 'PRON', 'sentence_id': 'noscemus_732034_10937', 'token_id': 131635439, 'token_text': 'is'}
 {'char_end': 89, 'char_start': 85, 'lemma': 'par', 'pos': 'ADJ', 'sentence_id': 'noscemus_732034_10937', 'token_id': 131635440, 'token_text': 'pari'}
 {'char_end': 94, 'char_start': 90, 'lemma': 'sui', 'pos': 'PRON', 'sentence_id': 'noscemus_732034_10937', 'token_id': 131635441, 'token_text': 'sese'}
 {'char_end': 105, 'char_start': 95, 'lemma': 'labyrinthus', 'pos': 'NOUN', 'sentence_id': 'noscemus_732034_10937', 'token_id': 131635442, 'token_text': 'labyrintho'}
 {'char_end': 113, 'char_start': 106, 'lemma': 'expono', 'pos': 'VERB', 'sentence_id': 'noscemus_732034_10937', 'token_id': 131635443, 'token_text': 'exponet'}
 {'char_end': 114, 'char_start': 113, 'lemma': ':', 'pos': 'PUNCT', 'sentence_id': 'noscemus_732034_10937', 'token_id': 131635444, 'token_text': ':'}]","[{'char_end': 41, 'char_start': 32, 'lemma': 'inaccessus', 'pos': 'VERB', 'sentence_id': 'noscemus_732034_10937', 'token_id': 131635432, 'token_text': 'inaccessa'}
 {'char_end': 49, 'char_start': 42, 'lemma': 'cirlis', 'pos': 'ADJ', 'sentence_id': 'noscemus_732034_10937', 'token_id': 131635433, 'token_text': 'cirlium'}
 {'char_end': 60, 'char_start': 50, 'lemma': 'coelestis', 'pos': 'ADJ', 'sentence_id': 'noscemus_732034_10937', 'token_id': 131635434, 'token_text': 'coelestium'}
 {'char_end': 63, 'char_start': 60, 'lemma': 'que', 'pos': 'CCONJ', 'sentence_id': 'noscemus_732034_10937', 'token_id': 131635435, 'token_text': 'que'}
 {'char_end': 70, 'char_start': 64, 'lemma': 'causa', 'pos': 'NOUN', 'sentence_id': 'noscemus_732034_10937', 'token_id': 131635436, 'token_text': 'causas'}
 {'char_end': 80, 'char_start': 71, 'lemma': 'refugo', 'pos': 'VERB', 'sentence_id': 'noscemus_732034_10937', 'token_id': 131635437, 'token_text': 'refugerit'}
 {'char_end': 81, 'char_start': 80, 'lemma': ',', 'pos': 'PUNCT', 'sentence_id': 'noscemus_732034_10937', 'token_id': 131635438, 'token_text': ','}
 {'char_end': 84, 'char_start': 82, 'lemma': 'is', 'pos': 'PRON', 'sentence_id': 'noscemus_732034_10937', 'token_id': 131635439, 'token_text': 'is'}
 {'char_end': 89, 'char_start': 85, 'lemma': 'par', 'pos': 'ADJ', 'sentence_id': 'noscemus_732034_10937', 'token_id': 131635440, 'token_text': 'pari'}
 {'char_end': 94, 'char_start': 90, 'lemma': 'sui', 'pos': 'PRON', 'sentence_id': 'noscemus_732034_10937', 'token_id': 131635441, 'token_text': 'sese'}
 {'char_end': 105, 'char_start': 95, 'lemma': 'labyrinthus', 'pos': 'NOUN', 'sentence_id': 'noscemus_732034_10937', 'token_id': 131635442, 'token_text': 'labyrintho'}
 {'char_end': 113, 'char_start': 106, 'lemma': 'expono', 'pos': 'VERB', 'sentence_id': 'noscemus_732034_10937', 'token_id': 131635443, 'token_text': 'exponet'}
 {'char_end': 114, 'char_start': 113, 'lemma': ':', 'pos': 'PUNCT', 'sentence_id': 'noscemus_732034_10937', 'token_id': 131635444, 'token_text': ':'}
 {'char_end': 3, 'char_start': 0, 'lemma': 'cum', 'pos': 'SCONJ', 'sentence_id': 'noscemus_732034_10938', 'token_id': 131635445, 'token_text': 'Cum'}
 {'char_end': 10, 'char_start': 4, 'lemma': 'noster', 'pos': 'DET', 'sentence_id': 'noscemus_732034_10938', 'token_id': 131635446, 'token_text': 'noster'}
 {'char_end': 23, 'char_start': 11, 'lemma': 'intelcundo', 'pos': 'VERB', 'sentence_id': 'noscemus_732034_10938', 'token_id': 131635447, 'token_text': 'intelcundata'}
 {'char_end': 30, 'char_start': 24, 'lemma': 'miror', 'pos': 'VERB', 'sentence_id': 'noscemus_732034_10938', 'token_id': 131635448, 'token_text': 'mirari'}
 {'char_end': 37, 'char_start': 31, 'lemma': 'tantum', 'pos': 'ADV', 'sentence_id': 'noscemus_732034_10938', 'token_id': 131635449, 'token_text': 'tantum'}
 {'char_end': 44, 'char_start': 38, 'lemma': 'potior', 'pos': 'ADV', 'sentence_id': 'noscemus_732034_10938', 'token_id': 131635450, 'token_text': 'potius'}
 {'char_end': 45, 'char_start': 44, 'lemma': ',', 'pos': 'PUNCT', 'sentence_id': 'noscemus_732034_10938', 'token_id': 131635451, 'token_text': ','}
 {'char_end': 50, 'char_start': 46, 'lemma': 'quam', 'pos': 'SCONJ', 'sentence_id': 'noscemus_732034_10938', 'token_id': 131635452, 'token_text': 'quam'}]",1665.0,1665.0,1665.0,,,Encyclopedic work,"Geography/Cartography, Meteorology/Earth sciences, Biology",131635442,95,105
65,Desiderius Erasmus,"Adagia1508
",cc_12132,cc_12132_29142,"Labyrinthus Laburinthon, id est labyrinthum, olim uocabant orationem aut rem quampiam uehementer impeditam et inextricabilem, ueluti si quis philosophiae studium labyrinthum uocet, quod semel ingressis nullus unquam sit exitus, aut uoluptatis studium labyrinthum uocet, quod aditus ad eam procliuis, exitus difficillimus.","Ii, X, 51. | Ii, X, 51. | Ii, X, 51. | Ii, X, 51. | Labyrinthus Laburinthon, id est labyrinthum, olim uocabant orationem aut rem quampiam uehementer impeditam et inextricabilem, ueluti si quis philosophiae studium labyrinthum uocet, quod semel ingressis nullus unquam sit exitus, aut uoluptatis studium labyrinthum uocet, quod aditus ad eam procliuis, exitus difficillimus. | Labyrinthus Laburinthon, id est labyrinthum, olim uocabant orationem aut rem quampiam uehementer impeditam et inextricabilem, ueluti si quis philosophiae studium labyrinthum uocet, quod semel ingressis nullus unquam sit exitus, aut uoluptatis studium labyrinthum uocet, quod aditus ad eam procliuis, exitus difficillimus. | Labyrinthus Laburinthon, id est labyrinthum, olim uocabant orationem aut rem quampiam uehementer impeditam et inextricabilem, ueluti si quis philosophiae studium labyrinthum uocet, quod semel ingressis nullus unquam sit exitus, aut uoluptatis studium labyrinthum uocet, quod aditus ad eam procliuis, exitus difficillimus. | Labyrinthus Laburinthon, id est labyrinthum, olim uocabant orationem aut rem quampiam uehementer impeditam et inextricabilem, ueluti si quis philosophiae studium labyrinthum uocet, quod semel ingressis nullus unquam sit exitus, aut uoluptatis studium labyrinthum uocet, quod aditus ad eam procliuis, exitus difficillimus. | Sumptum a labyrintho Daedali, quod antrum fabulae ponunt in Creta, sinuosum et inexplicabilibus ambagibus inextricabile, in quo seruabatur Minotaurus. | Sumptum a labyrintho Daedali, quod antrum fabulae ponunt in Creta, sinuosum et inexplicabilibus ambagibus inextricabile, in quo seruabatur Minotaurus. | Sumptum a labyrintho Daedali, quod antrum fabulae ponunt in Creta, sinuosum et inexplicabilibus ambagibus inextricabile, in quo seruabatur Minotaurus. | Sumptum a labyrintho Daedali, quod antrum fabulae ponunt in Creta, sinuosum et inexplicabilibus ambagibus inextricabile, in quo seruabatur Minotaurus.",confusion_metaphorics,"[{'char_end': 11, 'char_start': 0, 'lemma': 'labyrinthus', 'pos': 'PROPN', 'sentence_id': 'cc_12132_29142', 'token_id': 255900145, 'token_text': 'Labyrinthus'}
 {'char_end': 23, 'char_start': 12, 'lemma': '', 'pos': 'PROPN', 'sentence_id': 'cc_12132_29142', 'token_id': 255900146, 'token_text': 'Laburinthon'}
 {'char_end': 24, 'char_start': 23, 'lemma': ',', 'pos': 'PUNCT', 'sentence_id': 'cc_12132_29142', 'token_id': 255900147, 'token_text': ','}
 {'char_end': 27, 'char_start': 25, 'lemma': 'is', 'pos': 'PRON', 'sentence_id': 'cc_12132_29142', 'token_id': 255900148, 'token_text': 'id'}
 {'char_end': 31, 'char_start': 28, 'lemma': 'sum', 'pos': 'AUX', 'sentence_id': 'cc_12132_29142', 'token_id': 255900149, 'token_text': 'est'}
 {'char_end': 43, 'char_start': 32, 'lemma': 'labyrinthus', 'pos': 'NOUN', 'sentence_id': 'cc_12132_29142', 'token_id': 255900150, 'token_text': 'labyrinthum'}
 {'char_end': 44, 'char_start': 43, 'lemma': ',', 'pos': 'PUNCT', 'sentence_id': 'cc_12132_29142', 'token_id': 255900151, 'token_text': ','}
 {'char_end': 49, 'char_start': 45, 'lemma': 'olim', 'pos': 'ADV', 'sentence_id': 'cc_12132_29142', 'token_id': 255900152, 'token_text': 'olim'}
 {'char_end': 58, 'char_start': 50, 'lemma': 'uoco', 'pos': 'VERB', 'sentence_id': 'cc_12132_29142', 'token_id': 255900153, 'token_text': 'uocabant'}
 {'char_end': 68, 'char_start': 59, 'lemma': 'oratio', 'pos': 'NOUN', 'sentence_id': 'cc_12132_29142', 'token_id': 255900154, 'token_text': 'orationem'}
 {'char_end': 72, 'char_start': 69, 'lemma': 'aut', 'pos': 'CCONJ', 'sentence_id': 'cc_12132_29142', 'token_id': 255900155, 'token_text': 'aut'}
 {'char_end': 76, 'char_start': 73, 'lemma': 'res', 'pos': 'NOUN', 'sentence_id': 'cc_12132_29142', 'token_id': 255900156, 'token_text': 'rem'}
 {'char_end': 85, 'char_start': 77, 'lemma': 'quispiam', 'pos': 'ADJ', 'sentence_id': 'cc_12132_29142', 'token_id': 255900157, 'token_text': 'quampiam'}
 {'char_end': 96, 'char_start': 86, 'lemma': 'uehementer', 'pos': 'ADV', 'sentence_id': 'cc_12132_29142', 'token_id': 255900158, 'token_text': 'uehementer'}
 {'char_end': 106, 'char_start': 97, 'lemma': 'impedio', 'pos': 'VERB', 'sentence_id': 'cc_12132_29142', 'token_id': 255900159, 'token_text': 'impeditam'}
 {'char_end': 109, 'char_start': 107, 'lemma': 'et', 'pos': 'CCONJ', 'sentence_id': 'cc_12132_29142', 'token_id': 255900160, 'token_text': 'et'}
 {'char_end': 124, 'char_start': 110, 'lemma': 'inextricabilis', 'pos': 'ADJ', 'sentence_id': 'cc_12132_29142', 'token_id': 255900161, 'token_text': 'inextricabilem'}
 {'char_end': 125, 'char_start': 124, 'lemma': ',', 'pos': 'PUNCT', 'sentence_id': 'cc_12132_29142', 'token_id': 255900162, 'token_text': ','}
 {'char_end': 132, 'char_start': 126, 'lemma': 'ueluti', 'pos': 'SCONJ', 'sentence_id': 'cc_12132_29142', 'token_id': 255900163, 'token_text': 'ueluti'}
 {'char_end': 135, 'char_start': 133, 'lemma': 'si', 'pos': 'SCONJ', 'sentence_id': 'cc_12132_29142', 'token_id': 255900164, 'token_text': 'si'}
 {'char_end': 140, 'char_start': 136, 'lemma': 'quis', 'pos': 'PRON', 'sentence_id': 'cc_12132_29142', 'token_id': 255900165, 'token_text': 'quis'}
 {'char_end': 153, 'char_start': 141, 'lemma': 'philosophia', 'pos': 'NOUN', 'sentence_id': 'cc_12132_29142', 'token_id': 255900166, 'token_text': 'philosophiae'}
 {'char_end': 161, 'char_start': 154, 'lemma': 'studium', 'pos': 'NOUN', 'sentence_id': 'cc_12132_29142', 'token_id': 255900167, 'token_text': 'studium'}
 {'char_end': 173, 'char_start': 162, 'lemma': 'labyrinthus', 'pos': 'NOUN', 'sentence_id': 'cc_12132_29142', 'token_id': 255900168, 'token_text': 'labyrinthum'}
 {'char_end': 179, 'char_start': 174, 'lemma': 'uoco', 'pos': 'VERB', 'sentence_id': 'cc_12132_29142', 'token_id': 255900169, 'token_text': 'uocet'}
 {'char_end': 180, 'char_start': 179, 'lemma': ',', 'pos': 'PUNCT', 'sentence_id': 'cc_12132_29142', 'token_id': 255900170, 'token_text': ','}
 {'char_end': 185, 'char_start': 181, 'lemma': 'qui', 'pos': 'PRON', 'sentence_id': 'cc_12132_29142', 'token_id': 255900171, 'token_text': 'quod'}
 {'char_end': 191, 'char_start': 186, 'lemma': 'semel', 'pos': 'ADV', 'sentence_id': 'cc_12132_29142', 'token_id': 255900172, 'token_text': 'semel'}
 {'char_end': 201, 'char_start': 192, 'lemma': 'ingressus', 'pos': 'VERB', 'sentence_id': 'cc_12132_29142', 'token_id': 255900173, 'token_text': 'ingressis'}
 {'char_end': 208, 'char_start': 202, 'lemma': 'nullus', 'pos': 'DET', 'sentence_id': 'cc_12132_29142', 'token_id': 255900174, 'token_text': 'nullus'}
 {'char_end': 215, 'char_start': 209, 'lemma': 'umquam', 'pos': 'ADV', 'sentence_id': 'cc_12132_29142', 'token_id': 255900175, 'token_text': 'unquam'}
 {'char_end': 219, 'char_start': 216, 'lemma': 'sum', 'pos': 'AUX', 'sentence_id': 'cc_12132_29142', 'token_id': 255900176, 'token_text': 'sit'}
 {'char_end': 226, 'char_start': 220, 'lemma': 'exitus', 'pos': 'NOUN', 'sentence_id': 'cc_12132_29142', 'token_id': 255900177, 'token_text': 'exitus'}
 {'char_end': 227, 'char_start': 226, 'lemma': ',', 'pos': 'PUNCT', 'sentence_id': 'cc_12132_29142', 'token_id': 255900178, 'token_text': ','}
 {'char_end': 231, 'char_start': 228, 'lemma': 'aut', 'pos': 'CCONJ', 'sentence_id': 'cc_12132_29142', 'token_id': 255900179, 'token_text': 'aut'}
 {'char_end': 242, 'char_start': 232, 'lemma': 'uoluptas', 'pos': 'NOUN', 'sentence_id': 'cc_12132_29142', 'token_id': 255900180, 'token_text': 'uoluptatis'}
 {'char_end': 250, 'char_start': 243, 'lemma': 'studium', 'pos': 'NOUN', 'sentence_id': 'cc_12132_29142', 'token_id': 255900181, 'token_text': 'studium'}
 {'char_end': 262, 'char_start': 251, 'lemma': 'labyrinthus', 'pos': 'NOUN', 'sentence_id': 'cc_12132_29142', 'token_id': 255900182, 'token_text': 'labyrinthum'}
 {'char_end': 268, 'char_start': 263, 'lemma': 'uoco', 'pos': 'VERB', 'sentence_id': 'cc_12132_29142', 'token_id': 255900183, 'token_text': 'uocet'}
 {'char_end': 269, 'char_start': 268, 'lemma': ',', 'pos': 'PUNCT', 'sentence_id': 'cc_12132_29142', 'token_id': 255900184, 'token_text': ','}
 {'char_end': 274, 'char_start': 270, 'lemma': 'quod', 'pos': 'SCONJ', 'sentence_id': 'cc_12132_29142', 'token_id': 255900185, 'token_text': 'quod'}
 {'char_end': 281, 'char_start': 275, 'lemma': 'aditus', 'pos': 'NOUN', 'sentence_id': 'cc_12132_29142', 'token_id': 255900186, 'token_text': 'aditus'}
 {'char_end': 284, 'char_start': 282, 'lemma': 'ad', 'pos': 'ADP', 'sentence_id': 'cc_12132_29142', 'token_id': 255900187, 'token_text': 'ad'}
 {'char_end': 288, 'char_start': 285, 'lemma': 'is', 'pos': 'PRON', 'sentence_id': 'cc_12132_29142', 'token_id': 255900188, 'token_text': 'eam'}
 {'char_end': 298, 'char_start': 289, 'lemma': 'procliuis', 'pos': 'ADJ', 'sentence_id': 'cc_12132_29142', 'token_id': 255900189, 'token_text': 'procliuis'}
 {'char_end': 299, 'char_start': 298, 'lemma': ',', 'pos': 'PUNCT', 'sentence_id': 'cc_12132_29142', 'token_id': 255900190, 'token_text': ','}
 {'char_end': 306, 'char_start': 300, 'lemma': 'exitus', 'pos': 'NOUN', 'sentence_id': 'cc_12132_29142', 'token_id': 255900191, 'token_text': 'exitus'}
 {'char_end': 320, 'char_start': 307, 'lemma': '', 'pos': 'VERB', 'sentence_id': 'cc_12132_29142', 'token_id': 255900192, 'token_text': 'difficillimus'}
 {'char_end': 321, 'char_start': 320, 'lemma': '.', 'pos': 'PUNCT', 'sentence_id': 'cc_12132_29142', 'token_id': 255900193, 'token_text': '.'}]","[{'char_end': 191, 'char_start': 186, 'lemma': 'semel', 'pos': 'ADV', 'sentence_id': 'cc_12132_29142', 'token_id': 255900172, 'token_text': 'semel'}
 {'char_end': 201, 'char_start': 192, 'lemma': 'ingressus', 'pos': 'VERB', 'sentence_id': 'cc_12132_29142', 'token_id': 255900173, 'token_text': 'ingressis'}
 {'char_end': 208, 'char_start': 202, 'lemma': 'nullus', 'pos': 'DET', 'sentence_id': 'cc_12132_29142', 'token_id': 255900174, 'token_text': 'nullus'}
 {'char_end': 215, 'char_start': 209, 'lemma': 'umquam', 'pos': 'ADV', 'sentence_id': 'cc_12132_29142', 'token_id': 255900175, 'token_text': 'unquam'}
 {'char_end': 219, 'char_start': 216, 'lemma': 'sum', 'pos': 'AUX', 'sentence_id': 'cc_12132_29142', 'token_id': 255900176, 'token_text': 'sit'}
 {'char_end': 226, 'char_start': 220, 'lemma': 'exitus', 'pos': 'NOUN', 'sentence_id': 'cc_12132_29142', 'token_id': 255900177, 'token_text': 'exitus'}
 {'char_end': 227, 'char_start': 226, 'lemma': ',', 'pos': 'PUNCT', 'sentence_id': 'cc_12132_29142', 'token_id': 255900178, 'token_text': ','}
 {'char_end': 231, 'char_start': 228, 'lemma': 'aut', 'pos': 'CCONJ', 'sentence_id': 'cc_12132_29142', 'token_id': 255900179, 'token_text': 'aut'}
 {'char_end': 242, 'char_start': 232, 'lemma': 'uoluptas', 'pos': 'NOUN', 'sentence_id': 'cc_12132_29142', 'token_id': 255900180, 'token_text': 'uoluptatis'}
 {'char_end': 250, 'char_start': 243, 'lemma': 'studium', 'pos': 'NOUN', 'sentence_id': 'cc_12132_29142', 'token_id': 255900181, 'token_text': 'studium'}
 {'char_end': 262, 'char_start': 251, 'lemma': 'labyrinthus', 'pos': 'NOUN', 'sentence_id': 'cc_12132_29142', 'token_id': 255900182, 'token_text': 'labyrinthum'}
 {'char_end': 268, 'char_start': 263, 'lemma': 'uoco', 'pos': 'VERB', 'sentence_id': 'cc_12132_29142', 'token_id': 255900183, 'token_text': 'uocet'}
 {'char_end': 269, 'char_start': 268, 'lemma': ',', 'pos': 'PUNCT', 'sentence_id': 'cc_12132_29142', 'token_id': 255900184, 'token_text': ','}
 {'char_end': 274, 'char_start': 270, 'lemma': 'quod', 'pos': 'SCONJ', 'sentence_id': 'cc_12132_29142', 'token_id': 255900185, 'token_text': 'quod'}
 {'char_end': 281, 'char_start': 275, 'lemma': 'aditus', 'pos': 'NOUN', 'sentence_id': 'cc_12132_29142', 'token_id': 255900186, 'token_text': 'aditus'}
 {'char_end': 284, 'char_start': 282, 'lemma': 'ad', 'pos': 'ADP', 'sentence_id': 'cc_12132_29142', 'token_id': 255900187, 'token_text': 'ad'}
 {'char_end': 288, 'char_start': 285, 'lemma': 'is', 'pos': 'PRON', 'sentence_id': 'cc_12132_29142', 'token_id': 255900188, 'token_text': 'eam'}
 {'char_end': 298, 'char_start': 289, 'lemma': 'procliuis', 'pos': 'ADJ', 'sentence_id': 'cc_12132_29142', 'token_id': 255900189, 'token_text': 'procliuis'}
 {'char_end': 299, 'char_start': 298, 'lemma': ',', 'pos': 'PUNCT', 'sentence_id': 'cc_12132_29142', 'token_id': 255900190, 'token_text': ','}
 {'char_end': 306, 'char_start': 300, 'lemma': 'exitus', 'pos': 'NOUN', 'sentence_id': 'cc_12132_29142', 'token_id': 255900191, 'token_text': 'exitus'}
 {'char_end': 320, 'char_start': 307, 'lemma': '', 'pos': 'VERB', 'sentence_id': 'cc_12132_29142', 'token_id': 255900192, 'token_text': 'difficillimus'}]",1466.0,1536.0,1493.0,,,,,255900182,251,262
338,"Boissier de la Croix de Sauvages, François","Nosologia methodica sistens morborum classes, genera et species iuxta Sydenhami mentem et botanicorum ordinem",noscemus_605034,noscemus_605034_5184,Causa hujus speciei est riuulus sanguinis fortius premens periostaeum labyrinthi.,"Concurrit maxime cum anarrhopia sanguinis. | Causa hujus speciei est riuulus sanguinis fortius premens periostaeum labyrinthi. | Si manus 288 Genera Et Species applicetur tubis anthliarum aquam in altum ducentium, fremitus continuus persentitur, & cum uelocius fortiusue agitatur machina a flumine altiori, fortior, est ille fremitus;",medical_anatomical,"[{'char_end': 5, 'char_start': 0, 'lemma': 'causa', 'pos': 'NOUN', 'sentence_id': 'noscemus_605034_5184', 'token_id': 94168125, 'token_text': 'Causa'}
 {'char_end': 11, 'char_start': 6, 'lemma': 'hjc', 'pos': 'DET', 'sentence_id': 'noscemus_605034_5184', 'token_id': 94168126, 'token_text': 'hujus'}
 {'char_end': 19, 'char_start': 12, 'lemma': 'species', 'pos': 'NOUN', 'sentence_id': 'noscemus_605034_5184', 'token_id': 94168127, 'token_text': 'speciei'}
 {'char_end': 23, 'char_start': 20, 'lemma': 'sum', 'pos': 'AUX', 'sentence_id': 'noscemus_605034_5184', 'token_id': 94168128, 'token_text': 'est'}
 {'char_end': 31, 'char_start': 24, 'lemma': 'riuulus', 'pos': 'NOUN', 'sentence_id': 'noscemus_605034_5184', 'token_id': 94168129, 'token_text': 'riuulus'}
 {'char_end': 41, 'char_start': 32, 'lemma': 'sanguis', 'pos': 'NOUN', 'sentence_id': 'noscemus_605034_5184', 'token_id': 94168130, 'token_text': 'sanguinis'}
 {'char_end': 49, 'char_start': 42, 'lemma': 'fortis', 'pos': 'ADV', 'sentence_id': 'noscemus_605034_5184', 'token_id': 94168131, 'token_text': 'fortius'}
 {'char_end': 57, 'char_start': 50, 'lemma': 'premo', 'pos': 'VERB', 'sentence_id': 'noscemus_605034_5184', 'token_id': 94168132, 'token_text': 'premens'}
 {'char_end': 69, 'char_start': 58, 'lemma': 'periostaeus', 'pos': 'NOUN', 'sentence_id': 'noscemus_605034_5184', 'token_id': 94168133, 'token_text': 'periostaeum'}
 {'char_end': 80, 'char_start': 70, 'lemma': 'labyrinthus', 'pos': 'ADJ', 'sentence_id': 'noscemus_605034_5184', 'token_id': 94168134, 'token_text': 'labyrinthi'}
 {'char_end': 81, 'char_start': 80, 'lemma': '.', 'pos': 'PUNCT', 'sentence_id': 'noscemus_605034_5184', 'token_id': 94168135, 'token_text': '.'}]","[{'char_end': 42, 'char_start': 41, 'lemma': '.', 'pos': 'PUNCT', 'sentence_id': 'noscemus_605034_5183', 'token_id': 94168124, 'token_text': '.'}
 {'char_end': 5, 'char_start': 0, 'lemma': 'causa', 'pos': 'NOUN', 'sentence_id': 'noscemus_605034_5184', 'token_id': 94168125, 'token_text': 'Causa'}
 {'char_end': 11, 'char_start': 6, 'lemma': 'hjc', 'pos': 'DET', 'sentence_id': 'noscemus_605034_5184', 'token_id': 94168126, 'token_text': 'hujus'}
 {'char_end': 19, 'char_start': 12, 'lemma': 'species', 'pos': 'NOUN', 'sentence_id': 'noscemus_605034_5184', 'token_id': 94168127, 'token_text': 'speciei'}
 {'char_end': 23, 'char_start': 20, 'lemma': 'sum', 'pos': 'AUX', 'sentence_id': 'noscemus_605034_5184', 'token_id': 94168128, 'token_text': 'est'}
 {'char_end': 31, 'char_start': 24, 'lemma': 'riuulus', 'pos': 'NOUN', 'sentence_id': 'noscemus_605034_5184', 'token_id': 94168129, 'token_text': 'riuulus'}
 {'char_end': 41, 'char_start': 32, 'lemma': 'sanguis', 'pos': 'NOUN', 'sentence_id': 'noscemus_605034_5184', 'token_id': 94168130, 'token_text': 'sanguinis'}
 {'char_end': 49, 'char_start': 42, 'lemma': 'fortis', 'pos': 'ADV', 'sentence_id': 'noscemus_605034_5184', 'token_id': 94168131, 'token_text': 'fortius'}
 {'char_end': 57, 'char_start': 50, 'lemma': 'premo', 'pos': 'VERB', 'sentence_id': 'noscemus_605034_5184', 'token_id': 94168132, 'token_text': 'premens'}
 {'char_end': 69, 'char_start': 58, 'lemma': 'periostaeus', 'pos': 'NOUN', 'sentence_id': 'noscemus_605034_5184', 'token_id': 94168133, 'token_text': 'periostaeum'}
 {'char_end': 80, 'char_start': 70, 'lemma': 'labyrinthus', 'pos': 'ADJ', 'sentence_id': 'noscemus_605034_5184', 'token_id': 94168134, 'token_text': 'labyrinthi'}
 {'char_end': 81, 'char_start': 80, 'lemma': '.', 'pos': 'PUNCT', 'sentence_id': 'noscemus_605034_5184', 'token_id': 94168135, 'token_text': '.'}
 {'char_end': 2, 'char_start': 0, 'lemma': 'si', 'pos': 'SCONJ', 'sentence_id': 'noscemus_605034_5185', 'token_id': 94168136, 'token_text': 'Si'}
 {'char_end': 8, 'char_start': 3, 'lemma': 'manus', 'pos': 'NOUN', 'sentence_id': 'noscemus_605034_5185', 'token_id': 94168137, 'token_text': 'manus'}
 {'char_end': 12, 'char_start': 9, 'lemma': '288', 'pos': 'NUM', 'sentence_id': 'noscemus_605034_5185', 'token_id': 94168138, 'token_text': '288'}
 {'char_end': 19, 'char_start': 13, 'lemma': 'Genus', 'pos': 'NOUN', 'sentence_id': 'noscemus_605034_5185', 'token_id': 94168139, 'token_text': 'Genera'}
 {'char_end': 22, 'char_start': 20, 'lemma': 'et', 'pos': 'CCONJ', 'sentence_id': 'noscemus_605034_5185', 'token_id': 94168140, 'token_text': 'Et'}
 {'char_end': 30, 'char_start': 23, 'lemma': 'species', 'pos': 'NOUN', 'sentence_id': 'noscemus_605034_5185', 'token_id': 94168141, 'token_text': 'Species'}
 {'char_end': 41, 'char_start': 31, 'lemma': 'applico', 'pos': 'VERB', 'sentence_id': 'noscemus_605034_5185', 'token_id': 94168142, 'token_text': 'applicetur'}
 {'char_end': 47, 'char_start': 42, 'lemma': 'tuba', 'pos': 'NOUN', 'sentence_id': 'noscemus_605034_5185', 'token_id': 94168143, 'token_text': 'tubis'}
 {'char_end': 58, 'char_start': 48, 'lemma': 'anthlia', 'pos': 'NOUN', 'sentence_id': 'noscemus_605034_5185', 'token_id': 94168144, 'token_text': 'anthliarum'}]",1763.0,1763.0,1763.0,,,"Historia, Encyclopedic work",Medicine,94168134,70,80
533,"Oudin, François",Poemata didascalica nunc primum vel edita vel collecta,noscemus_710449,noscemus_710449_3078,"Sunt qui mille modis pertexunt mille figuras igitized by Google Liber I. In buxo, quales Creta confusus in alta Exhibuit Labyrinthus, et irremeabilis error.","Nam magis in summa, si quid deforme, figura Et patet, et melius longe sibi subuenit error. | Sunt qui mille modis pertexunt mille figuras igitized by Google Liber I. In buxo, quales Creta confusus in alta Exhibuit Labyrinthus, et irremeabilis error. | Sunt alii, Phrygium quos ars imitata laborem Plus juuet, intonsae ceu cum per stamina lanae Ducit barbaricos uirgo Sidonia textus, Et tendunt oras circum, quas floribus explent.",scientific_complexity_metaphorics,"[{'char_end': 4, 'char_start': 0, 'lemma': 'sum', 'pos': 'AUX', 'sentence_id': 'noscemus_710449_3078', 'token_id': 45880368, 'token_text': 'Sunt'}
 {'char_end': 8, 'char_start': 5, 'lemma': 'qui', 'pos': 'PRON', 'sentence_id': 'noscemus_710449_3078', 'token_id': 45880369, 'token_text': 'qui'}
 {'char_end': 14, 'char_start': 9, 'lemma': 'mille', 'pos': 'NUM', 'sentence_id': 'noscemus_710449_3078', 'token_id': 45880370, 'token_text': 'mille'}
 {'char_end': 20, 'char_start': 15, 'lemma': 'modus', 'pos': 'NOUN', 'sentence_id': 'noscemus_710449_3078', 'token_id': 45880371, 'token_text': 'modis'}
 {'char_end': 30, 'char_start': 21, 'lemma': 'pertexo', 'pos': 'VERB', 'sentence_id': 'noscemus_710449_3078', 'token_id': 45880372, 'token_text': 'pertexunt'}
 {'char_end': 36, 'char_start': 31, 'lemma': 'mille', 'pos': 'NUM', 'sentence_id': 'noscemus_710449_3078', 'token_id': 45880373, 'token_text': 'mille'}
 {'char_end': 44, 'char_start': 37, 'lemma': 'figura', 'pos': 'NOUN', 'sentence_id': 'noscemus_710449_3078', 'token_id': 45880374, 'token_text': 'figuras'}
 {'char_end': 53, 'char_start': 45, 'lemma': 'igitized', 'pos': 'NOUN', 'sentence_id': 'noscemus_710449_3078', 'token_id': 45880375, 'token_text': 'igitized'}
 {'char_end': 56, 'char_start': 54, 'lemma': 'by', 'pos': 'ADP', 'sentence_id': 'noscemus_710449_3078', 'token_id': 45880376, 'token_text': 'by'}
 {'char_end': 63, 'char_start': 57, 'lemma': '', 'pos': 'PROPN', 'sentence_id': 'noscemus_710449_3078', 'token_id': 45880377, 'token_text': 'Google'}
 {'char_end': 69, 'char_start': 64, 'lemma': 'Liber', 'pos': 'NOUN', 'sentence_id': 'noscemus_710449_3078', 'token_id': 45880378, 'token_text': 'Liber'}
 {'char_end': 72, 'char_start': 70, 'lemma': 'I.', 'pos': 'PUNCT', 'sentence_id': 'noscemus_710449_3078', 'token_id': 45880379, 'token_text': 'I.'}
 {'char_end': 75, 'char_start': 73, 'lemma': 'in', 'pos': 'ADP', 'sentence_id': 'noscemus_710449_3078', 'token_id': 45880380, 'token_text': 'In'}
 {'char_end': 80, 'char_start': 76, 'lemma': 'buxus', 'pos': 'NOUN', 'sentence_id': 'noscemus_710449_3078', 'token_id': 45880381, 'token_text': 'buxo'}
 {'char_end': 81, 'char_start': 80, 'lemma': ',', 'pos': 'PUNCT', 'sentence_id': 'noscemus_710449_3078', 'token_id': 45880382, 'token_text': ','}
 {'char_end': 88, 'char_start': 82, 'lemma': 'qualis', 'pos': 'DET', 'sentence_id': 'noscemus_710449_3078', 'token_id': 45880383, 'token_text': 'quales'}
 {'char_end': 94, 'char_start': 89, 'lemma': 'Creta', 'pos': 'PROPN', 'sentence_id': 'noscemus_710449_3078', 'token_id': 45880384, 'token_text': 'Creta'}
 {'char_end': 103, 'char_start': 95, 'lemma': 'confundo', 'pos': 'VERB', 'sentence_id': 'noscemus_710449_3078', 'token_id': 45880385, 'token_text': 'confusus'}
 {'char_end': 106, 'char_start': 104, 'lemma': 'in', 'pos': 'ADP', 'sentence_id': 'noscemus_710449_3078', 'token_id': 45880386, 'token_text': 'in'}
 {'char_end': 111, 'char_start': 107, 'lemma': 'alo', 'pos': 'ADJ', 'sentence_id': 'noscemus_710449_3078', 'token_id': 45880387, 'token_text': 'alta'}
 {'char_end': 120, 'char_start': 112, 'lemma': 'exhibeo', 'pos': 'VERB', 'sentence_id': 'noscemus_710449_3078', 'token_id': 45880388, 'token_text': 'Exhibuit'}
 {'char_end': 132, 'char_start': 121, 'lemma': 'labyrinthus', 'pos': 'PROPN', 'sentence_id': 'noscemus_710449_3078', 'token_id': 45880389, 'token_text': 'Labyrinthus'}
 {'char_end': 133, 'char_start': 132, 'lemma': ',', 'pos': 'PUNCT', 'sentence_id': 'noscemus_710449_3078', 'token_id': 45880390, 'token_text': ','}
 {'char_end': 136, 'char_start': 134, 'lemma': 'et', 'pos': 'CCONJ', 'sentence_id': 'noscemus_710449_3078', 'token_id': 45880391, 'token_text': 'et'}
 {'char_end': 149, 'char_start': 137, 'lemma': 'irremeabilis', 'pos': 'ADJ', 'sentence_id': 'noscemus_710449_3078', 'token_id': 45880392, 'token_text': 'irremeabilis'}
 {'char_end': 155, 'char_start': 150, 'lemma': 'error', 'pos': 'NOUN', 'sentence_id': 'noscemus_710449_3078', 'token_id': 45880393, 'token_text': 'error'}
 {'char_end': 156, 'char_start': 155, 'lemma': '.', 'pos': 'PUNCT', 'sentence_id': 'noscemus_710449_3078', 'token_id': 45880394, 'token_text': '.'}]","[{'char_end': 72, 'char_start': 70, 'lemma': 'I.', 'pos': 'PUNCT', 'sentence_id': 'noscemus_710449_3078', 'token_id': 45880379, 'token_text': 'I.'}
 {'char_end': 75, 'char_start': 73, 'lemma': 'in', 'pos': 'ADP', 'sentence_id': 'noscemus_710449_3078', 'token_id': 45880380, 'token_text': 'In'}
 {'char_end': 80, 'char_start': 76, 'lemma': 'buxus', 'pos': 'NOUN', 'sentence_id': 'noscemus_710449_3078', 'token_id': 45880381, 'token_text': 'buxo'}
 {'char_end': 81, 'char_start': 80, 'lemma': ',', 'pos': 'PUNCT', 'sentence_id': 'noscemus_710449_3078', 'token_id': 45880382, 'token_text': ','}
 {'char_end': 88, 'char_start': 82, 'lemma': 'qualis', 'pos': 'DET', 'sentence_id': 'noscemus_710449_3078', 'token_id': 45880383, 'token_text': 'quales'}
 {'char_end': 94, 'char_start': 89, 'lemma': 'Creta', 'pos': 'PROPN', 'sentence_id': 'noscemus_710449_3078', 'token_id': 45880384, 'token_text': 'Creta'}
 {'char_end': 103, 'char_start': 95, 'lemma': 'confundo', 'pos': 'VERB', 'sentence_id': 'noscemus_710449_3078', 'token_id': 45880385, 'token_text': 'confusus'}
 {'char_end': 106, 'char_start': 104, 'lemma': 'in', 'pos': 'ADP', 'sentence_id': 'noscemus_710449_3078', 'token_id': 45880386, 'token_text': 'in'}
 {'char_end': 111, 'char_start': 107, 'lemma': 'alo', 'pos': 'ADJ', 'sentence_id': 'noscemus_710449_3078', 'token_id': 45880387, 'token_text': 'alta'}
 {'char_end': 120, 'char_start': 112, 'lemma': 'exhibeo', 'pos': 'VERB', 'sentence_id': 'noscemus_710449_3078', 'token_id': 45880388, 'token_text': 'Exhibuit'}
 {'char_end': 132, 'char_start': 121, 'lemma': 'labyrinthus', 'pos': 'PROPN', 'sentence_id': 'noscemus_710449_3078', 'token_id': 45880389, 'token_text': 'Labyrinthus'}
 {'char_end': 133, 'char_start': 132, 'lemma': ',', 'pos': 'PUNCT', 'sentence_id': 'noscemus_710449_3078', 'token_id': 45880390, 'token_text': ','}
 {'char_end': 136, 'char_start': 134, 'lemma': 'et', 'pos': 'CCONJ', 'sentence_id': 'noscemus_710449_3078', 'token_id': 45880391, 'token_text': 'et'}
 {'char_end': 149, 'char_start': 137, 'lemma': 'irremeabilis', 'pos': 'ADJ', 'sentence_id': 'noscemus_710449_3078', 'token_id': 45880392, 'token_text': 'irremeabilis'}
 {'char_end': 155, 'char_start': 150, 'lemma': 'error', 'pos': 'NOUN', 'sentence_id': 'noscemus_710449_3078', 'token_id': 45880393, 'token_text': 'error'}
 {'char_end': 156, 'char_start': 155, 'lemma': '.', 'pos': 'PUNCT', 'sentence_id': 'noscemus_710449_3078', 'token_id': 45880394, 'token_text': '.'}
 {'char_end': 4, 'char_start': 0, 'lemma': 'sum', 'pos': 'AUX', 'sentence_id': 'noscemus_710449_3079', 'token_id': 45880395, 'token_text': 'Sunt'}
 {'char_end': 9, 'char_start': 5, 'lemma': 'alium', 'pos': 'DET', 'sentence_id': 'noscemus_710449_3079', 'token_id': 45880396, 'token_text': 'alii'}
 {'char_end': 10, 'char_start': 9, 'lemma': ',', 'pos': 'PUNCT', 'sentence_id': 'noscemus_710449_3079', 'token_id': 45880397, 'token_text': ','}
 {'char_end': 19, 'char_start': 11, 'lemma': 'Phrygius', 'pos': 'ADJ', 'sentence_id': 'noscemus_710449_3079', 'token_id': 45880398, 'token_text': 'Phrygium'}
 {'char_end': 24, 'char_start': 20, 'lemma': 'qui', 'pos': 'PRON', 'sentence_id': 'noscemus_710449_3079', 'token_id': 45880399, 'token_text': 'quos'}]",1749.0,1749.0,1749.0,,,Didactic poem,Other (see description),45880389,121,132
580,"Patrizi, Francesco","Francisci Patricii Nova de universis philosophia, in qua Aristotelica methodo non per motum, sed per lucem et lumina, ad primam causam ascenditur, deinde propria Patricii methodo tota in contemplationem venit Divinitas, postremo methodo Platonica rerum universitas a conditore Deo deducitur. Ad sanctissismum Gregorium XIV Pontificem Maximum et eius successores futuros Pontifices Maximos omnes. Opus rerum copia et vetustissima novitate, et dogmatum novitate et veritate, methodorum frequentia et raritate, ordinis continuitate, rationum firmitate, sententiarum gravitate, verborum gravitate et claritate maxime admirandum.",noscemus_726758,noscemus_726758_19451,"Quae ridenda, & deridenda uetus Sed de Scaligeri, uiri uti creditur, magni, hic irrisor, in suis labyrinthis consarcinauit, magnique aliorum irrisoris, Aristotelis solius quis ei amplius fidem praestet, in causis affluadmiratoris sententia, quid dicendum?","ficiet Dcc. | Quae ridenda, & deridenda uetus Sed de Scaligeri, uiri uti creditur, magni, hic irrisor, in suis labyrinthis consarcinauit, magnique aliorum irrisoris, Aristotelis solius quis ei amplius fidem praestet, in causis affluadmiratoris sententia, quid dicendum? | Maxus & refluxus assignandis?",scientific_complexity_metaphorics,"[{'char_end': 4, 'char_start': 0, 'lemma': 'qui', 'pos': 'PRON', 'sentence_id': 'noscemus_726758_19451', 'token_id': 77626286, 'token_text': 'Quae'}
 {'char_end': 12, 'char_start': 5, 'lemma': 'rideo', 'pos': 'VERB', 'sentence_id': 'noscemus_726758_19451', 'token_id': 77626287, 'token_text': 'ridenda'}
 {'char_end': 13, 'char_start': 12, 'lemma': ',', 'pos': 'PUNCT', 'sentence_id': 'noscemus_726758_19451', 'token_id': 77626288, 'token_text': ','}
 {'char_end': 15, 'char_start': 14, 'lemma': '&', 'pos': 'PUNCT', 'sentence_id': 'noscemus_726758_19451', 'token_id': 77626289, 'token_text': '&'}
 {'char_end': 25, 'char_start': 16, 'lemma': 'derideo', 'pos': 'VERB', 'sentence_id': 'noscemus_726758_19451', 'token_id': 77626290, 'token_text': 'deridenda'}
 {'char_end': 31, 'char_start': 26, 'lemma': 'uetus', 'pos': 'ADJ', 'sentence_id': 'noscemus_726758_19451', 'token_id': 77626291, 'token_text': 'uetus'}
 {'char_end': 35, 'char_start': 32, 'lemma': 'sed', 'pos': 'CCONJ', 'sentence_id': 'noscemus_726758_19451', 'token_id': 77626292, 'token_text': 'Sed'}
 {'char_end': 38, 'char_start': 36, 'lemma': 'de', 'pos': 'ADP', 'sentence_id': 'noscemus_726758_19451', 'token_id': 77626293, 'token_text': 'de'}
 {'char_end': 48, 'char_start': 39, 'lemma': 'Scaligerius', 'pos': 'PROPN', 'sentence_id': 'noscemus_726758_19451', 'token_id': 77626294, 'token_text': 'Scaligeri'}
 {'char_end': 49, 'char_start': 48, 'lemma': ',', 'pos': 'PUNCT', 'sentence_id': 'noscemus_726758_19451', 'token_id': 77626295, 'token_text': ','}
 {'char_end': 54, 'char_start': 50, 'lemma': 'uir', 'pos': 'NOUN', 'sentence_id': 'noscemus_726758_19451', 'token_id': 77626296, 'token_text': 'uiri'}
 {'char_end': 58, 'char_start': 55, 'lemma': 'utor', 'pos': 'VERB', 'sentence_id': 'noscemus_726758_19451', 'token_id': 77626297, 'token_text': 'uti'}
 {'char_end': 67, 'char_start': 59, 'lemma': 'credo', 'pos': 'VERB', 'sentence_id': 'noscemus_726758_19451', 'token_id': 77626298, 'token_text': 'creditur'}
 {'char_end': 68, 'char_start': 67, 'lemma': ',', 'pos': 'PUNCT', 'sentence_id': 'noscemus_726758_19451', 'token_id': 77626299, 'token_text': ','}
 {'char_end': 74, 'char_start': 69, 'lemma': 'magnus', 'pos': 'ADJ', 'sentence_id': 'noscemus_726758_19451', 'token_id': 77626300, 'token_text': 'magni'}
 {'char_end': 75, 'char_start': 74, 'lemma': ',', 'pos': 'PUNCT', 'sentence_id': 'noscemus_726758_19451', 'token_id': 77626301, 'token_text': ','}
 {'char_end': 79, 'char_start': 76, 'lemma': 'hic', 'pos': 'DET', 'sentence_id': 'noscemus_726758_19451', 'token_id': 77626302, 'token_text': 'hic'}
 {'char_end': 87, 'char_start': 80, 'lemma': 'irrisor', 'pos': 'NOUN', 'sentence_id': 'noscemus_726758_19451', 'token_id': 77626303, 'token_text': 'irrisor'}
 {'char_end': 88, 'char_start': 87, 'lemma': ',', 'pos': 'PUNCT', 'sentence_id': 'noscemus_726758_19451', 'token_id': 77626304, 'token_text': ','}
 {'char_end': 91, 'char_start': 89, 'lemma': 'in', 'pos': 'ADP', 'sentence_id': 'noscemus_726758_19451', 'token_id': 77626305, 'token_text': 'in'}
 {'char_end': 96, 'char_start': 92, 'lemma': 'suus', 'pos': 'DET', 'sentence_id': 'noscemus_726758_19451', 'token_id': 77626306, 'token_text': 'suis'}
 {'char_end': 108, 'char_start': 97, 'lemma': 'labyrinthus', 'pos': 'NOUN', 'sentence_id': 'noscemus_726758_19451', 'token_id': 77626307, 'token_text': 'labyrinthis'}
 {'char_end': 122, 'char_start': 109, 'lemma': 'consarcino', 'pos': 'VERB', 'sentence_id': 'noscemus_726758_19451', 'token_id': 77626308, 'token_text': 'consarcinauit'}
 {'char_end': 123, 'char_start': 122, 'lemma': ',', 'pos': 'PUNCT', 'sentence_id': 'noscemus_726758_19451', 'token_id': 77626309, 'token_text': ','}
 {'char_end': 129, 'char_start': 124, 'lemma': 'magnus', 'pos': 'ADJ', 'sentence_id': 'noscemus_726758_19451', 'token_id': 77626310, 'token_text': 'magni'}
 {'char_end': 132, 'char_start': 129, 'lemma': 'que', 'pos': 'CCONJ', 'sentence_id': 'noscemus_726758_19451', 'token_id': 77626311, 'token_text': 'que'}
 {'char_end': 140, 'char_start': 133, 'lemma': 'alius', 'pos': 'DET', 'sentence_id': 'noscemus_726758_19451', 'token_id': 77626312, 'token_text': 'aliorum'}
 {'char_end': 150, 'char_start': 141, 'lemma': 'irrisor', 'pos': 'NOUN', 'sentence_id': 'noscemus_726758_19451', 'token_id': 77626313, 'token_text': 'irrisoris'}
 {'char_end': 151, 'char_start': 150, 'lemma': ',', 'pos': 'PUNCT', 'sentence_id': 'noscemus_726758_19451', 'token_id': 77626314, 'token_text': ','}
 {'char_end': 163, 'char_start': 152, 'lemma': 'Aristoteles', 'pos': 'PROPN', 'sentence_id': 'noscemus_726758_19451', 'token_id': 77626315, 'token_text': 'Aristotelis'}
 {'char_end': 170, 'char_start': 164, 'lemma': 'solus', 'pos': 'DET', 'sentence_id': 'noscemus_726758_19451', 'token_id': 77626316, 'token_text': 'solius'}
 {'char_end': 175, 'char_start': 171, 'lemma': 'quis', 'pos': 'PRON', 'sentence_id': 'noscemus_726758_19451', 'token_id': 77626317, 'token_text': 'quis'}
 {'char_end': 178, 'char_start': 176, 'lemma': 'is', 'pos': 'PRON', 'sentence_id': 'noscemus_726758_19451', 'token_id': 77626318, 'token_text': 'ei'}
 {'char_end': 186, 'char_start': 179, 'lemma': 'ample', 'pos': 'ADV', 'sentence_id': 'noscemus_726758_19451', 'token_id': 77626319, 'token_text': 'amplius'}
 {'char_end': 192, 'char_start': 187, 'lemma': 'fides', 'pos': 'NOUN', 'sentence_id': 'noscemus_726758_19451', 'token_id': 77626320, 'token_text': 'fidem'}
 {'char_end': 201, 'char_start': 193, 'lemma': 'praesto', 'pos': 'VERB', 'sentence_id': 'noscemus_726758_19451', 'token_id': 77626321, 'token_text': 'praestet'}
 {'char_end': 202, 'char_start': 201, 'lemma': ',', 'pos': 'PUNCT', 'sentence_id': 'noscemus_726758_19451', 'token_id': 77626322, 'token_text': ','}
 {'char_end': 205, 'char_start': 203, 'lemma': 'in', 'pos': 'ADP', 'sentence_id': 'noscemus_726758_19451', 'token_id': 77626323, 'token_text': 'in'}
 {'char_end': 212, 'char_start': 206, 'lemma': 'causa', 'pos': 'NOUN', 'sentence_id': 'noscemus_726758_19451', 'token_id': 77626324, 'token_text': 'causis'}
 {'char_end': 229, 'char_start': 213, 'lemma': 'affluadmirator', 'pos': 'NOUN', 'sentence_id': 'noscemus_726758_19451', 'token_id': 77626325, 'token_text': 'affluadmiratoris'}
 {'char_end': 239, 'char_start': 230, 'lemma': 'sententia', 'pos': 'NOUN', 'sentence_id': 'noscemus_726758_19451', 'token_id': 77626326, 'token_text': 'sententia'}
 {'char_end': 240, 'char_start': 239, 'lemma': ',', 'pos': 'PUNCT', 'sentence_id': 'noscemus_726758_19451', 'token_id': 77626327, 'token_text': ','}
 {'char_end': 245, 'char_start': 241, 'lemma': 'quis', 'pos': 'PRON', 'sentence_id': 'noscemus_726758_19451', 'token_id': 77626328, 'token_text': 'quid'}
 {'char_end': 254, 'char_start': 246, 'lemma': 'dico', 'pos': 'VERB', 'sentence_id': 'noscemus_726758_19451', 'token_id': 77626329, 'token_text': 'dicendum'}
 {'char_end': 255, 'char_start': 254, 'lemma': '?', 'pos': 'PUNCT', 'sentence_id': 'noscemus_726758_19451', 'token_id': 77626330, 'token_text': '?'}]","[{'char_end': 58, 'char_start': 55, 'lemma': 'utor', 'pos': 'VERB', 'sentence_id': 'noscemus_726758_19451', 'token_id': 77626297, 'token_text': 'uti'}
 {'char_end': 67, 'char_start': 59, 'lemma': 'credo', 'pos': 'VERB', 'sentence_id': 'noscemus_726758_19451', 'token_id': 77626298, 'token_text': 'creditur'}
 {'char_end': 68, 'char_start': 67, 'lemma': ',', 'pos': 'PUNCT', 'sentence_id': 'noscemus_726758_19451', 'token_id': 77626299, 'token_text': ','}
 {'char_end': 74, 'char_start': 69, 'lemma': 'magnus', 'pos': 'ADJ', 'sentence_id': 'noscemus_726758_19451', 'token_id': 77626300, 'token_text': 'magni'}
 {'char_end': 75, 'char_start': 74, 'lemma': ',', 'pos': 'PUNCT', 'sentence_id': 'noscemus_726758_19451', 'token_id': 77626301, 'token_text': ','}
 {'char_end': 79, 'char_start': 76, 'lemma': 'hic', 'pos': 'DET', 'sentence_id': 'noscemus_726758_19451', 'token_id': 77626302, 'token_text': 'hic'}
 {'char_end': 87, 'char_start': 80, 'lemma': 'irrisor', 'pos': 'NOUN', 'sentence_id': 'noscemus_726758_19451', 'token_id': 77626303, 'token_text': 'irrisor'}
 {'char_end': 88, 'char_start': 87, 'lemma': ',', 'pos': 'PUNCT', 'sentence_id': 'noscemus_726758_19451', 'token_id': 77626304, 'token_text': ','}
 {'char_end': 91, 'char_start': 89, 'lemma': 'in', 'pos': 'ADP', 'sentence_id': 'noscemus_726758_19451', 'token_id': 77626305, 'token_text': 'in'}
 {'char_end': 96, 'char_start': 92, 'lemma': 'suus', 'pos': 'DET', 'sentence_id': 'noscemus_726758_19451', 'token_id': 77626306, 'token_text': 'suis'}
 {'char_end': 108, 'char_start': 97, 'lemma': 'labyrinthus', 'pos': 'NOUN', 'sentence_id': 'noscemus_726758_19451', 'token_id': 77626307, 'token_text': 'labyrinthis'}
 {'char_end': 122, 'char_start': 109, 'lemma': 'consarcino', 'pos': 'VERB', 'sentence_id': 'noscemus_726758_19451', 'token_id': 77626308, 'token_text': 'consarcinauit'}
 {'char_end': 123, 'char_start': 122, 'lemma': ',', 'pos': 'PUNCT', 'sentence_id': 'noscemus_726758_19451', 'token_id': 77626309, 'token_text': ','}
 {'char_end': 129, 'char_start': 124, 'lemma': 'magnus', 'pos': 'ADJ', 'sentence_id': 'noscemus_726758_19451', 'token_id': 77626310, 'token_text': 'magni'}
 {'char_end': 132, 'char_start': 129, 'lemma': 'que', 'pos': 'CCONJ', 'sentence_id': 'noscemus_726758_19451', 'token_id': 77626311, 'token_text': 'que'}
 {'char_end': 140, 'char_start': 133, 'lemma': 'alius', 'pos': 'DET', 'sentence_id': 'noscemus_726758_19451', 'token_id': 77626312, 'token_text': 'aliorum'}
 {'char_end': 150, 'char_start': 141, 'lemma': 'irrisor', 'pos': 'NOUN', 'sentence_id': 'noscemus_726758_19451', 'token_id': 77626313, 'token_text': 'irrisoris'}
 {'char_end': 151, 'char_start': 150, 'lemma': ',', 'pos': 'PUNCT', 'sentence_id': 'noscemus_726758_19451', 'token_id': 77626314, 'token_text': ','}
 {'char_end': 163, 'char_start': 152, 'lemma': 'Aristoteles', 'pos': 'PROPN', 'sentence_id': 'noscemus_726758_19451', 'token_id': 77626315, 'token_text': 'Aristotelis'}
 {'char_end': 170, 'char_start': 164, 'lemma': 'solus', 'pos': 'DET', 'sentence_id': 'noscemus_726758_19451', 'token_id': 77626316, 'token_text': 'solius'}
 {'char_end': 175, 'char_start': 171, 'lemma': 'quis', 'pos': 'PRON', 'sentence_id': 'noscemus_726758_19451', 'token_id': 77626317, 'token_text': 'quis'}]",1591.0,1591.0,1591.0,,,"Monograph, Encyclopedic work","Mathematics, Physics, Astronomy/Astrology/Cosmography, Meteorology/Earth sciences",77626307,97,108
434,"Schenck, Johann Georg","Observationes medicae de capite humano, hoc est, exempla capitis morborum, causarum, signorum, eventuum, curationum, ut singularia, sic abdita et monstrosa, ex clarissimorum medicorum veterum simul et recentiorum scriptis a Ioanne Schenckio de Grafenberg, apud nobile Brisgauorum Friburgum medico, collecta",noscemus_674799,noscemus_674799_7445,"munus huius ossiculi est excipere sonum sibi communicatum ab incude, eumque per oualem fenestram ad labyrinthum deferre.","Est enim triangulare repraesentans quodammodo Graecorum A, uel ferreum triangularem, qui annulis aliquot obsitus mendicum e intilenis apud multas nationes acconmodatur. | munus huius ossiculi est excipere sonum sibi communicatum ab incude, eumque per oualem fenestram ad labyrinthum deferre. | Figura illi contigit triangularis, qua autem de causa, me latet.",medical_anatomical,"[{'char_end': 5, 'char_start': 0, 'lemma': 'munus', 'pos': 'NOUN', 'sentence_id': 'noscemus_674799_7445', 'token_id': 79737904, 'token_text': 'munus'}
 {'char_end': 11, 'char_start': 6, 'lemma': 'hic', 'pos': 'DET', 'sentence_id': 'noscemus_674799_7445', 'token_id': 79737905, 'token_text': 'huius'}
 {'char_end': 20, 'char_start': 12, 'lemma': 'ossiculum', 'pos': 'NOUN', 'sentence_id': 'noscemus_674799_7445', 'token_id': 79737906, 'token_text': 'ossiculi'}
 {'char_end': 24, 'char_start': 21, 'lemma': 'sum', 'pos': 'AUX', 'sentence_id': 'noscemus_674799_7445', 'token_id': 79737907, 'token_text': 'est'}
 {'char_end': 33, 'char_start': 25, 'lemma': 'excipo', 'pos': 'VERB', 'sentence_id': 'noscemus_674799_7445', 'token_id': 79737908, 'token_text': 'excipere'}
 {'char_end': 39, 'char_start': 34, 'lemma': 'sonus', 'pos': 'NOUN', 'sentence_id': 'noscemus_674799_7445', 'token_id': 79737909, 'token_text': 'sonum'}
 {'char_end': 44, 'char_start': 40, 'lemma': 'sui', 'pos': 'PRON', 'sentence_id': 'noscemus_674799_7445', 'token_id': 79737910, 'token_text': 'sibi'}
 {'char_end': 57, 'char_start': 45, 'lemma': 'communico', 'pos': 'VERB', 'sentence_id': 'noscemus_674799_7445', 'token_id': 79737911, 'token_text': 'communicatum'}
 {'char_end': 60, 'char_start': 58, 'lemma': 'ab', 'pos': 'ADP', 'sentence_id': 'noscemus_674799_7445', 'token_id': 79737912, 'token_text': 'ab'}
 {'char_end': 67, 'char_start': 61, 'lemma': 'incus', 'pos': 'NOUN', 'sentence_id': 'noscemus_674799_7445', 'token_id': 79737913, 'token_text': 'incude'}
 {'char_end': 68, 'char_start': 67, 'lemma': ',', 'pos': 'PUNCT', 'sentence_id': 'noscemus_674799_7445', 'token_id': 79737914, 'token_text': ','}
 {'char_end': 72, 'char_start': 69, 'lemma': 'is', 'pos': 'PRON', 'sentence_id': 'noscemus_674799_7445', 'token_id': 79737915, 'token_text': 'eum'}
 {'char_end': 75, 'char_start': 72, 'lemma': 'que', 'pos': 'CCONJ', 'sentence_id': 'noscemus_674799_7445', 'token_id': 79737916, 'token_text': 'que'}
 {'char_end': 79, 'char_start': 76, 'lemma': 'per', 'pos': 'ADP', 'sentence_id': 'noscemus_674799_7445', 'token_id': 79737917, 'token_text': 'per'}
 {'char_end': 86, 'char_start': 80, 'lemma': 'oualis', 'pos': 'ADJ', 'sentence_id': 'noscemus_674799_7445', 'token_id': 79737918, 'token_text': 'oualem'}
 {'char_end': 96, 'char_start': 87, 'lemma': 'fenestra', 'pos': 'NOUN', 'sentence_id': 'noscemus_674799_7445', 'token_id': 79737919, 'token_text': 'fenestram'}
 {'char_end': 99, 'char_start': 97, 'lemma': 'ad', 'pos': 'ADP', 'sentence_id': 'noscemus_674799_7445', 'token_id': 79737920, 'token_text': 'ad'}
 {'char_end': 111, 'char_start': 100, 'lemma': 'labyrinthus', 'pos': 'NOUN', 'sentence_id': 'noscemus_674799_7445', 'token_id': 79737921, 'token_text': 'labyrinthum'}
 {'char_end': 119, 'char_start': 112, 'lemma': 'defero', 'pos': 'VERB', 'sentence_id': 'noscemus_674799_7445', 'token_id': 79737922, 'token_text': 'deferre'}
 {'char_end': 120, 'char_start': 119, 'lemma': '.', 'pos': 'PUNCT', 'sentence_id': 'noscemus_674799_7445', 'token_id': 79737923, 'token_text': '.'}]","[{'char_end': 57, 'char_start': 45, 'lemma': 'communico', 'pos': 'VERB', 'sentence_id': 'noscemus_674799_7445', 'token_id': 79737911, 'token_text': 'communicatum'}
 {'char_end': 60, 'char_start': 58, 'lemma': 'ab', 'pos': 'ADP', 'sentence_id': 'noscemus_674799_7445', 'token_id': 79737912, 'token_text': 'ab'}
 {'char_end': 67, 'char_start': 61, 'lemma': 'incus', 'pos': 'NOUN', 'sentence_id': 'noscemus_674799_7445', 'token_id': 79737913, 'token_text': 'incude'}
 {'char_end': 68, 'char_start': 67, 'lemma': ',', 'pos': 'PUNCT', 'sentence_id': 'noscemus_674799_7445', 'token_id': 79737914, 'token_text': ','}
 {'char_end': 72, 'char_start': 69, 'lemma': 'is', 'pos': 'PRON', 'sentence_id': 'noscemus_674799_7445', 'token_id': 79737915, 'token_text': 'eum'}
 {'char_end': 75, 'char_start': 72, 'lemma': 'que', 'pos': 'CCONJ', 'sentence_id': 'noscemus_674799_7445', 'token_id': 79737916, 'token_text': 'que'}
 {'char_end': 79, 'char_start': 76, 'lemma': 'per', 'pos': 'ADP', 'sentence_id': 'noscemus_674799_7445', 'token_id': 79737917, 'token_text': 'per'}
 {'char_end': 86, 'char_start': 80, 'lemma': 'oualis', 'pos': 'ADJ', 'sentence_id': 'noscemus_674799_7445', 'token_id': 79737918, 'token_text': 'oualem'}
 {'char_end': 96, 'char_start': 87, 'lemma': 'fenestra', 'pos': 'NOUN', 'sentence_id': 'noscemus_674799_7445', 'token_id': 79737919, 'token_text': 'fenestram'}
 {'char_end': 99, 'char_start': 97, 'lemma': 'ad', 'pos': 'ADP', 'sentence_id': 'noscemus_674799_7445', 'token_id': 79737920, 'token_text': 'ad'}
 {'char_end': 111, 'char_start': 100, 'lemma': 'labyrinthus', 'pos': 'NOUN', 'sentence_id': 'noscemus_674799_7445', 'token_id': 79737921, 'token_text': 'labyrinthum'}
 {'char_end': 119, 'char_start': 112, 'lemma': 'defero', 'pos': 'VERB', 'sentence_id': 'noscemus_674799_7445', 'token_id': 79737922, 'token_text': 'deferre'}
 {'char_end': 120, 'char_start': 119, 'lemma': '.', 'pos': 'PUNCT', 'sentence_id': 'noscemus_674799_7445', 'token_id': 79737923, 'token_text': '.'}
 {'char_end': 6, 'char_start': 0, 'lemma': 'figura', 'pos': 'NOUN', 'sentence_id': 'noscemus_674799_7446', 'token_id': 79737924, 'token_text': 'Figura'}
 {'char_end': 11, 'char_start': 7, 'lemma': 'ille', 'pos': 'DET', 'sentence_id': 'noscemus_674799_7446', 'token_id': 79737925, 'token_text': 'illi'}
 {'char_end': 20, 'char_start': 12, 'lemma': 'contingo', 'pos': 'VERB', 'sentence_id': 'noscemus_674799_7446', 'token_id': 79737926, 'token_text': 'contigit'}
 {'char_end': 33, 'char_start': 21, 'lemma': 'triangularis', 'pos': 'ADJ', 'sentence_id': 'noscemus_674799_7446', 'token_id': 79737927, 'token_text': 'triangularis'}
 {'char_end': 34, 'char_start': 33, 'lemma': ',', 'pos': 'PUNCT', 'sentence_id': 'noscemus_674799_7446', 'token_id': 79737928, 'token_text': ','}
 {'char_end': 38, 'char_start': 35, 'lemma': 'qui', 'pos': 'PRON', 'sentence_id': 'noscemus_674799_7446', 'token_id': 79737929, 'token_text': 'qua'}
 {'char_end': 44, 'char_start': 39, 'lemma': 'autem', 'pos': 'PART', 'sentence_id': 'noscemus_674799_7446', 'token_id': 79737930, 'token_text': 'autem'}
 {'char_end': 47, 'char_start': 45, 'lemma': 'de', 'pos': 'ADP', 'sentence_id': 'noscemus_674799_7446', 'token_id': 79737931, 'token_text': 'de'}]",1584.0,1584.0,1584.0,,,"Report, Other (see description), Encyclopedic work",Medicine,79737921,100,111
716,"Draud, Georg","Bibliotheca classica sive Catalogus officinalis, in quo singuli singularum facultatum et professionum libri, qui in quavis fere lingua extant quique inter hominum memoria propemodum in publicum prodierunt, secundum artes et disciplinas earumque titulos et locos communes auctorumque cognomina singulis classibus et rubricis subnexa ordine alphabetico recensentur additisque ubivis loco, tempore ac forma impressionis iusta serie disponuntur, usque ad annum MDCXXIV inclusive. Accesserunt hincinde praeter eas, quas ex catalogis nundinarum collegimus, haud infimae notae etiam alicunde congesta quaeque in prima editione non habentur. Quin etiam norit emptor Bibliothecae classicae, quae anno 1611 in lucem prodiit (ne Bibliothecae istius emptio emptori sit fraudi) supplementum ab anno 1611 usque ad annum 1624 inclusive propediem separatim editum iri. Accessit auctorum in toto opere dispersorum iuxta ordinem alphabeticum observata cognominum ratione dispositio. Omnia et singula colligente et disponente magistro Georgio Draudio.",noscemus_770048,noscemus_770048_23620,Labyrinthus alba.,Bonon. 24. | Labyrinthus alba. | Parmae 1519.,ambiguous_indeterminate,"[{'char_end': 11, 'char_start': 0, 'lemma': 'labyrinthus', 'pos': 'NOUN', 'sentence_id': 'noscemus_770048_23620', 'token_id': 92048791, 'token_text': 'Labyrinthus'}
 {'char_end': 16, 'char_start': 12, 'lemma': 'albus', 'pos': 'ADJ', 'sentence_id': 'noscemus_770048_23620', 'token_id': 92048792, 'token_text': 'alba'}
 {'char_end': 17, 'char_start': 16, 'lemma': '.', 'pos': 'PUNCT', 'sentence_id': 'noscemus_770048_23620', 'token_id': 92048793, 'token_text': '.'}]","[{'char_end': 9, 'char_start': 0, 'lemma': 'Uincentius', 'pos': 'ADJ', 'sentence_id': 'noscemus_770048_23618', 'token_id': 92048781, 'token_text': 'Uincentii'}
 {'char_end': 16, 'char_start': 10, 'lemma': 'Barsius', 'pos': 'PROPN', 'sentence_id': 'noscemus_770048_23618', 'token_id': 92048782, 'token_text': 'Barsii'}
 {'char_end': 22, 'char_start': 17, 'lemma': 'sylua', 'pos': 'PROPN', 'sentence_id': 'noscemus_770048_23618', 'token_id': 92048783, 'token_text': 'Sylua'}
 {'char_end': 24, 'char_start': 23, 'lemma': '&', 'pos': 'PUNCT', 'sentence_id': 'noscemus_770048_23618', 'token_id': 92048784, 'token_text': '&'}
 {'char_end': 32, 'char_start': 25, 'lemma': 'Elegia', 'pos': 'PROPN', 'sentence_id': 'noscemus_770048_23618', 'token_id': 92048785, 'token_text': 'Elegiae'}
 {'char_end': 33, 'char_start': 32, 'lemma': '.', 'pos': 'PUNCT', 'sentence_id': 'noscemus_770048_23618', 'token_id': 92048786, 'token_text': '.'}
 {'char_end': 5, 'char_start': 0, 'lemma': 'bonon', 'pos': 'VERB', 'sentence_id': 'noscemus_770048_23619', 'token_id': 92048787, 'token_text': 'Bonon'}
 {'char_end': 6, 'char_start': 5, 'lemma': '.', 'pos': 'PUNCT', 'sentence_id': 'noscemus_770048_23619', 'token_id': 92048788, 'token_text': '.'}
 {'char_end': 9, 'char_start': 7, 'lemma': '24', 'pos': 'NUM', 'sentence_id': 'noscemus_770048_23619', 'token_id': 92048789, 'token_text': '24'}
 {'char_end': 10, 'char_start': 9, 'lemma': '.', 'pos': 'PUNCT', 'sentence_id': 'noscemus_770048_23619', 'token_id': 92048790, 'token_text': '.'}
 {'char_end': 11, 'char_start': 0, 'lemma': 'labyrinthus', 'pos': 'NOUN', 'sentence_id': 'noscemus_770048_23620', 'token_id': 92048791, 'token_text': 'Labyrinthus'}
 {'char_end': 16, 'char_start': 12, 'lemma': 'albus', 'pos': 'ADJ', 'sentence_id': 'noscemus_770048_23620', 'token_id': 92048792, 'token_text': 'alba'}
 {'char_end': 17, 'char_start': 16, 'lemma': '.', 'pos': 'PUNCT', 'sentence_id': 'noscemus_770048_23620', 'token_id': 92048793, 'token_text': '.'}
 {'char_end': 6, 'char_start': 0, 'lemma': 'Parma', 'pos': 'NOUN', 'sentence_id': 'noscemus_770048_23621', 'token_id': 92048794, 'token_text': 'Parmae'}
 {'char_end': 11, 'char_start': 7, 'lemma': '1519', 'pos': 'X', 'sentence_id': 'noscemus_770048_23621', 'token_id': 92048795, 'token_text': '1519'}
 {'char_end': 12, 'char_start': 11, 'lemma': '.', 'pos': 'PUNCT', 'sentence_id': 'noscemus_770048_23621', 'token_id': 92048796, 'token_text': '.'}
 {'char_end': 7, 'char_start': 0, 'lemma': 'Basinius', 'pos': 'ADJ', 'sentence_id': 'noscemus_770048_23622', 'token_id': 92048797, 'token_text': 'Basinii'}
 {'char_end': 17, 'char_start': 8, 'lemma': 'Parmendo', 'pos': 'PROPN', 'sentence_id': 'noscemus_770048_23622', 'token_id': 92048798, 'token_text': 'Parmensis'}
 {'char_end': 25, 'char_start': 18, 'lemma': 'quidam', 'pos': 'DET', 'sentence_id': 'noscemus_770048_23622', 'token_id': 92048799, 'token_text': 'quaedam'}
 {'char_end': 26, 'char_start': 25, 'lemma': ',', 'pos': 'PUNCT', 'sentence_id': 'noscemus_770048_23622', 'token_id': 92048800, 'token_text': ','}
 {'char_end': 32, 'char_start': 27, 'lemma': 'Paris', 'pos': 'PROPN', 'sentence_id': 'noscemus_770048_23622', 'token_id': 92048801, 'token_text': 'Paris'}]",1625.0,1625.0,1625.0,,,Bibliography,"Mathematics, Physics, Astronomy/Astrology/Cosmography, Geography/Cartography, Meteorology/Earth sciences, Alchemy/Chemistry, Biology, Medicine, Other (see description)",92048791,0,11
60,Desiderius Erasmus,"Adagia1508
",cc_12132,cc_12132_25027,Torqueri potest et in perplexas sophistarum argutias ac syllogismorum inexplicabiles labyrinthos aut in sycophantas ac delatores qui uera falsis permiscendo nectunt calumnias.,"De uersutis et, ut ait Plautus, consutis dolis dictitatum. | Torqueri potest et in perplexas sophistarum argutias ac syllogismorum inexplicabiles labyrinthos aut in sycophantas ac delatores qui uera falsis permiscendo nectunt calumnias. | Ammianus Xiu refert Paulo cuidam, qui plurimos admirandis technis deferebat apud Constantium, uulgo cognomen inditum Cathenae, quod in complicandis delationibus nodos necteret insolubiles.",confusion_metaphorics,"[{'char_end': 8, 'char_start': 0, 'lemma': 'torqueo', 'pos': 'VERB', 'sentence_id': 'cc_12132_25027', 'token_id': 255840855, 'token_text': 'Torqueri'}
 {'char_end': 15, 'char_start': 9, 'lemma': 'possum', 'pos': 'VERB', 'sentence_id': 'cc_12132_25027', 'token_id': 255840856, 'token_text': 'potest'}
 {'char_end': 18, 'char_start': 16, 'lemma': 'et', 'pos': 'CCONJ', 'sentence_id': 'cc_12132_25027', 'token_id': 255840857, 'token_text': 'et'}
 {'char_end': 21, 'char_start': 19, 'lemma': 'in', 'pos': 'ADP', 'sentence_id': 'cc_12132_25027', 'token_id': 255840858, 'token_text': 'in'}
 {'char_end': 31, 'char_start': 22, 'lemma': 'perplexus', 'pos': 'VERB', 'sentence_id': 'cc_12132_25027', 'token_id': 255840859, 'token_text': 'perplexas'}
 {'char_end': 43, 'char_start': 32, 'lemma': 'sophistes', 'pos': 'NOUN', 'sentence_id': 'cc_12132_25027', 'token_id': 255840860, 'token_text': 'sophistarum'}
 {'char_end': 52, 'char_start': 44, 'lemma': 'argutia', 'pos': 'NOUN', 'sentence_id': 'cc_12132_25027', 'token_id': 255840861, 'token_text': 'argutias'}
 {'char_end': 55, 'char_start': 53, 'lemma': 'atque', 'pos': 'CCONJ', 'sentence_id': 'cc_12132_25027', 'token_id': 255840862, 'token_text': 'ac'}
 {'char_end': 69, 'char_start': 56, 'lemma': 'syllogismus', 'pos': 'NOUN', 'sentence_id': 'cc_12132_25027', 'token_id': 255840863, 'token_text': 'syllogismorum'}
 {'char_end': 84, 'char_start': 70, 'lemma': 'inexplicabilis', 'pos': 'ADJ', 'sentence_id': 'cc_12132_25027', 'token_id': 255840864, 'token_text': 'inexplicabiles'}
 {'char_end': 96, 'char_start': 85, 'lemma': 'labyrinthus', 'pos': 'NOUN', 'sentence_id': 'cc_12132_25027', 'token_id': 255840865, 'token_text': 'labyrinthos'}
 {'char_end': 100, 'char_start': 97, 'lemma': 'aut', 'pos': 'CCONJ', 'sentence_id': 'cc_12132_25027', 'token_id': 255840866, 'token_text': 'aut'}
 {'char_end': 103, 'char_start': 101, 'lemma': 'in', 'pos': 'ADP', 'sentence_id': 'cc_12132_25027', 'token_id': 255840867, 'token_text': 'in'}
 {'char_end': 115, 'char_start': 104, 'lemma': 'sycophanta', 'pos': 'NOUN', 'sentence_id': 'cc_12132_25027', 'token_id': 255840868, 'token_text': 'sycophantas'}
 {'char_end': 118, 'char_start': 116, 'lemma': 'atque', 'pos': 'CCONJ', 'sentence_id': 'cc_12132_25027', 'token_id': 255840869, 'token_text': 'ac'}
 {'char_end': 128, 'char_start': 119, 'lemma': 'delator', 'pos': 'NOUN', 'sentence_id': 'cc_12132_25027', 'token_id': 255840870, 'token_text': 'delatores'}
 {'char_end': 132, 'char_start': 129, 'lemma': 'qui', 'pos': 'PRON', 'sentence_id': 'cc_12132_25027', 'token_id': 255840871, 'token_text': 'qui'}
 {'char_end': 137, 'char_start': 133, 'lemma': 'uerus', 'pos': 'ADJ', 'sentence_id': 'cc_12132_25027', 'token_id': 255840872, 'token_text': 'uera'}
 {'char_end': 144, 'char_start': 138, 'lemma': 'falsus', 'pos': 'VERB', 'sentence_id': 'cc_12132_25027', 'token_id': 255840873, 'token_text': 'falsis'}
 {'char_end': 156, 'char_start': 145, 'lemma': 'permisceo', 'pos': 'VERB', 'sentence_id': 'cc_12132_25027', 'token_id': 255840874, 'token_text': 'permiscendo'}
 {'char_end': 164, 'char_start': 157, 'lemma': 'necto', 'pos': 'VERB', 'sentence_id': 'cc_12132_25027', 'token_id': 255840875, 'token_text': 'nectunt'}
 {'char_end': 174, 'char_start': 165, 'lemma': 'calumnia', 'pos': 'NOUN', 'sentence_id': 'cc_12132_25027', 'token_id': 255840876, 'token_text': 'calumnias'}
 {'char_end': 175, 'char_start': 174, 'lemma': '.', 'pos': 'PUNCT', 'sentence_id': 'cc_12132_25027', 'token_id': 255840877, 'token_text': '.'}]","[{'char_end': 8, 'char_start': 0, 'lemma': 'torqueo', 'pos': 'VERB', 'sentence_id': 'cc_12132_25027', 'token_id': 255840855, 'token_text': 'Torqueri'}
 {'char_end': 15, 'char_start': 9, 'lemma': 'possum', 'pos': 'VERB', 'sentence_id': 'cc_12132_25027', 'token_id': 255840856, 'token_text': 'potest'}
 {'char_end': 18, 'char_start': 16, 'lemma': 'et', 'pos': 'CCONJ', 'sentence_id': 'cc_12132_25027', 'token_id': 255840857, 'token_text': 'et'}
 {'char_end': 21, 'char_start': 19, 'lemma': 'in', 'pos': 'ADP', 'sentence_id': 'cc_12132_25027', 'token_id': 255840858, 'token_text': 'in'}
 {'char_end': 31, 'char_start': 22, 'lemma': 'perplexus', 'pos': 'VERB', 'sentence_id': 'cc_12132_25027', 'token_id': 255840859, 'token_text': 'perplexas'}
 {'char_end': 43, 'char_start': 32, 'lemma': 'sophistes', 'pos': 'NOUN', 'sentence_id': 'cc_12132_25027', 'token_id': 255840860, 'token_text': 'sophistarum'}
 {'char_end': 52, 'char_start': 44, 'lemma': 'argutia', 'pos': 'NOUN', 'sentence_id': 'cc_12132_25027', 'token_id': 255840861, 'token_text': 'argutias'}
 {'char_end': 55, 'char_start': 53, 'lemma': 'atque', 'pos': 'CCONJ', 'sentence_id': 'cc_12132_25027', 'token_id': 255840862, 'token_text': 'ac'}
 {'char_end': 69, 'char_start': 56, 'lemma': 'syllogismus', 'pos': 'NOUN', 'sentence_id': 'cc_12132_25027', 'token_id': 255840863, 'token_text': 'syllogismorum'}
 {'char_end': 84, 'char_start': 70, 'lemma': 'inexplicabilis', 'pos': 'ADJ', 'sentence_id': 'cc_12132_25027', 'token_id': 255840864, 'token_text': 'inexplicabiles'}
 {'char_end': 96, 'char_start': 85, 'lemma': 'labyrinthus', 'pos': 'NOUN', 'sentence_id': 'cc_12132_25027', 'token_id': 255840865, 'token_text': 'labyrinthos'}
 {'char_end': 100, 'char_start': 97, 'lemma': 'aut', 'pos': 'CCONJ', 'sentence_id': 'cc_12132_25027', 'token_id': 255840866, 'token_text': 'aut'}
 {'char_end': 103, 'char_start': 101, 'lemma': 'in', 'pos': 'ADP', 'sentence_id': 'cc_12132_25027', 'token_id': 255840867, 'token_text': 'in'}
 {'char_end': 115, 'char_start': 104, 'lemma': 'sycophanta', 'pos': 'NOUN', 'sentence_id': 'cc_12132_25027', 'token_id': 255840868, 'token_text': 'sycophantas'}
 {'char_end': 118, 'char_start': 116, 'lemma': 'atque', 'pos': 'CCONJ', 'sentence_id': 'cc_12132_25027', 'token_id': 255840869, 'token_text': 'ac'}
 {'char_end': 128, 'char_start': 119, 'lemma': 'delator', 'pos': 'NOUN', 'sentence_id': 'cc_12132_25027', 'token_id': 255840870, 'token_text': 'delatores'}
 {'char_end': 132, 'char_start': 129, 'lemma': 'qui', 'pos': 'PRON', 'sentence_id': 'cc_12132_25027', 'token_id': 255840871, 'token_text': 'qui'}
 {'char_end': 137, 'char_start': 133, 'lemma': 'uerus', 'pos': 'ADJ', 'sentence_id': 'cc_12132_25027', 'token_id': 255840872, 'token_text': 'uera'}
 {'char_end': 144, 'char_start': 138, 'lemma': 'falsus', 'pos': 'VERB', 'sentence_id': 'cc_12132_25027', 'token_id': 255840873, 'token_text': 'falsis'}
 {'char_end': 156, 'char_start': 145, 'lemma': 'permisceo', 'pos': 'VERB', 'sentence_id': 'cc_12132_25027', 'token_id': 255840874, 'token_text': 'permiscendo'}
 {'char_end': 164, 'char_start': 157, 'lemma': 'necto', 'pos': 'VERB', 'sentence_id': 'cc_12132_25027', 'token_id': 255840875, 'token_text': 'nectunt'}]",1466.0,1536.0,1493.0,,,,,255840865,85,96
655,"Leeuwenhoek, Antoni van",Arcana naturae detecta ab Antonio van Leeuwenhoek,noscemus_744031,noscemus_744031_7579,adeo ut partes illae materiae oleosae intra nucem ob omnes ejus ambages angulosque labyrinthum mihi fere repraesentarent;,"ac e contrario omnem in nuce materiam albicantem a uermibus consumtam; | adeo ut partes illae materiae oleosae intra nucem ob omnes ejus ambages angulosque labyrinthum mihi fere repraesentarent; | cum e contra nuces immaturae, quia materia oleosa in extremo tandem, siue in maturitate in nuce formatur, plane interioribus suis partibus perroderentur atque a uermibus comederentur.",scientific_complexity_metaphorics,"[{'char_end': 4, 'char_start': 0, 'lemma': 'adeo', 'pos': 'ADV', 'sentence_id': 'noscemus_744031_7579', 'token_id': 118751007, 'token_text': 'adeo'}
 {'char_end': 7, 'char_start': 5, 'lemma': 'ut', 'pos': 'SCONJ', 'sentence_id': 'noscemus_744031_7579', 'token_id': 118751008, 'token_text': 'ut'}
 {'char_end': 14, 'char_start': 8, 'lemma': 'pars', 'pos': 'NOUN', 'sentence_id': 'noscemus_744031_7579', 'token_id': 118751009, 'token_text': 'partes'}
 {'char_end': 20, 'char_start': 15, 'lemma': 'ille', 'pos': 'DET', 'sentence_id': 'noscemus_744031_7579', 'token_id': 118751010, 'token_text': 'illae'}
 {'char_end': 29, 'char_start': 21, 'lemma': 'materia', 'pos': 'NOUN', 'sentence_id': 'noscemus_744031_7579', 'token_id': 118751011, 'token_text': 'materiae'}
 {'char_end': 37, 'char_start': 30, 'lemma': 'oleosus', 'pos': 'ADJ', 'sentence_id': 'noscemus_744031_7579', 'token_id': 118751012, 'token_text': 'oleosae'}
 {'char_end': 43, 'char_start': 38, 'lemma': 'intra', 'pos': 'ADP', 'sentence_id': 'noscemus_744031_7579', 'token_id': 118751013, 'token_text': 'intra'}
 {'char_end': 49, 'char_start': 44, 'lemma': 'nux', 'pos': 'NOUN', 'sentence_id': 'noscemus_744031_7579', 'token_id': 118751014, 'token_text': 'nucem'}
 {'char_end': 52, 'char_start': 50, 'lemma': 'ob', 'pos': 'ADP', 'sentence_id': 'noscemus_744031_7579', 'token_id': 118751015, 'token_text': 'ob'}
 {'char_end': 58, 'char_start': 53, 'lemma': 'omnis', 'pos': 'DET', 'sentence_id': 'noscemus_744031_7579', 'token_id': 118751016, 'token_text': 'omnes'}
 {'char_end': 63, 'char_start': 59, 'lemma': 'ejus', 'pos': 'DET', 'sentence_id': 'noscemus_744031_7579', 'token_id': 118751017, 'token_text': 'ejus'}
 {'char_end': 71, 'char_start': 64, 'lemma': 'ambages', 'pos': 'NOUN', 'sentence_id': 'noscemus_744031_7579', 'token_id': 118751018, 'token_text': 'ambages'}
 {'char_end': 79, 'char_start': 72, 'lemma': 'angulus', 'pos': 'NOUN', 'sentence_id': 'noscemus_744031_7579', 'token_id': 118751019, 'token_text': 'angulos'}
 {'char_end': 82, 'char_start': 79, 'lemma': 'que', 'pos': 'CCONJ', 'sentence_id': 'noscemus_744031_7579', 'token_id': 118751020, 'token_text': 'que'}
 {'char_end': 94, 'char_start': 83, 'lemma': 'labyrinthus', 'pos': 'NOUN', 'sentence_id': 'noscemus_744031_7579', 'token_id': 118751021, 'token_text': 'labyrinthum'}
 {'char_end': 99, 'char_start': 95, 'lemma': 'ego', 'pos': 'PRON', 'sentence_id': 'noscemus_744031_7579', 'token_id': 118751022, 'token_text': 'mihi'}
 {'char_end': 104, 'char_start': 100, 'lemma': 'fere', 'pos': 'ADV', 'sentence_id': 'noscemus_744031_7579', 'token_id': 118751023, 'token_text': 'fere'}
 {'char_end': 120, 'char_start': 105, 'lemma': 'repraesento', 'pos': 'VERB', 'sentence_id': 'noscemus_744031_7579', 'token_id': 118751024, 'token_text': 'repraesentarent'}
 {'char_end': 121, 'char_start': 120, 'lemma': ';', 'pos': 'PUNCT', 'sentence_id': 'noscemus_744031_7579', 'token_id': 118751025, 'token_text': ';'}]","[{'char_end': 29, 'char_start': 21, 'lemma': 'materia', 'pos': 'NOUN', 'sentence_id': 'noscemus_744031_7579', 'token_id': 118751011, 'token_text': 'materiae'}
 {'char_end': 37, 'char_start': 30, 'lemma': 'oleosus', 'pos': 'ADJ', 'sentence_id': 'noscemus_744031_7579', 'token_id': 118751012, 'token_text': 'oleosae'}
 {'char_end': 43, 'char_start': 38, 'lemma': 'intra', 'pos': 'ADP', 'sentence_id': 'noscemus_744031_7579', 'token_id': 118751013, 'token_text': 'intra'}
 {'char_end': 49, 'char_start': 44, 'lemma': 'nux', 'pos': 'NOUN', 'sentence_id': 'noscemus_744031_7579', 'token_id': 118751014, 'token_text': 'nucem'}
 {'char_end': 52, 'char_start': 50, 'lemma': 'ob', 'pos': 'ADP', 'sentence_id': 'noscemus_744031_7579', 'token_id': 118751015, 'token_text': 'ob'}
 {'char_end': 58, 'char_start': 53, 'lemma': 'omnis', 'pos': 'DET', 'sentence_id': 'noscemus_744031_7579', 'token_id': 118751016, 'token_text': 'omnes'}
 {'char_end': 63, 'char_start': 59, 'lemma': 'ejus', 'pos': 'DET', 'sentence_id': 'noscemus_744031_7579', 'token_id': 118751017, 'token_text': 'ejus'}
 {'char_end': 71, 'char_start': 64, 'lemma': 'ambages', 'pos': 'NOUN', 'sentence_id': 'noscemus_744031_7579', 'token_id': 118751018, 'token_text': 'ambages'}
 {'char_end': 79, 'char_start': 72, 'lemma': 'angulus', 'pos': 'NOUN', 'sentence_id': 'noscemus_744031_7579', 'token_id': 118751019, 'token_text': 'angulos'}
 {'char_end': 82, 'char_start': 79, 'lemma': 'que', 'pos': 'CCONJ', 'sentence_id': 'noscemus_744031_7579', 'token_id': 118751020, 'token_text': 'que'}
 {'char_end': 94, 'char_start': 83, 'lemma': 'labyrinthus', 'pos': 'NOUN', 'sentence_id': 'noscemus_744031_7579', 'token_id': 118751021, 'token_text': 'labyrinthum'}
 {'char_end': 99, 'char_start': 95, 'lemma': 'ego', 'pos': 'PRON', 'sentence_id': 'noscemus_744031_7579', 'token_id': 118751022, 'token_text': 'mihi'}
 {'char_end': 104, 'char_start': 100, 'lemma': 'fere', 'pos': 'ADV', 'sentence_id': 'noscemus_744031_7579', 'token_id': 118751023, 'token_text': 'fere'}
 {'char_end': 120, 'char_start': 105, 'lemma': 'repraesento', 'pos': 'VERB', 'sentence_id': 'noscemus_744031_7579', 'token_id': 118751024, 'token_text': 'repraesentarent'}
 {'char_end': 121, 'char_start': 120, 'lemma': ';', 'pos': 'PUNCT', 'sentence_id': 'noscemus_744031_7579', 'token_id': 118751025, 'token_text': ';'}
 {'char_end': 3, 'char_start': 0, 'lemma': 'cum', 'pos': 'SCONJ', 'sentence_id': 'noscemus_744031_7580', 'token_id': 118751026, 'token_text': 'cum'}
 {'char_end': 5, 'char_start': 4, 'lemma': 'ex', 'pos': 'ADP', 'sentence_id': 'noscemus_744031_7580', 'token_id': 118751027, 'token_text': 'e'}
 {'char_end': 12, 'char_start': 6, 'lemma': 'contra', 'pos': 'ADP', 'sentence_id': 'noscemus_744031_7580', 'token_id': 118751028, 'token_text': 'contra'}
 {'char_end': 18, 'char_start': 13, 'lemma': 'nux', 'pos': 'NOUN', 'sentence_id': 'noscemus_744031_7580', 'token_id': 118751029, 'token_text': 'nuces'}
 {'char_end': 28, 'char_start': 19, 'lemma': 'immatura', 'pos': 'NOUN', 'sentence_id': 'noscemus_744031_7580', 'token_id': 118751030, 'token_text': 'immaturae'}
 {'char_end': 29, 'char_start': 28, 'lemma': ',', 'pos': 'PUNCT', 'sentence_id': 'noscemus_744031_7580', 'token_id': 118751031, 'token_text': ','}]",1695.0,1695.0,1695.0,,,"Letter, Encyclopedic work","Physics, Alchemy/Chemistry, Biology",118751021,83,94
239,Eulogius Toletanus799-859 ,Memorialis sanctorum,cc_9045,cc_9045_470,"Quia et propter Deum inimicos diligentes, de salute eorum ualde solliciti ne diutius labyrintho impietatis detinerentur, arguere non destiterunt, et benefacientes his qui oderant Christum, melius uisi sunt per effusionem sanguinis uecordiam eorum, quam per doctrinae uerba instruere:","Ipsi denique sancti, qui hanc corporis cladem coelitus compuncti propter ueritatis professionem aggressi sunt, in nullo a praedictorum custodia mandatorum se auertunt. | Quia et propter Deum inimicos diligentes, de salute eorum ualde solliciti ne diutius labyrintho impietatis detinerentur, arguere non destiterunt, et benefacientes his qui oderant Christum, melius uisi sunt per effusionem sanguinis uecordiam eorum, quam per doctrinae uerba instruere: | ut relicta uanitate superstitionis, non solum Christum credere, uerum etiam usque ad mortem propter illum decertare contenderent.",confusion_metaphorics,"[{'char_end': 4, 'char_start': 0, 'lemma': 'quia', 'pos': 'SCONJ', 'sentence_id': 'cc_9045_470', 'token_id': 186091877, 'token_text': 'Quia'}
 {'char_end': 7, 'char_start': 5, 'lemma': 'et', 'pos': 'ADV', 'sentence_id': 'cc_9045_470', 'token_id': 186091878, 'token_text': 'et'}
 {'char_end': 15, 'char_start': 8, 'lemma': 'propter', 'pos': 'ADP', 'sentence_id': 'cc_9045_470', 'token_id': 186091879, 'token_text': 'propter'}
 {'char_end': 20, 'char_start': 16, 'lemma': 'Deus', 'pos': 'NOUN', 'sentence_id': 'cc_9045_470', 'token_id': 186091880, 'token_text': 'Deum'}
 {'char_end': 29, 'char_start': 21, 'lemma': 'inimicus', 'pos': 'NOUN', 'sentence_id': 'cc_9045_470', 'token_id': 186091881, 'token_text': 'inimicos'}
 {'char_end': 40, 'char_start': 30, 'lemma': 'diligo', 'pos': 'VERB', 'sentence_id': 'cc_9045_470', 'token_id': 186091882, 'token_text': 'diligentes'}
 {'char_end': 41, 'char_start': 40, 'lemma': ',', 'pos': 'PUNCT', 'sentence_id': 'cc_9045_470', 'token_id': 186091883, 'token_text': ','}
 {'char_end': 44, 'char_start': 42, 'lemma': 'de', 'pos': 'ADP', 'sentence_id': 'cc_9045_470', 'token_id': 186091884, 'token_text': 'de'}
 {'char_end': 51, 'char_start': 45, 'lemma': 'salus', 'pos': 'NOUN', 'sentence_id': 'cc_9045_470', 'token_id': 186091885, 'token_text': 'salute'}
 {'char_end': 57, 'char_start': 52, 'lemma': 'is', 'pos': 'PRON', 'sentence_id': 'cc_9045_470', 'token_id': 186091886, 'token_text': 'eorum'}
 {'char_end': 63, 'char_start': 58, 'lemma': 'ualde', 'pos': 'ADV', 'sentence_id': 'cc_9045_470', 'token_id': 186091887, 'token_text': 'ualde'}
 {'char_end': 73, 'char_start': 64, 'lemma': 'sollicitus', 'pos': 'ADJ', 'sentence_id': 'cc_9045_470', 'token_id': 186091888, 'token_text': 'solliciti'}
 {'char_end': 76, 'char_start': 74, 'lemma': 'ne', 'pos': 'SCONJ', 'sentence_id': 'cc_9045_470', 'token_id': 186091889, 'token_text': 'ne'}
 {'char_end': 84, 'char_start': 77, 'lemma': 'diu', 'pos': 'ADV', 'sentence_id': 'cc_9045_470', 'token_id': 186091890, 'token_text': 'diutius'}
 {'char_end': 95, 'char_start': 85, 'lemma': 'labyrinthus', 'pos': 'NOUN', 'sentence_id': 'cc_9045_470', 'token_id': 186091891, 'token_text': 'labyrintho'}
 {'char_end': 106, 'char_start': 96, 'lemma': 'impietas', 'pos': 'NOUN', 'sentence_id': 'cc_9045_470', 'token_id': 186091892, 'token_text': 'impietatis'}
 {'char_end': 119, 'char_start': 107, 'lemma': 'detineo', 'pos': 'VERB', 'sentence_id': 'cc_9045_470', 'token_id': 186091893, 'token_text': 'detinerentur'}
 {'char_end': 120, 'char_start': 119, 'lemma': ',', 'pos': 'PUNCT', 'sentence_id': 'cc_9045_470', 'token_id': 186091894, 'token_text': ','}
 {'char_end': 128, 'char_start': 121, 'lemma': 'arguo', 'pos': 'VERB', 'sentence_id': 'cc_9045_470', 'token_id': 186091895, 'token_text': 'arguere'}
 {'char_end': 132, 'char_start': 129, 'lemma': 'non', 'pos': 'PART', 'sentence_id': 'cc_9045_470', 'token_id': 186091896, 'token_text': 'non'}
 {'char_end': 144, 'char_start': 133, 'lemma': 'desisto', 'pos': 'VERB', 'sentence_id': 'cc_9045_470', 'token_id': 186091897, 'token_text': 'destiterunt'}
 {'char_end': 145, 'char_start': 144, 'lemma': ',', 'pos': 'PUNCT', 'sentence_id': 'cc_9045_470', 'token_id': 186091898, 'token_text': ','}
 {'char_end': 148, 'char_start': 146, 'lemma': 'et', 'pos': 'CCONJ', 'sentence_id': 'cc_9045_470', 'token_id': 186091899, 'token_text': 'et'}
 {'char_end': 162, 'char_start': 149, 'lemma': 'benefacio', 'pos': 'VERB', 'sentence_id': 'cc_9045_470', 'token_id': 186091900, 'token_text': 'benefacientes'}
 {'char_end': 166, 'char_start': 163, 'lemma': 'hic', 'pos': 'DET', 'sentence_id': 'cc_9045_470', 'token_id': 186091901, 'token_text': 'his'}
 {'char_end': 170, 'char_start': 167, 'lemma': 'qui', 'pos': 'PRON', 'sentence_id': 'cc_9045_470', 'token_id': 186091902, 'token_text': 'qui'}
 {'char_end': 178, 'char_start': 171, 'lemma': 'odi', 'pos': 'VERB', 'sentence_id': 'cc_9045_470', 'token_id': 186091903, 'token_text': 'oderant'}
 {'char_end': 187, 'char_start': 179, 'lemma': 'Christus', 'pos': 'PROPN', 'sentence_id': 'cc_9045_470', 'token_id': 186091904, 'token_text': 'Christum'}
 {'char_end': 188, 'char_start': 187, 'lemma': ',', 'pos': 'PUNCT', 'sentence_id': 'cc_9045_470', 'token_id': 186091905, 'token_text': ','}
 {'char_end': 195, 'char_start': 189, 'lemma': 'melior', 'pos': 'ADV', 'sentence_id': 'cc_9045_470', 'token_id': 186091906, 'token_text': 'melius'}
 {'char_end': 200, 'char_start': 196, 'lemma': 'uiseo', 'pos': 'VERB', 'sentence_id': 'cc_9045_470', 'token_id': 186091907, 'token_text': 'uisi'}
 {'char_end': 205, 'char_start': 201, 'lemma': 'sum', 'pos': 'AUX', 'sentence_id': 'cc_9045_470', 'token_id': 186091908, 'token_text': 'sunt'}
 {'char_end': 209, 'char_start': 206, 'lemma': 'per', 'pos': 'ADP', 'sentence_id': 'cc_9045_470', 'token_id': 186091909, 'token_text': 'per'}
 {'char_end': 220, 'char_start': 210, 'lemma': 'effusio', 'pos': 'NOUN', 'sentence_id': 'cc_9045_470', 'token_id': 186091910, 'token_text': 'effusionem'}
 {'char_end': 230, 'char_start': 221, 'lemma': 'sanguis', 'pos': 'NOUN', 'sentence_id': 'cc_9045_470', 'token_id': 186091911, 'token_text': 'sanguinis'}
 {'char_end': 240, 'char_start': 231, 'lemma': 'uecordia', 'pos': 'NOUN', 'sentence_id': 'cc_9045_470', 'token_id': 186091912, 'token_text': 'uecordiam'}
 {'char_end': 246, 'char_start': 241, 'lemma': 'is', 'pos': 'PRON', 'sentence_id': 'cc_9045_470', 'token_id': 186091913, 'token_text': 'eorum'}
 {'char_end': 247, 'char_start': 246, 'lemma': ',', 'pos': 'PUNCT', 'sentence_id': 'cc_9045_470', 'token_id': 186091914, 'token_text': ','}
 {'char_end': 252, 'char_start': 248, 'lemma': 'qui', 'pos': 'PRON', 'sentence_id': 'cc_9045_470', 'token_id': 186091915, 'token_text': 'quam'}
 {'char_end': 256, 'char_start': 253, 'lemma': 'per', 'pos': 'ADP', 'sentence_id': 'cc_9045_470', 'token_id': 186091916, 'token_text': 'per'}
 {'char_end': 266, 'char_start': 257, 'lemma': 'doctrina', 'pos': 'NOUN', 'sentence_id': 'cc_9045_470', 'token_id': 186091917, 'token_text': 'doctrinae'}
 {'char_end': 272, 'char_start': 267, 'lemma': 'uerbum', 'pos': 'NOUN', 'sentence_id': 'cc_9045_470', 'token_id': 186091918, 'token_text': 'uerba'}
 {'char_end': 282, 'char_start': 273, 'lemma': 'instruo', 'pos': 'VERB', 'sentence_id': 'cc_9045_470', 'token_id': 186091919, 'token_text': 'instruere'}
 {'char_end': 283, 'char_start': 282, 'lemma': ':', 'pos': 'PUNCT', 'sentence_id': 'cc_9045_470', 'token_id': 186091920, 'token_text': ':'}]","[{'char_end': 29, 'char_start': 21, 'lemma': 'inimicus', 'pos': 'NOUN', 'sentence_id': 'cc_9045_470', 'token_id': 186091881, 'token_text': 'inimicos'}
 {'char_end': 40, 'char_start': 30, 'lemma': 'diligo', 'pos': 'VERB', 'sentence_id': 'cc_9045_470', 'token_id': 186091882, 'token_text': 'diligentes'}
 {'char_end': 41, 'char_start': 40, 'lemma': ',', 'pos': 'PUNCT', 'sentence_id': 'cc_9045_470', 'token_id': 186091883, 'token_text': ','}
 {'char_end': 44, 'char_start': 42, 'lemma': 'de', 'pos': 'ADP', 'sentence_id': 'cc_9045_470', 'token_id': 186091884, 'token_text': 'de'}
 {'char_end': 51, 'char_start': 45, 'lemma': 'salus', 'pos': 'NOUN', 'sentence_id': 'cc_9045_470', 'token_id': 186091885, 'token_text': 'salute'}
 {'char_end': 57, 'char_start': 52, 'lemma': 'is', 'pos': 'PRON', 'sentence_id': 'cc_9045_470', 'token_id': 186091886, 'token_text': 'eorum'}
 {'char_end': 63, 'char_start': 58, 'lemma': 'ualde', 'pos': 'ADV', 'sentence_id': 'cc_9045_470', 'token_id': 186091887, 'token_text': 'ualde'}
 {'char_end': 73, 'char_start': 64, 'lemma': 'sollicitus', 'pos': 'ADJ', 'sentence_id': 'cc_9045_470', 'token_id': 186091888, 'token_text': 'solliciti'}
 {'char_end': 76, 'char_start': 74, 'lemma': 'ne', 'pos': 'SCONJ', 'sentence_id': 'cc_9045_470', 'token_id': 186091889, 'token_text': 'ne'}
 {'char_end': 84, 'char_start': 77, 'lemma': 'diu', 'pos': 'ADV', 'sentence_id': 'cc_9045_470', 'token_id': 186091890, 'token_text': 'diutius'}
 {'char_end': 95, 'char_start': 85, 'lemma': 'labyrinthus', 'pos': 'NOUN', 'sentence_id': 'cc_9045_470', 'token_id': 186091891, 'token_text': 'labyrintho'}
 {'char_end': 106, 'char_start': 96, 'lemma': 'impietas', 'pos': 'NOUN', 'sentence_id': 'cc_9045_470', 'token_id': 186091892, 'token_text': 'impietatis'}
 {'char_end': 119, 'char_start': 107, 'lemma': 'detineo', 'pos': 'VERB', 'sentence_id': 'cc_9045_470', 'token_id': 186091893, 'token_text': 'detinerentur'}
 {'char_end': 120, 'char_start': 119, 'lemma': ',', 'pos': 'PUNCT', 'sentence_id': 'cc_9045_470', 'token_id': 186091894, 'token_text': ','}
 {'char_end': 128, 'char_start': 121, 'lemma': 'arguo', 'pos': 'VERB', 'sentence_id': 'cc_9045_470', 'token_id': 186091895, 'token_text': 'arguere'}
 {'char_end': 132, 'char_start': 129, 'lemma': 'non', 'pos': 'PART', 'sentence_id': 'cc_9045_470', 'token_id': 186091896, 'token_text': 'non'}
 {'char_end': 144, 'char_start': 133, 'lemma': 'desisto', 'pos': 'VERB', 'sentence_id': 'cc_9045_470', 'token_id': 186091897, 'token_text': 'destiterunt'}
 {'char_end': 145, 'char_start': 144, 'lemma': ',', 'pos': 'PUNCT', 'sentence_id': 'cc_9045_470', 'token_id': 186091898, 'token_text': ','}
 {'char_end': 148, 'char_start': 146, 'lemma': 'et', 'pos': 'CCONJ', 'sentence_id': 'cc_9045_470', 'token_id': 186091899, 'token_text': 'et'}
 {'char_end': 162, 'char_start': 149, 'lemma': 'benefacio', 'pos': 'VERB', 'sentence_id': 'cc_9045_470', 'token_id': 186091900, 'token_text': 'benefacientes'}
 {'char_end': 166, 'char_start': 163, 'lemma': 'hic', 'pos': 'DET', 'sentence_id': 'cc_9045_470', 'token_id': 186091901, 'token_text': 'his'}]",799.0,859.0,851.0,,,,,186091891,85,95
391,"Haller, Albrecht von",Epistolarum ab eruditis viris ad Albertum Hallerum scriptarum pars I. Latinae,noscemus_623157,noscemus_623157_1590,"Amabo itaque ne auscultare, ac perpendere dedigners perpauca, quae contra clarissimi Cotunni sententiam labyrinthum implere, sonique propagationi ad zonulas sonoras inseruiente ipsemet notaui.","Interim nequeo tamen me continere, quin modo Te littetis incommodem, res enim, ueritas, occasio, & ingenuus imprimis, ac perhumanus amicus tuus id uolunt. | Amabo itaque ne auscultare, ac perpendere dedigners perpauca, quae contra clarissimi Cotunni sententiam labyrinthum implere, sonique propagationi ad zonulas sonoras inseruiente ipsemet notaui. | Rem ab ouo, ut inquiunt, exordiar.",scientific_complexity_metaphorics,"[{'char_end': 5, 'char_start': 0, 'lemma': 'amo', 'pos': 'VERB', 'sentence_id': 'noscemus_623157_1590', 'token_id': 102654720, 'token_text': 'Amabo'}
 {'char_end': 12, 'char_start': 6, 'lemma': 'itaque', 'pos': 'PART', 'sentence_id': 'noscemus_623157_1590', 'token_id': 102654721, 'token_text': 'itaque'}
 {'char_end': 15, 'char_start': 13, 'lemma': 'ne', 'pos': 'SCONJ', 'sentence_id': 'noscemus_623157_1590', 'token_id': 102654722, 'token_text': 'ne'}
 {'char_end': 26, 'char_start': 16, 'lemma': 'ausculto', 'pos': 'VERB', 'sentence_id': 'noscemus_623157_1590', 'token_id': 102654723, 'token_text': 'auscultare'}
 {'char_end': 27, 'char_start': 26, 'lemma': ',', 'pos': 'PUNCT', 'sentence_id': 'noscemus_623157_1590', 'token_id': 102654724, 'token_text': ','}
 {'char_end': 30, 'char_start': 28, 'lemma': 'atque', 'pos': 'CCONJ', 'sentence_id': 'noscemus_623157_1590', 'token_id': 102654725, 'token_text': 'ac'}
 {'char_end': 41, 'char_start': 31, 'lemma': 'perpendo', 'pos': 'VERB', 'sentence_id': 'noscemus_623157_1590', 'token_id': 102654726, 'token_text': 'perpendere'}
 {'char_end': 51, 'char_start': 42, 'lemma': '', 'pos': 'VERB', 'sentence_id': 'noscemus_623157_1590', 'token_id': 102654727, 'token_text': 'dedigners'}
 {'char_end': 60, 'char_start': 52, 'lemma': 'perpaucus', 'pos': 'DET', 'sentence_id': 'noscemus_623157_1590', 'token_id': 102654728, 'token_text': 'perpauca'}
 {'char_end': 61, 'char_start': 60, 'lemma': ',', 'pos': 'PUNCT', 'sentence_id': 'noscemus_623157_1590', 'token_id': 102654729, 'token_text': ','}
 {'char_end': 66, 'char_start': 62, 'lemma': 'qui', 'pos': 'PRON', 'sentence_id': 'noscemus_623157_1590', 'token_id': 102654730, 'token_text': 'quae'}
 {'char_end': 73, 'char_start': 67, 'lemma': 'contra', 'pos': 'ADP', 'sentence_id': 'noscemus_623157_1590', 'token_id': 102654731, 'token_text': 'contra'}
 {'char_end': 84, 'char_start': 74, 'lemma': 'clarus', 'pos': 'ADJ', 'sentence_id': 'noscemus_623157_1590', 'token_id': 102654732, 'token_text': 'clarissimi'}
 {'char_end': 92, 'char_start': 85, 'lemma': 'Cotunnus', 'pos': 'PROPN', 'sentence_id': 'noscemus_623157_1590', 'token_id': 102654733, 'token_text': 'Cotunni'}
 {'char_end': 103, 'char_start': 93, 'lemma': 'sententia', 'pos': 'NOUN', 'sentence_id': 'noscemus_623157_1590', 'token_id': 102654734, 'token_text': 'sententiam'}
 {'char_end': 115, 'char_start': 104, 'lemma': 'labyrinthus', 'pos': 'NOUN', 'sentence_id': 'noscemus_623157_1590', 'token_id': 102654735, 'token_text': 'labyrinthum'}
 {'char_end': 123, 'char_start': 116, 'lemma': 'impleo', 'pos': 'VERB', 'sentence_id': 'noscemus_623157_1590', 'token_id': 102654736, 'token_text': 'implere'}
 {'char_end': 124, 'char_start': 123, 'lemma': ',', 'pos': 'PUNCT', 'sentence_id': 'noscemus_623157_1590', 'token_id': 102654737, 'token_text': ','}
 {'char_end': 129, 'char_start': 125, 'lemma': 'son', 'pos': 'NOUN', 'sentence_id': 'noscemus_623157_1590', 'token_id': 102654738, 'token_text': 'soni'}
 {'char_end': 132, 'char_start': 129, 'lemma': 'que', 'pos': 'PRON', 'sentence_id': 'noscemus_623157_1590', 'token_id': 102654739, 'token_text': 'que'}
 {'char_end': 145, 'char_start': 133, 'lemma': 'propagatio', 'pos': 'NOUN', 'sentence_id': 'noscemus_623157_1590', 'token_id': 102654740, 'token_text': 'propagationi'}
 {'char_end': 148, 'char_start': 146, 'lemma': 'ad', 'pos': 'ADP', 'sentence_id': 'noscemus_623157_1590', 'token_id': 102654741, 'token_text': 'ad'}
 {'char_end': 156, 'char_start': 149, 'lemma': 'zonula', 'pos': 'NOUN', 'sentence_id': 'noscemus_623157_1590', 'token_id': 102654742, 'token_text': 'zonulas'}
 {'char_end': 164, 'char_start': 157, 'lemma': 'sonora', 'pos': 'NOUN', 'sentence_id': 'noscemus_623157_1590', 'token_id': 102654743, 'token_text': 'sonoras'}
 {'char_end': 176, 'char_start': 165, 'lemma': 'inseruio', 'pos': 'VERB', 'sentence_id': 'noscemus_623157_1590', 'token_id': 102654744, 'token_text': 'inseruiente'}
 {'char_end': 184, 'char_start': 177, 'lemma': 'ipsemet', 'pos': 'DET', 'sentence_id': 'noscemus_623157_1590', 'token_id': 102654745, 'token_text': 'ipsemet'}
 {'char_end': 191, 'char_start': 185, 'lemma': 'noto', 'pos': 'VERB', 'sentence_id': 'noscemus_623157_1590', 'token_id': 102654746, 'token_text': 'notaui'}
 {'char_end': 192, 'char_start': 191, 'lemma': '.', 'pos': 'PUNCT', 'sentence_id': 'noscemus_623157_1590', 'token_id': 102654747, 'token_text': '.'}]","[{'char_end': 30, 'char_start': 28, 'lemma': 'atque', 'pos': 'CCONJ', 'sentence_id': 'noscemus_623157_1590', 'token_id': 102654725, 'token_text': 'ac'}
 {'char_end': 41, 'char_start': 31, 'lemma': 'perpendo', 'pos': 'VERB', 'sentence_id': 'noscemus_623157_1590', 'token_id': 102654726, 'token_text': 'perpendere'}
 {'char_end': 51, 'char_start': 42, 'lemma': '', 'pos': 'VERB', 'sentence_id': 'noscemus_623157_1590', 'token_id': 102654727, 'token_text': 'dedigners'}
 {'char_end': 60, 'char_start': 52, 'lemma': 'perpaucus', 'pos': 'DET', 'sentence_id': 'noscemus_623157_1590', 'token_id': 102654728, 'token_text': 'perpauca'}
 {'char_end': 61, 'char_start': 60, 'lemma': ',', 'pos': 'PUNCT', 'sentence_id': 'noscemus_623157_1590', 'token_id': 102654729, 'token_text': ','}
 {'char_end': 66, 'char_start': 62, 'lemma': 'qui', 'pos': 'PRON', 'sentence_id': 'noscemus_623157_1590', 'token_id': 102654730, 'token_text': 'quae'}
 {'char_end': 73, 'char_start': 67, 'lemma': 'contra', 'pos': 'ADP', 'sentence_id': 'noscemus_623157_1590', 'token_id': 102654731, 'token_text': 'contra'}
 {'char_end': 84, 'char_start': 74, 'lemma': 'clarus', 'pos': 'ADJ', 'sentence_id': 'noscemus_623157_1590', 'token_id': 102654732, 'token_text': 'clarissimi'}
 {'char_end': 92, 'char_start': 85, 'lemma': 'Cotunnus', 'pos': 'PROPN', 'sentence_id': 'noscemus_623157_1590', 'token_id': 102654733, 'token_text': 'Cotunni'}
 {'char_end': 103, 'char_start': 93, 'lemma': 'sententia', 'pos': 'NOUN', 'sentence_id': 'noscemus_623157_1590', 'token_id': 102654734, 'token_text': 'sententiam'}
 {'char_end': 115, 'char_start': 104, 'lemma': 'labyrinthus', 'pos': 'NOUN', 'sentence_id': 'noscemus_623157_1590', 'token_id': 102654735, 'token_text': 'labyrinthum'}
 {'char_end': 123, 'char_start': 116, 'lemma': 'impleo', 'pos': 'VERB', 'sentence_id': 'noscemus_623157_1590', 'token_id': 102654736, 'token_text': 'implere'}
 {'char_end': 124, 'char_start': 123, 'lemma': ',', 'pos': 'PUNCT', 'sentence_id': 'noscemus_623157_1590', 'token_id': 102654737, 'token_text': ','}
 {'char_end': 129, 'char_start': 125, 'lemma': 'son', 'pos': 'NOUN', 'sentence_id': 'noscemus_623157_1590', 'token_id': 102654738, 'token_text': 'soni'}
 {'char_end': 132, 'char_start': 129, 'lemma': 'que', 'pos': 'PRON', 'sentence_id': 'noscemus_623157_1590', 'token_id': 102654739, 'token_text': 'que'}
 {'char_end': 145, 'char_start': 133, 'lemma': 'propagatio', 'pos': 'NOUN', 'sentence_id': 'noscemus_623157_1590', 'token_id': 102654740, 'token_text': 'propagationi'}
 {'char_end': 148, 'char_start': 146, 'lemma': 'ad', 'pos': 'ADP', 'sentence_id': 'noscemus_623157_1590', 'token_id': 102654741, 'token_text': 'ad'}
 {'char_end': 156, 'char_start': 149, 'lemma': 'zonula', 'pos': 'NOUN', 'sentence_id': 'noscemus_623157_1590', 'token_id': 102654742, 'token_text': 'zonulas'}
 {'char_end': 164, 'char_start': 157, 'lemma': 'sonora', 'pos': 'NOUN', 'sentence_id': 'noscemus_623157_1590', 'token_id': 102654743, 'token_text': 'sonoras'}
 {'char_end': 176, 'char_start': 165, 'lemma': 'inseruio', 'pos': 'VERB', 'sentence_id': 'noscemus_623157_1590', 'token_id': 102654744, 'token_text': 'inseruiente'}
 {'char_end': 184, 'char_start': 177, 'lemma': 'ipsemet', 'pos': 'DET', 'sentence_id': 'noscemus_623157_1590', 'token_id': 102654745, 'token_text': 'ipsemet'}]",1773.0,1775.0,1774.0,,,Letter,"Biology, Medicine",102654735,104,115
731,"Galenus,Ingrassia, Giovanni Filippo","In Galeni librum de ossibus doctissima et expectatissima commentaria, nunc primum sedulo in lucem edita et apte naturam imitantibus iconibus insignata, quibus est appositus Graecus Galeni contextus una cum nova et fideli eiusdem Ingrassiae in Latinum versione",noscemus_770140,noscemus_770140_6685,"Sed quoniam in exterioribus duntaxat per se consideratum euidens est, an fractuose, tortuoseque, & alterius instar labyrinthi usque adeo procedens, ut seta porcina, uel plumbeus etiam stylus pertransire non posse multis uisum fuerit, unde cecum ipsum nuncuparunt (nos autem porcinam setam dextre antorsum impellentes, intro ad cerebri locum, & ccontra, pertransi re uidimus) A medio fere meatus, labyrinthiue primi audi torii uocati, apertique nihilominus sinus extremo exordiens foramen id (ueluti paulo posterius hoc, ut uidebimus, etiam tertium exca uabitur) in posteriora quidem ad medium locum mamillaris, styloidisque processus egreditur.","non quia utrinque penetrans non sit, foras quidem per se, intro autem predicto primo foramini commistum, ad unumque reductum: | Sed quoniam in exterioribus duntaxat per se consideratum euidens est, an fractuose, tortuoseque, & alterius instar labyrinthi usque adeo procedens, ut seta porcina, uel plumbeus etiam stylus pertransire non posse multis uisum fuerit, unde cecum ipsum nuncuparunt (nos autem porcinam setam dextre antorsum impellentes, intro ad cerebri locum, & ccontra, pertransi re uidimus) A medio fere meatus, labyrinthiue primi audi torii uocati, apertique nihilominus sinus extremo exordiens foramen id (ueluti paulo posterius hoc, ut uidebimus, etiam tertium exca uabitur) in posteriora quidem ad medium locum mamillaris, styloidisque processus egreditur. | Cuius quidem usus duplex est.",medical_anatomical,"[{'char_end': 3, 'char_start': 0, 'lemma': 'sed', 'pos': 'CCONJ', 'sentence_id': 'noscemus_770140_6685', 'token_id': 24833055, 'token_text': 'Sed'}
 {'char_end': 11, 'char_start': 4, 'lemma': 'quoniam', 'pos': 'SCONJ', 'sentence_id': 'noscemus_770140_6685', 'token_id': 24833056, 'token_text': 'quoniam'}
 {'char_end': 14, 'char_start': 12, 'lemma': 'in', 'pos': 'ADP', 'sentence_id': 'noscemus_770140_6685', 'token_id': 24833057, 'token_text': 'in'}
 {'char_end': 27, 'char_start': 15, 'lemma': 'exterior', 'pos': 'ADJ', 'sentence_id': 'noscemus_770140_6685', 'token_id': 24833058, 'token_text': 'exterioribus'}
 {'char_end': 36, 'char_start': 28, 'lemma': 'duntaxat', 'pos': 'ADV', 'sentence_id': 'noscemus_770140_6685', 'token_id': 24833059, 'token_text': 'duntaxat'}
 {'char_end': 40, 'char_start': 37, 'lemma': 'per', 'pos': 'ADP', 'sentence_id': 'noscemus_770140_6685', 'token_id': 24833060, 'token_text': 'per'}
 {'char_end': 43, 'char_start': 41, 'lemma': 'sui', 'pos': 'PRON', 'sentence_id': 'noscemus_770140_6685', 'token_id': 24833061, 'token_text': 'se'}
 {'char_end': 56, 'char_start': 44, 'lemma': 'considero', 'pos': 'VERB', 'sentence_id': 'noscemus_770140_6685', 'token_id': 24833062, 'token_text': 'consideratum'}
 {'char_end': 64, 'char_start': 57, 'lemma': 'euidens', 'pos': 'ADJ', 'sentence_id': 'noscemus_770140_6685', 'token_id': 24833063, 'token_text': 'euidens'}
 {'char_end': 68, 'char_start': 65, 'lemma': 'sum', 'pos': 'AUX', 'sentence_id': 'noscemus_770140_6685', 'token_id': 24833064, 'token_text': 'est'}
 {'char_end': 69, 'char_start': 68, 'lemma': ',', 'pos': 'PUNCT', 'sentence_id': 'noscemus_770140_6685', 'token_id': 24833065, 'token_text': ','}
 {'char_end': 72, 'char_start': 70, 'lemma': 'an', 'pos': 'CCONJ', 'sentence_id': 'noscemus_770140_6685', 'token_id': 24833066, 'token_text': 'an'}
 {'char_end': 82, 'char_start': 73, 'lemma': 'fractuose', 'pos': 'ADV', 'sentence_id': 'noscemus_770140_6685', 'token_id': 24833067, 'token_text': 'fractuose'}
 {'char_end': 83, 'char_start': 82, 'lemma': ',', 'pos': 'PUNCT', 'sentence_id': 'noscemus_770140_6685', 'token_id': 24833068, 'token_text': ','}
 {'char_end': 92, 'char_start': 84, 'lemma': 'tortuosus', 'pos': 'ADV', 'sentence_id': 'noscemus_770140_6685', 'token_id': 24833069, 'token_text': 'tortuose'}
 {'char_end': 95, 'char_start': 92, 'lemma': 'que', 'pos': 'CCONJ', 'sentence_id': 'noscemus_770140_6685', 'token_id': 24833070, 'token_text': 'que'}
 {'char_end': 96, 'char_start': 95, 'lemma': ',', 'pos': 'PUNCT', 'sentence_id': 'noscemus_770140_6685', 'token_id': 24833071, 'token_text': ','}
 {'char_end': 98, 'char_start': 97, 'lemma': '&', 'pos': 'PUNCT', 'sentence_id': 'noscemus_770140_6685', 'token_id': 24833072, 'token_text': '&'}
 {'char_end': 107, 'char_start': 99, 'lemma': 'alter', 'pos': 'DET', 'sentence_id': 'noscemus_770140_6685', 'token_id': 24833073, 'token_text': 'alterius'}
 {'char_end': 114, 'char_start': 108, 'lemma': 'instar', 'pos': 'NOUN', 'sentence_id': 'noscemus_770140_6685', 'token_id': 24833074, 'token_text': 'instar'}
 {'char_end': 125, 'char_start': 115, 'lemma': 'labyrinthus', 'pos': 'ADJ', 'sentence_id': 'noscemus_770140_6685', 'token_id': 24833075, 'token_text': 'labyrinthi'}
 {'char_end': 131, 'char_start': 126, 'lemma': 'usque', 'pos': 'ADV', 'sentence_id': 'noscemus_770140_6685', 'token_id': 24833076, 'token_text': 'usque'}
 {'char_end': 136, 'char_start': 132, 'lemma': 'adeo', 'pos': 'ADV', 'sentence_id': 'noscemus_770140_6685', 'token_id': 24833077, 'token_text': 'adeo'}
 {'char_end': 146, 'char_start': 137, 'lemma': 'procedo', 'pos': 'VERB', 'sentence_id': 'noscemus_770140_6685', 'token_id': 24833078, 'token_text': 'procedens'}
 {'char_end': 147, 'char_start': 146, 'lemma': ',', 'pos': 'PUNCT', 'sentence_id': 'noscemus_770140_6685', 'token_id': 24833079, 'token_text': ','}
 {'char_end': 150, 'char_start': 148, 'lemma': 'ut', 'pos': 'SCONJ', 'sentence_id': 'noscemus_770140_6685', 'token_id': 24833080, 'token_text': 'ut'}
 {'char_end': 155, 'char_start': 151, 'lemma': 'seta', 'pos': 'NOUN', 'sentence_id': 'noscemus_770140_6685', 'token_id': 24833081, 'token_text': 'seta'}
 {'char_end': 163, 'char_start': 156, 'lemma': 'porcinus', 'pos': 'NOUN', 'sentence_id': 'noscemus_770140_6685', 'token_id': 24833082, 'token_text': 'porcina'}
 {'char_end': 164, 'char_start': 163, 'lemma': ',', 'pos': 'PUNCT', 'sentence_id': 'noscemus_770140_6685', 'token_id': 24833083, 'token_text': ','}
 {'char_end': 168, 'char_start': 165, 'lemma': 'uel', 'pos': 'CCONJ', 'sentence_id': 'noscemus_770140_6685', 'token_id': 24833084, 'token_text': 'uel'}
 {'char_end': 177, 'char_start': 169, 'lemma': 'plumbeus', 'pos': 'NOUN', 'sentence_id': 'noscemus_770140_6685', 'token_id': 24833085, 'token_text': 'plumbeus'}
 {'char_end': 183, 'char_start': 178, 'lemma': 'etiam', 'pos': 'ADV', 'sentence_id': 'noscemus_770140_6685', 'token_id': 24833086, 'token_text': 'etiam'}
 {'char_end': 190, 'char_start': 184, 'lemma': 'stylus', 'pos': 'NOUN', 'sentence_id': 'noscemus_770140_6685', 'token_id': 24833087, 'token_text': 'stylus'}
 {'char_end': 202, 'char_start': 191, 'lemma': 'pertranseo', 'pos': 'VERB', 'sentence_id': 'noscemus_770140_6685', 'token_id': 24833088, 'token_text': 'pertransire'}
 {'char_end': 206, 'char_start': 203, 'lemma': 'non', 'pos': 'PART', 'sentence_id': 'noscemus_770140_6685', 'token_id': 24833089, 'token_text': 'non'}
 {'char_end': 212, 'char_start': 207, 'lemma': 'possum', 'pos': 'VERB', 'sentence_id': 'noscemus_770140_6685', 'token_id': 24833090, 'token_text': 'posse'}
 {'char_end': 219, 'char_start': 213, 'lemma': 'multus', 'pos': 'DET', 'sentence_id': 'noscemus_770140_6685', 'token_id': 24833091, 'token_text': 'multis'}
 {'char_end': 225, 'char_start': 220, 'lemma': 'uisus', 'pos': 'VERB', 'sentence_id': 'noscemus_770140_6685', 'token_id': 24833092, 'token_text': 'uisum'}
 {'char_end': 232, 'char_start': 226, 'lemma': 'sum', 'pos': 'AUX', 'sentence_id': 'noscemus_770140_6685', 'token_id': 24833093, 'token_text': 'fuerit'}
 {'char_end': 233, 'char_start': 232, 'lemma': ',', 'pos': 'PUNCT', 'sentence_id': 'noscemus_770140_6685', 'token_id': 24833094, 'token_text': ','}
 {'char_end': 238, 'char_start': 234, 'lemma': 'unde', 'pos': 'ADV', 'sentence_id': 'noscemus_770140_6685', 'token_id': 24833095, 'token_text': 'unde'}
 {'char_end': 244, 'char_start': 239, 'lemma': 'cecus', 'pos': 'NOUN', 'sentence_id': 'noscemus_770140_6685', 'token_id': 24833096, 'token_text': 'cecum'}
 {'char_end': 250, 'char_start': 245, 'lemma': 'ipse', 'pos': 'DET', 'sentence_id': 'noscemus_770140_6685', 'token_id': 24833097, 'token_text': 'ipsum'}
 {'char_end': 262, 'char_start': 251, 'lemma': 'nuncupo', 'pos': 'VERB', 'sentence_id': 'noscemus_770140_6685', 'token_id': 24833098, 'token_text': 'nuncuparunt'}
 {'char_end': 264, 'char_start': 263, 'lemma': '(', 'pos': 'PUNCT', 'sentence_id': 'noscemus_770140_6685', 'token_id': 24833099, 'token_text': '('}
 {'char_end': 267, 'char_start': 264, 'lemma': 'nos', 'pos': 'PRON', 'sentence_id': 'noscemus_770140_6685', 'token_id': 24833100, 'token_text': 'nos'}
 {'char_end': 273, 'char_start': 268, 'lemma': 'autem', 'pos': 'PART', 'sentence_id': 'noscemus_770140_6685', 'token_id': 24833101, 'token_text': 'autem'}
 {'char_end': 282, 'char_start': 274, 'lemma': 'porcinus', 'pos': 'NOUN', 'sentence_id': 'noscemus_770140_6685', 'token_id': 24833102, 'token_text': 'porcinam'}
 {'char_end': 288, 'char_start': 283, 'lemma': 'seta', 'pos': 'NOUN', 'sentence_id': 'noscemus_770140_6685', 'token_id': 24833103, 'token_text': 'setam'}
 {'char_end': 295, 'char_start': 289, 'lemma': 'dexter', 'pos': 'ADJ', 'sentence_id': 'noscemus_770140_6685', 'token_id': 24833104, 'token_text': 'dextre'}
 {'char_end': 304, 'char_start': 296, 'lemma': 'antorsum', 'pos': 'ADV', 'sentence_id': 'noscemus_770140_6685', 'token_id': 24833105, 'token_text': 'antorsum'}
 {'char_end': 316, 'char_start': 305, 'lemma': 'impello', 'pos': 'VERB', 'sentence_id': 'noscemus_770140_6685', 'token_id': 24833106, 'token_text': 'impellentes'}
 {'char_end': 317, 'char_start': 316, 'lemma': ',', 'pos': 'PUNCT', 'sentence_id': 'noscemus_770140_6685', 'token_id': 24833107, 'token_text': ','}
 {'char_end': 323, 'char_start': 318, 'lemma': 'intro', 'pos': 'ADV', 'sentence_id': 'noscemus_770140_6685', 'token_id': 24833108, 'token_text': 'intro'}
 {'char_end': 326, 'char_start': 324, 'lemma': 'ad', 'pos': 'ADP', 'sentence_id': 'noscemus_770140_6685', 'token_id': 24833109, 'token_text': 'ad'}
 {'char_end': 334, 'char_start': 327, 'lemma': 'cerebrum', 'pos': 'NOUN', 'sentence_id': 'noscemus_770140_6685', 'token_id': 24833110, 'token_text': 'cerebri'}
 {'char_end': 340, 'char_start': 335, 'lemma': 'locus', 'pos': 'NOUN', 'sentence_id': 'noscemus_770140_6685', 'token_id': 24833111, 'token_text': 'locum'}
 {'char_end': 341, 'char_start': 340, 'lemma': ',', 'pos': 'PUNCT', 'sentence_id': 'noscemus_770140_6685', 'token_id': 24833112, 'token_text': ','}
 {'char_end': 343, 'char_start': 342, 'lemma': '&', 'pos': 'PUNCT', 'sentence_id': 'noscemus_770140_6685', 'token_id': 24833113, 'token_text': '&'}
 {'char_end': 351, 'char_start': 344, 'lemma': 'ccontra', 'pos': 'ADV', 'sentence_id': 'noscemus_770140_6685', 'token_id': 24833114, 'token_text': 'ccontra'}
 {'char_end': 352, 'char_start': 351, 'lemma': ',', 'pos': 'PUNCT', 'sentence_id': 'noscemus_770140_6685', 'token_id': 24833115, 'token_text': ','}
 {'char_end': 362, 'char_start': 353, 'lemma': 'pertranseo', 'pos': 'ADJ', 'sentence_id': 'noscemus_770140_6685', 'token_id': 24833116, 'token_text': 'pertransi'}
 {'char_end': 365, 'char_start': 363, 'lemma': 'res', 'pos': 'NOUN', 'sentence_id': 'noscemus_770140_6685', 'token_id': 24833117, 'token_text': 're'}
 {'char_end': 373, 'char_start': 366, 'lemma': 'uideo', 'pos': 'VERB', 'sentence_id': 'noscemus_770140_6685', 'token_id': 24833118, 'token_text': 'uidimus'}
 {'char_end': 374, 'char_start': 373, 'lemma': ')', 'pos': 'PUNCT', 'sentence_id': 'noscemus_770140_6685', 'token_id': 24833119, 'token_text': ')'}
 {'char_end': 376, 'char_start': 375, 'lemma': 'ab', 'pos': 'ADP', 'sentence_id': 'noscemus_770140_6685', 'token_id': 24833120, 'token_text': 'A'}
 {'char_end': 382, 'char_start': 377, 'lemma': 'medius', 'pos': 'ADJ', 'sentence_id': 'noscemus_770140_6685', 'token_id': 24833121, 'token_text': 'medio'}
 {'char_end': 387, 'char_start': 383, 'lemma': 'fere', 'pos': 'ADV', 'sentence_id': 'noscemus_770140_6685', 'token_id': 24833122, 'token_text': 'fere'}
 {'char_end': 394, 'char_start': 388, 'lemma': 'meatus', 'pos': 'NOUN', 'sentence_id': 'noscemus_770140_6685', 'token_id': 24833123, 'token_text': 'meatus'}
 {'char_end': 395, 'char_start': 394, 'lemma': ',', 'pos': 'PUNCT', 'sentence_id': 'noscemus_770140_6685', 'token_id': 24833124, 'token_text': ','}
 {'char_end': 408, 'char_start': 396, 'lemma': 'labyrinthiue', 'pos': 'ADV', 'sentence_id': 'noscemus_770140_6685', 'token_id': 24833125, 'token_text': 'labyrinthiue'}
 {'char_end': 414, 'char_start': 409, 'lemma': 'primus', 'pos': 'ADJ', 'sentence_id': 'noscemus_770140_6685', 'token_id': 24833126, 'token_text': 'primi'}
 {'char_end': 419, 'char_start': 415, 'lemma': 'audio', 'pos': 'VERB', 'sentence_id': 'noscemus_770140_6685', 'token_id': 24833127, 'token_text': 'audi'}
 {'char_end': 425, 'char_start': 420, 'lemma': 'torius', 'pos': 'NOUN', 'sentence_id': 'noscemus_770140_6685', 'token_id': 24833128, 'token_text': 'torii'}
 {'char_end': 432, 'char_start': 426, 'lemma': 'uoco', 'pos': 'VERB', 'sentence_id': 'noscemus_770140_6685', 'token_id': 24833129, 'token_text': 'uocati'}
 {'char_end': 433, 'char_start': 432, 'lemma': ',', 'pos': 'PUNCT', 'sentence_id': 'noscemus_770140_6685', 'token_id': 24833130, 'token_text': ','}
 {'char_end': 440, 'char_start': 434, 'lemma': 'apertus', 'pos': 'VERB', 'sentence_id': 'noscemus_770140_6685', 'token_id': 24833131, 'token_text': 'aperti'}
 {'char_end': 443, 'char_start': 440, 'lemma': 'que', 'pos': 'CCONJ', 'sentence_id': 'noscemus_770140_6685', 'token_id': 24833132, 'token_text': 'que'}
 {'char_end': 455, 'char_start': 444, 'lemma': 'nihilominus', 'pos': 'ADV', 'sentence_id': 'noscemus_770140_6685', 'token_id': 24833133, 'token_text': 'nihilominus'}
 {'char_end': 461, 'char_start': 456, 'lemma': 'sinus', 'pos': 'NOUN', 'sentence_id': 'noscemus_770140_6685', 'token_id': 24833134, 'token_text': 'sinus'}
 {'char_end': 469, 'char_start': 462, 'lemma': 'extremus', 'pos': 'ADJ', 'sentence_id': 'noscemus_770140_6685', 'token_id': 24833135, 'token_text': 'extremo'}
 {'char_end': 479, 'char_start': 470, 'lemma': 'exordior', 'pos': 'VERB', 'sentence_id': 'noscemus_770140_6685', 'token_id': 24833136, 'token_text': 'exordiens'}
 {'char_end': 487, 'char_start': 480, 'lemma': 'foramen', 'pos': 'NOUN', 'sentence_id': 'noscemus_770140_6685', 'token_id': 24833137, 'token_text': 'foramen'}
 {'char_end': 490, 'char_start': 488, 'lemma': 'is', 'pos': 'PRON', 'sentence_id': 'noscemus_770140_6685', 'token_id': 24833138, 'token_text': 'id'}
 {'char_end': 492, 'char_start': 491, 'lemma': '(', 'pos': 'PUNCT', 'sentence_id': 'noscemus_770140_6685', 'token_id': 24833139, 'token_text': '('}
 {'char_end': 498, 'char_start': 492, 'lemma': 'ueluti', 'pos': 'SCONJ', 'sentence_id': 'noscemus_770140_6685', 'token_id': 24833140, 'token_text': 'ueluti'}
 {'char_end': 504, 'char_start': 499, 'lemma': 'paulus', 'pos': 'ADV', 'sentence_id': 'noscemus_770140_6685', 'token_id': 24833141, 'token_text': 'paulo'}
 {'char_end': 514, 'char_start': 505, 'lemma': 'posterior', 'pos': 'ADV', 'sentence_id': 'noscemus_770140_6685', 'token_id': 24833142, 'token_text': 'posterius'}
 {'char_end': 518, 'char_start': 515, 'lemma': 'hic', 'pos': 'DET', 'sentence_id': 'noscemus_770140_6685', 'token_id': 24833143, 'token_text': 'hoc'}
 {'char_end': 519, 'char_start': 518, 'lemma': ',', 'pos': 'PUNCT', 'sentence_id': 'noscemus_770140_6685', 'token_id': 24833144, 'token_text': ','}
 {'char_end': 522, 'char_start': 520, 'lemma': 'ut', 'pos': 'SCONJ', 'sentence_id': 'noscemus_770140_6685', 'token_id': 24833145, 'token_text': 'ut'}
 {'char_end': 532, 'char_start': 523, 'lemma': 'uideo', 'pos': 'VERB', 'sentence_id': 'noscemus_770140_6685', 'token_id': 24833146, 'token_text': 'uidebimus'}
 {'char_end': 533, 'char_start': 532, 'lemma': ',', 'pos': 'PUNCT', 'sentence_id': 'noscemus_770140_6685', 'token_id': 24833147, 'token_text': ','}
 {'char_end': 539, 'char_start': 534, 'lemma': 'etiam', 'pos': 'ADV', 'sentence_id': 'noscemus_770140_6685', 'token_id': 24833148, 'token_text': 'etiam'}
 {'char_end': 547, 'char_start': 540, 'lemma': 'tertius', 'pos': 'ADJ', 'sentence_id': 'noscemus_770140_6685', 'token_id': 24833149, 'token_text': 'tertium'}
 {'char_end': 552, 'char_start': 548, 'lemma': '', 'pos': 'VERB', 'sentence_id': 'noscemus_770140_6685', 'token_id': 24833150, 'token_text': 'exca'}
 {'char_end': 560, 'char_start': 553, 'lemma': 'uo', 'pos': 'VERB', 'sentence_id': 'noscemus_770140_6685', 'token_id': 24833151, 'token_text': 'uabitur'}
 {'char_end': 561, 'char_start': 560, 'lemma': ')', 'pos': 'PUNCT', 'sentence_id': 'noscemus_770140_6685', 'token_id': 24833152, 'token_text': ')'}
 {'char_end': 564, 'char_start': 562, 'lemma': 'in', 'pos': 'ADP', 'sentence_id': 'noscemus_770140_6685', 'token_id': 24833153, 'token_text': 'in'}
 {'char_end': 575, 'char_start': 565, 'lemma': 'posterior', 'pos': 'ADJ', 'sentence_id': 'noscemus_770140_6685', 'token_id': 24833154, 'token_text': 'posteriora'}
 {'char_end': 582, 'char_start': 576, 'lemma': 'quidem', 'pos': 'ADV', 'sentence_id': 'noscemus_770140_6685', 'token_id': 24833155, 'token_text': 'quidem'}
 {'char_end': 585, 'char_start': 583, 'lemma': 'ad', 'pos': 'ADP', 'sentence_id': 'noscemus_770140_6685', 'token_id': 24833156, 'token_text': 'ad'}
 {'char_end': 592, 'char_start': 586, 'lemma': 'medius', 'pos': 'ADJ', 'sentence_id': 'noscemus_770140_6685', 'token_id': 24833157, 'token_text': 'medium'}
 {'char_end': 598, 'char_start': 593, 'lemma': 'locus', 'pos': 'NOUN', 'sentence_id': 'noscemus_770140_6685', 'token_id': 24833158, 'token_text': 'locum'}
 {'char_end': 609, 'char_start': 599, 'lemma': 'mamillar', 'pos': 'ADJ', 'sentence_id': 'noscemus_770140_6685', 'token_id': 24833159, 'token_text': 'mamillaris'}
 {'char_end': 610, 'char_start': 609, 'lemma': ',', 'pos': 'PUNCT', 'sentence_id': 'noscemus_770140_6685', 'token_id': 24833160, 'token_text': ','}
 {'char_end': 620, 'char_start': 611, 'lemma': 'styloido', 'pos': 'NOUN', 'sentence_id': 'noscemus_770140_6685', 'token_id': 24833161, 'token_text': 'styloidis'}
 {'char_end': 623, 'char_start': 620, 'lemma': 'qui', 'pos': 'PRON', 'sentence_id': 'noscemus_770140_6685', 'token_id': 24833162, 'token_text': 'que'}
 {'char_end': 633, 'char_start': 624, 'lemma': 'processus', 'pos': 'NOUN', 'sentence_id': 'noscemus_770140_6685', 'token_id': 24833163, 'token_text': 'processus'}
 {'char_end': 643, 'char_start': 634, 'lemma': 'egredior', 'pos': 'VERB', 'sentence_id': 'noscemus_770140_6685', 'token_id': 24833164, 'token_text': 'egreditur'}
 {'char_end': 644, 'char_start': 643, 'lemma': '.', 'pos': 'PUNCT', 'sentence_id': 'noscemus_770140_6685', 'token_id': 24833165, 'token_text': '.'}]","[{'char_end': 69, 'char_start': 68, 'lemma': ',', 'pos': 'PUNCT', 'sentence_id': 'noscemus_770140_6685', 'token_id': 24833065, 'token_text': ','}
 {'char_end': 72, 'char_start': 70, 'lemma': 'an', 'pos': 'CCONJ', 'sentence_id': 'noscemus_770140_6685', 'token_id': 24833066, 'token_text': 'an'}
 {'char_end': 82, 'char_start': 73, 'lemma': 'fractuose', 'pos': 'ADV', 'sentence_id': 'noscemus_770140_6685', 'token_id': 24833067, 'token_text': 'fractuose'}
 {'char_end': 83, 'char_start': 82, 'lemma': ',', 'pos': 'PUNCT', 'sentence_id': 'noscemus_770140_6685', 'token_id': 24833068, 'token_text': ','}
 {'char_end': 92, 'char_start': 84, 'lemma': 'tortuosus', 'pos': 'ADV', 'sentence_id': 'noscemus_770140_6685', 'token_id': 24833069, 'token_text': 'tortuose'}
 {'char_end': 95, 'char_start': 92, 'lemma': 'que', 'pos': 'CCONJ', 'sentence_id': 'noscemus_770140_6685', 'token_id': 24833070, 'token_text': 'que'}
 {'char_end': 96, 'char_start': 95, 'lemma': ',', 'pos': 'PUNCT', 'sentence_id': 'noscemus_770140_6685', 'token_id': 24833071, 'token_text': ','}
 {'char_end': 98, 'char_start': 97, 'lemma': '&', 'pos': 'PUNCT', 'sentence_id': 'noscemus_770140_6685', 'token_id': 24833072, 'token_text': '&'}
 {'char_end': 107, 'char_start': 99, 'lemma': 'alter', 'pos': 'DET', 'sentence_id': 'noscemus_770140_6685', 'token_id': 24833073, 'token_text': 'alterius'}
 {'char_end': 114, 'char_start': 108, 'lemma': 'instar', 'pos': 'NOUN', 'sentence_id': 'noscemus_770140_6685', 'token_id': 24833074, 'token_text': 'instar'}
 {'char_end': 125, 'char_start': 115, 'lemma': 'labyrinthus', 'pos': 'ADJ', 'sentence_id': 'noscemus_770140_6685', 'token_id': 24833075, 'token_text': 'labyrinthi'}
 {'char_end': 131, 'char_start': 126, 'lemma': 'usque', 'pos': 'ADV', 'sentence_id': 'noscemus_770140_6685', 'token_id': 24833076, 'token_text': 'usque'}
 {'char_end': 136, 'char_start': 132, 'lemma': 'adeo', 'pos': 'ADV', 'sentence_id': 'noscemus_770140_6685', 'token_id': 24833077, 'token_text': 'adeo'}
 {'char_end': 146, 'char_start': 137, 'lemma': 'procedo', 'pos': 'VERB', 'sentence_id': 'noscemus_770140_6685', 'token_id': 24833078, 'token_text': 'procedens'}
 {'char_end': 147, 'char_start': 146, 'lemma': ',', 'pos': 'PUNCT', 'sentence_id': 'noscemus_770140_6685', 'token_id': 24833079, 'token_text': ','}
 {'char_end': 150, 'char_start': 148, 'lemma': 'ut', 'pos': 'SCONJ', 'sentence_id': 'noscemus_770140_6685', 'token_id': 24833080, 'token_text': 'ut'}
 {'char_end': 155, 'char_start': 151, 'lemma': 'seta', 'pos': 'NOUN', 'sentence_id': 'noscemus_770140_6685', 'token_id': 24833081, 'token_text': 'seta'}
 {'char_end': 163, 'char_start': 156, 'lemma': 'porcinus', 'pos': 'NOUN', 'sentence_id': 'noscemus_770140_6685', 'token_id': 24833082, 'token_text': 'porcina'}
 {'char_end': 164, 'char_start': 163, 'lemma': ',', 'pos': 'PUNCT', 'sentence_id': 'noscemus_770140_6685', 'token_id': 24833083, 'token_text': ','}
 {'char_end': 168, 'char_start': 165, 'lemma': 'uel', 'pos': 'CCONJ', 'sentence_id': 'noscemus_770140_6685', 'token_id': 24833084, 'token_text': 'uel'}
 {'char_end': 177, 'char_start': 169, 'lemma': 'plumbeus', 'pos': 'NOUN', 'sentence_id': 'noscemus_770140_6685', 'token_id': 24833085, 'token_text': 'plumbeus'}]",1546.0,1603.0,1583.0,,,"Commentary, Translation",Medicine,24833075,115,125
531,"Quintiis, Camillus Eucherius de","Camilli Eucherii de Quintiis e Societate Jesu Inarime seu de balneis Pithecusarum libri VI, serenissimo Lusitaniae Regi Johanni V. dicati",noscemus_710273,noscemus_710273_6447,"ut Innoc. X. P. M. ex eadem! (a) an100 Liber Iii. 145 Mille per anfractus, & montiuagos labyrinthos Carpit iter durum:","auitum: | ut Innoc. X. P. M. ex eadem! (a) an100 Liber Iii. 145 Mille per anfractus, & montiuagos labyrinthos Carpit iter durum: | & patrio se litore credit Posse frui, qua laeta tuo sub numine currat.",scientific_complexity_metaphorics,"[{'char_end': 2, 'char_start': 0, 'lemma': 'ut', 'pos': 'SCONJ', 'sentence_id': 'noscemus_710273_6447', 'token_id': 128545725, 'token_text': 'ut'}
 {'char_end': 8, 'char_start': 3, 'lemma': 'innoc', 'pos': 'PROPN', 'sentence_id': 'noscemus_710273_6447', 'token_id': 128545726, 'token_text': 'Innoc'}
 {'char_end': 9, 'char_start': 8, 'lemma': '.', 'pos': 'PUNCT', 'sentence_id': 'noscemus_710273_6447', 'token_id': 128545727, 'token_text': '.'}
 {'char_end': 12, 'char_start': 10, 'lemma': '', 'pos': 'PUNCT', 'sentence_id': 'noscemus_710273_6447', 'token_id': 128545728, 'token_text': 'X.'}
 {'char_end': 15, 'char_start': 13, 'lemma': '', 'pos': 'PUNCT', 'sentence_id': 'noscemus_710273_6447', 'token_id': 128545729, 'token_text': 'P.'}
 {'char_end': 18, 'char_start': 16, 'lemma': 'M.', 'pos': 'PUNCT', 'sentence_id': 'noscemus_710273_6447', 'token_id': 128545730, 'token_text': 'M.'}
 {'char_end': 21, 'char_start': 19, 'lemma': 'ex', 'pos': 'ADP', 'sentence_id': 'noscemus_710273_6447', 'token_id': 128545731, 'token_text': 'ex'}
 {'char_end': 27, 'char_start': 22, 'lemma': 'idem', 'pos': 'DET', 'sentence_id': 'noscemus_710273_6447', 'token_id': 128545732, 'token_text': 'eadem'}
 {'char_end': 28, 'char_start': 27, 'lemma': '!', 'pos': 'PUNCT', 'sentence_id': 'noscemus_710273_6447', 'token_id': 128545733, 'token_text': '!'}
 {'char_end': 30, 'char_start': 29, 'lemma': '(', 'pos': 'PUNCT', 'sentence_id': 'noscemus_710273_6447', 'token_id': 128545734, 'token_text': '('}
 {'char_end': 31, 'char_start': 30, 'lemma': 'ab', 'pos': 'ADP', 'sentence_id': 'noscemus_710273_6447', 'token_id': 128545735, 'token_text': 'a'}
 {'char_end': 32, 'char_start': 31, 'lemma': ')', 'pos': 'PUNCT', 'sentence_id': 'noscemus_710273_6447', 'token_id': 128545736, 'token_text': ')'}
 {'char_end': 38, 'char_start': 33, 'lemma': 'an100', 'pos': 'ADV', 'sentence_id': 'noscemus_710273_6447', 'token_id': 128545737, 'token_text': 'an100'}
 {'char_end': 44, 'char_start': 39, 'lemma': 'Liber', 'pos': 'NOUN', 'sentence_id': 'noscemus_710273_6447', 'token_id': 128545738, 'token_text': 'Liber'}
 {'char_end': 48, 'char_start': 45, 'lemma': '', 'pos': 'PROPN', 'sentence_id': 'noscemus_710273_6447', 'token_id': 128545739, 'token_text': 'Iii'}
 {'char_end': 49, 'char_start': 48, 'lemma': '.', 'pos': 'PUNCT', 'sentence_id': 'noscemus_710273_6447', 'token_id': 128545740, 'token_text': '.'}
 {'char_end': 53, 'char_start': 50, 'lemma': '145', 'pos': 'NUM', 'sentence_id': 'noscemus_710273_6447', 'token_id': 128545741, 'token_text': '145'}
 {'char_end': 59, 'char_start': 54, 'lemma': 'mille', 'pos': 'PROPN', 'sentence_id': 'noscemus_710273_6447', 'token_id': 128545742, 'token_text': 'Mille'}
 {'char_end': 63, 'char_start': 60, 'lemma': 'per', 'pos': 'ADP', 'sentence_id': 'noscemus_710273_6447', 'token_id': 128545743, 'token_text': 'per'}
 {'char_end': 73, 'char_start': 64, 'lemma': 'anfractus', 'pos': 'NOUN', 'sentence_id': 'noscemus_710273_6447', 'token_id': 128545744, 'token_text': 'anfractus'}
 {'char_end': 74, 'char_start': 73, 'lemma': ',', 'pos': 'PUNCT', 'sentence_id': 'noscemus_710273_6447', 'token_id': 128545745, 'token_text': ','}
 {'char_end': 76, 'char_start': 75, 'lemma': '&', 'pos': 'PUNCT', 'sentence_id': 'noscemus_710273_6447', 'token_id': 128545746, 'token_text': '&'}
 {'char_end': 87, 'char_start': 77, 'lemma': 'montiuagus', 'pos': 'ADJ', 'sentence_id': 'noscemus_710273_6447', 'token_id': 128545747, 'token_text': 'montiuagos'}
 {'char_end': 99, 'char_start': 88, 'lemma': 'labyrinthus', 'pos': 'NOUN', 'sentence_id': 'noscemus_710273_6447', 'token_id': 128545748, 'token_text': 'labyrinthos'}
 {'char_end': 106, 'char_start': 100, 'lemma': 'carpo', 'pos': 'VERB', 'sentence_id': 'noscemus_710273_6447', 'token_id': 128545749, 'token_text': 'Carpit'}
 {'char_end': 111, 'char_start': 107, 'lemma': 'iter', 'pos': 'NOUN', 'sentence_id': 'noscemus_710273_6447', 'token_id': 128545750, 'token_text': 'iter'}
 {'char_end': 117, 'char_start': 112, 'lemma': 'durus', 'pos': 'ADJ', 'sentence_id': 'noscemus_710273_6447', 'token_id': 128545751, 'token_text': 'durum'}
 {'char_end': 118, 'char_start': 117, 'lemma': ':', 'pos': 'PUNCT', 'sentence_id': 'noscemus_710273_6447', 'token_id': 128545752, 'token_text': ':'}]","[{'char_end': 44, 'char_start': 39, 'lemma': 'Liber', 'pos': 'NOUN', 'sentence_id': 'noscemus_710273_6447', 'token_id': 128545738, 'token_text': 'Liber'}
 {'char_end': 48, 'char_start': 45, 'lemma': '', 'pos': 'PROPN', 'sentence_id': 'noscemus_710273_6447', 'token_id': 128545739, 'token_text': 'Iii'}
 {'char_end': 49, 'char_start': 48, 'lemma': '.', 'pos': 'PUNCT', 'sentence_id': 'noscemus_710273_6447', 'token_id': 128545740, 'token_text': '.'}
 {'char_end': 53, 'char_start': 50, 'lemma': '145', 'pos': 'NUM', 'sentence_id': 'noscemus_710273_6447', 'token_id': 128545741, 'token_text': '145'}
 {'char_end': 59, 'char_start': 54, 'lemma': 'mille', 'pos': 'PROPN', 'sentence_id': 'noscemus_710273_6447', 'token_id': 128545742, 'token_text': 'Mille'}
 {'char_end': 63, 'char_start': 60, 'lemma': 'per', 'pos': 'ADP', 'sentence_id': 'noscemus_710273_6447', 'token_id': 128545743, 'token_text': 'per'}
 {'char_end': 73, 'char_start': 64, 'lemma': 'anfractus', 'pos': 'NOUN', 'sentence_id': 'noscemus_710273_6447', 'token_id': 128545744, 'token_text': 'anfractus'}
 {'char_end': 74, 'char_start': 73, 'lemma': ',', 'pos': 'PUNCT', 'sentence_id': 'noscemus_710273_6447', 'token_id': 128545745, 'token_text': ','}
 {'char_end': 76, 'char_start': 75, 'lemma': '&', 'pos': 'PUNCT', 'sentence_id': 'noscemus_710273_6447', 'token_id': 128545746, 'token_text': '&'}
 {'char_end': 87, 'char_start': 77, 'lemma': 'montiuagus', 'pos': 'ADJ', 'sentence_id': 'noscemus_710273_6447', 'token_id': 128545747, 'token_text': 'montiuagos'}
 {'char_end': 99, 'char_start': 88, 'lemma': 'labyrinthus', 'pos': 'NOUN', 'sentence_id': 'noscemus_710273_6447', 'token_id': 128545748, 'token_text': 'labyrinthos'}
 {'char_end': 106, 'char_start': 100, 'lemma': 'carpo', 'pos': 'VERB', 'sentence_id': 'noscemus_710273_6447', 'token_id': 128545749, 'token_text': 'Carpit'}
 {'char_end': 111, 'char_start': 107, 'lemma': 'iter', 'pos': 'NOUN', 'sentence_id': 'noscemus_710273_6447', 'token_id': 128545750, 'token_text': 'iter'}
 {'char_end': 117, 'char_start': 112, 'lemma': 'durus', 'pos': 'ADJ', 'sentence_id': 'noscemus_710273_6447', 'token_id': 128545751, 'token_text': 'durum'}
 {'char_end': 118, 'char_start': 117, 'lemma': ':', 'pos': 'PUNCT', 'sentence_id': 'noscemus_710273_6447', 'token_id': 128545752, 'token_text': ':'}
 {'char_end': 1, 'char_start': 0, 'lemma': '&', 'pos': 'PUNCT', 'sentence_id': 'noscemus_710273_6448', 'token_id': 128545753, 'token_text': '&'}
 {'char_end': 8, 'char_start': 2, 'lemma': 'patrius', 'pos': 'ADJ', 'sentence_id': 'noscemus_710273_6448', 'token_id': 128545754, 'token_text': 'patrio'}
 {'char_end': 11, 'char_start': 9, 'lemma': 'sui', 'pos': 'PRON', 'sentence_id': 'noscemus_710273_6448', 'token_id': 128545755, 'token_text': 'se'}
 {'char_end': 18, 'char_start': 12, 'lemma': 'litus', 'pos': 'NOUN', 'sentence_id': 'noscemus_710273_6448', 'token_id': 128545756, 'token_text': 'litore'}
 {'char_end': 25, 'char_start': 19, 'lemma': 'credo', 'pos': 'VERB', 'sentence_id': 'noscemus_710273_6448', 'token_id': 128545757, 'token_text': 'credit'}
 {'char_end': 31, 'char_start': 26, 'lemma': 'possum', 'pos': 'VERB', 'sentence_id': 'noscemus_710273_6448', 'token_id': 128545758, 'token_text': 'Posse'}]",1726.0,1726.0,1726.0,,,Didactic poem,Medicine,128545748,88,99
758,"Scheuchzer, Johann Jakob","Physica sacra Iohannis Iacobi Scheuchzeri, medicinae doctoris et matheseos in lyceo Tigurino professoris, academiae imperialis naturae curiosorum Leopoldino-Carolinae adiuncti, societatum regiarum Anglicae ac Prussicae membri. Iconibus aeneis illustrata, procurante et sumptus suppediante Iohanne Andrea Pfeffel, Augustano, sacrae Caesareae maiestatis chalcographo aulico.",noscemus_798548,noscemus_798548_19584,"Sedem suam habent quatuor interna, totum auditus organon, quo comprehorum sensuum in ipso capite, uidelicet uihenduntur meatus auditorius, tympani memsus, auditus, gustus, olfactus, propiores sic brana, ossicula auditus, in osse petroso diuina cerebro, spirituum animalium officinae, ubi arte exsculptae cauitates, labyrinthus & cochanima ipsa residet.","Auris nomine uenit pori sibiue proficuum uel noxium, gratum siphilosopho nostro non solum externa, sed & ue aduersum. | Sedem suam habent quatuor interna, totum auditus organon, quo comprehorum sensuum in ipso capite, uidelicet uihenduntur meatus auditorius, tympani memsus, auditus, gustus, olfactus, propiores sic brana, ossicula auditus, in osse petroso diuina cerebro, spirituum animalium officinae, ubi arte exsculptae cauitates, labyrinthus & cochanima ipsa residet. | Sed debebat quoque sulea, cum expanso ibidem neruo auditorio, de premus hic actionum nostrarum director inqua miranda prorsus fabrica multa dicenda foformari de omni eo, quod in toto reliquo perrent, siquidem id temporis locique permitteagitur corpore.",medical_anatomical,"[{'char_end': 5, 'char_start': 0, 'lemma': 'sedes', 'pos': 'NOUN', 'sentence_id': 'noscemus_798548_19584', 'token_id': 111524969, 'token_text': 'Sedem'}
 {'char_end': 10, 'char_start': 6, 'lemma': 'suus', 'pos': 'DET', 'sentence_id': 'noscemus_798548_19584', 'token_id': 111524970, 'token_text': 'suam'}
 {'char_end': 17, 'char_start': 11, 'lemma': 'habeo', 'pos': 'VERB', 'sentence_id': 'noscemus_798548_19584', 'token_id': 111524971, 'token_text': 'habent'}
 {'char_end': 25, 'char_start': 18, 'lemma': 'quattuor', 'pos': 'NUM', 'sentence_id': 'noscemus_798548_19584', 'token_id': 111524972, 'token_text': 'quatuor'}
 {'char_end': 33, 'char_start': 26, 'lemma': 'internus', 'pos': 'ADJ', 'sentence_id': 'noscemus_798548_19584', 'token_id': 111524973, 'token_text': 'interna'}
 {'char_end': 34, 'char_start': 33, 'lemma': ',', 'pos': 'PUNCT', 'sentence_id': 'noscemus_798548_19584', 'token_id': 111524974, 'token_text': ','}
 {'char_end': 40, 'char_start': 35, 'lemma': 'totus', 'pos': 'DET', 'sentence_id': 'noscemus_798548_19584', 'token_id': 111524975, 'token_text': 'totum'}
 {'char_end': 48, 'char_start': 41, 'lemma': 'auditus', 'pos': 'NOUN', 'sentence_id': 'noscemus_798548_19584', 'token_id': 111524976, 'token_text': 'auditus'}
 {'char_end': 56, 'char_start': 49, 'lemma': 'organon', 'pos': 'NOUN', 'sentence_id': 'noscemus_798548_19584', 'token_id': 111524977, 'token_text': 'organon'}
 {'char_end': 57, 'char_start': 56, 'lemma': ',', 'pos': 'PUNCT', 'sentence_id': 'noscemus_798548_19584', 'token_id': 111524978, 'token_text': ','}
 {'char_end': 61, 'char_start': 58, 'lemma': 'qui', 'pos': 'PRON', 'sentence_id': 'noscemus_798548_19584', 'token_id': 111524979, 'token_text': 'quo'}
 {'char_end': 73, 'char_start': 62, 'lemma': 'comprehor', 'pos': 'VERB', 'sentence_id': 'noscemus_798548_19584', 'token_id': 111524980, 'token_text': 'comprehorum'}
 {'char_end': 81, 'char_start': 74, 'lemma': 'sensus', 'pos': 'NOUN', 'sentence_id': 'noscemus_798548_19584', 'token_id': 111524981, 'token_text': 'sensuum'}
 {'char_end': 84, 'char_start': 82, 'lemma': 'in', 'pos': 'ADP', 'sentence_id': 'noscemus_798548_19584', 'token_id': 111524982, 'token_text': 'in'}
 {'char_end': 89, 'char_start': 85, 'lemma': 'ipse', 'pos': 'DET', 'sentence_id': 'noscemus_798548_19584', 'token_id': 111524983, 'token_text': 'ipso'}
 {'char_end': 96, 'char_start': 90, 'lemma': 'caput', 'pos': 'NOUN', 'sentence_id': 'noscemus_798548_19584', 'token_id': 111524984, 'token_text': 'capite'}
 {'char_end': 97, 'char_start': 96, 'lemma': ',', 'pos': 'PUNCT', 'sentence_id': 'noscemus_798548_19584', 'token_id': 111524985, 'token_text': ','}
 {'char_end': 107, 'char_start': 98, 'lemma': 'uidelicet', 'pos': 'CCONJ', 'sentence_id': 'noscemus_798548_19584', 'token_id': 111524986, 'token_text': 'uidelicet'}
 {'char_end': 119, 'char_start': 108, 'lemma': 'uihendo', 'pos': 'VERB', 'sentence_id': 'noscemus_798548_19584', 'token_id': 111524987, 'token_text': 'uihenduntur'}
 {'char_end': 126, 'char_start': 120, 'lemma': 'meatus', 'pos': 'NOUN', 'sentence_id': 'noscemus_798548_19584', 'token_id': 111524988, 'token_text': 'meatus'}
 {'char_end': 137, 'char_start': 127, 'lemma': 'auditorius', 'pos': 'ADJ', 'sentence_id': 'noscemus_798548_19584', 'token_id': 111524989, 'token_text': 'auditorius'}
 {'char_end': 138, 'char_start': 137, 'lemma': ',', 'pos': 'PUNCT', 'sentence_id': 'noscemus_798548_19584', 'token_id': 111524990, 'token_text': ','}
 {'char_end': 146, 'char_start': 139, 'lemma': 'tympanum', 'pos': 'NOUN', 'sentence_id': 'noscemus_798548_19584', 'token_id': 111524991, 'token_text': 'tympani'}
 {'char_end': 153, 'char_start': 147, 'lemma': 'memsus', 'pos': 'VERB', 'sentence_id': 'noscemus_798548_19584', 'token_id': 111524992, 'token_text': 'memsus'}
 {'char_end': 154, 'char_start': 153, 'lemma': ',', 'pos': 'PUNCT', 'sentence_id': 'noscemus_798548_19584', 'token_id': 111524993, 'token_text': ','}
 {'char_end': 162, 'char_start': 155, 'lemma': 'auditus', 'pos': 'NOUN', 'sentence_id': 'noscemus_798548_19584', 'token_id': 111524994, 'token_text': 'auditus'}
 {'char_end': 163, 'char_start': 162, 'lemma': ',', 'pos': 'PUNCT', 'sentence_id': 'noscemus_798548_19584', 'token_id': 111524995, 'token_text': ','}
 {'char_end': 170, 'char_start': 164, 'lemma': 'gustus', 'pos': 'NOUN', 'sentence_id': 'noscemus_798548_19584', 'token_id': 111524996, 'token_text': 'gustus'}
 {'char_end': 171, 'char_start': 170, 'lemma': ',', 'pos': 'PUNCT', 'sentence_id': 'noscemus_798548_19584', 'token_id': 111524997, 'token_text': ','}
 {'char_end': 180, 'char_start': 172, 'lemma': 'olfacio', 'pos': 'VERB', 'sentence_id': 'noscemus_798548_19584', 'token_id': 111524998, 'token_text': 'olfactus'}
 {'char_end': 181, 'char_start': 180, 'lemma': ',', 'pos': 'PUNCT', 'sentence_id': 'noscemus_798548_19584', 'token_id': 111524999, 'token_text': ','}
 {'char_end': 191, 'char_start': 182, 'lemma': 'propior', 'pos': 'ADJ', 'sentence_id': 'noscemus_798548_19584', 'token_id': 111525000, 'token_text': 'propiores'}
 {'char_end': 195, 'char_start': 192, 'lemma': 'sic', 'pos': 'ADV', 'sentence_id': 'noscemus_798548_19584', 'token_id': 111525001, 'token_text': 'sic'}
 {'char_end': 201, 'char_start': 196, 'lemma': 'branus', 'pos': 'NOUN', 'sentence_id': 'noscemus_798548_19584', 'token_id': 111525002, 'token_text': 'brana'}
 {'char_end': 202, 'char_start': 201, 'lemma': ',', 'pos': 'PUNCT', 'sentence_id': 'noscemus_798548_19584', 'token_id': 111525003, 'token_text': ','}
 {'char_end': 211, 'char_start': 203, 'lemma': 'ossiculum', 'pos': 'NOUN', 'sentence_id': 'noscemus_798548_19584', 'token_id': 111525004, 'token_text': 'ossicula'}
 {'char_end': 219, 'char_start': 212, 'lemma': 'auditus', 'pos': 'NOUN', 'sentence_id': 'noscemus_798548_19584', 'token_id': 111525005, 'token_text': 'auditus'}
 {'char_end': 220, 'char_start': 219, 'lemma': ',', 'pos': 'PUNCT', 'sentence_id': 'noscemus_798548_19584', 'token_id': 111525006, 'token_text': ','}
 {'char_end': 223, 'char_start': 221, 'lemma': 'in', 'pos': 'ADP', 'sentence_id': 'noscemus_798548_19584', 'token_id': 111525007, 'token_text': 'in'}
 {'char_end': 228, 'char_start': 224, 'lemma': 'os', 'pos': 'NOUN', 'sentence_id': 'noscemus_798548_19584', 'token_id': 111525008, 'token_text': 'osse'}
 {'char_end': 236, 'char_start': 229, 'lemma': 'petrosus', 'pos': 'ADJ', 'sentence_id': 'noscemus_798548_19584', 'token_id': 111525009, 'token_text': 'petroso'}
 {'char_end': 243, 'char_start': 237, 'lemma': 'diuinus', 'pos': 'ADJ', 'sentence_id': 'noscemus_798548_19584', 'token_id': 111525010, 'token_text': 'diuina'}
 {'char_end': 251, 'char_start': 244, 'lemma': 'cerebrum', 'pos': 'NOUN', 'sentence_id': 'noscemus_798548_19584', 'token_id': 111525011, 'token_text': 'cerebro'}
 {'char_end': 252, 'char_start': 251, 'lemma': ',', 'pos': 'PUNCT', 'sentence_id': 'noscemus_798548_19584', 'token_id': 111525012, 'token_text': ','}
 {'char_end': 262, 'char_start': 253, 'lemma': 'spiritus', 'pos': 'NOUN', 'sentence_id': 'noscemus_798548_19584', 'token_id': 111525013, 'token_text': 'spirituum'}
 {'char_end': 272, 'char_start': 263, 'lemma': 'animal', 'pos': 'NOUN', 'sentence_id': 'noscemus_798548_19584', 'token_id': 111525014, 'token_text': 'animalium'}
 {'char_end': 282, 'char_start': 273, 'lemma': 'officina', 'pos': 'ADJ', 'sentence_id': 'noscemus_798548_19584', 'token_id': 111525015, 'token_text': 'officinae'}
 {'char_end': 283, 'char_start': 282, 'lemma': ',', 'pos': 'PUNCT', 'sentence_id': 'noscemus_798548_19584', 'token_id': 111525016, 'token_text': ','}
 {'char_end': 287, 'char_start': 284, 'lemma': 'ubi', 'pos': 'ADV', 'sentence_id': 'noscemus_798548_19584', 'token_id': 111525017, 'token_text': 'ubi'}
 {'char_end': 292, 'char_start': 288, 'lemma': 'ars', 'pos': 'NOUN', 'sentence_id': 'noscemus_798548_19584', 'token_id': 111525018, 'token_text': 'arte'}
 {'char_end': 303, 'char_start': 293, 'lemma': 'exsculpno', 'pos': 'VERB', 'sentence_id': 'noscemus_798548_19584', 'token_id': 111525019, 'token_text': 'exsculptae'}
 {'char_end': 313, 'char_start': 304, 'lemma': 'cauitas', 'pos': 'NOUN', 'sentence_id': 'noscemus_798548_19584', 'token_id': 111525020, 'token_text': 'cauitates'}
 {'char_end': 314, 'char_start': 313, 'lemma': ',', 'pos': 'PUNCT', 'sentence_id': 'noscemus_798548_19584', 'token_id': 111525021, 'token_text': ','}
 {'char_end': 326, 'char_start': 315, 'lemma': 'labyrinthus', 'pos': 'NOUN', 'sentence_id': 'noscemus_798548_19584', 'token_id': 111525022, 'token_text': 'labyrinthus'}
 {'char_end': 328, 'char_start': 327, 'lemma': '&', 'pos': 'PUNCT', 'sentence_id': 'noscemus_798548_19584', 'token_id': 111525023, 'token_text': '&'}
 {'char_end': 338, 'char_start': 329, 'lemma': '', 'pos': 'NOUN', 'sentence_id': 'noscemus_798548_19584', 'token_id': 111525024, 'token_text': 'cochanima'}
 {'char_end': 343, 'char_start': 339, 'lemma': 'ipse', 'pos': 'DET', 'sentence_id': 'noscemus_798548_19584', 'token_id': 111525025, 'token_text': 'ipsa'}
 {'char_end': 351, 'char_start': 344, 'lemma': 'resideo', 'pos': 'VERB', 'sentence_id': 'noscemus_798548_19584', 'token_id': 111525026, 'token_text': 'residet'}
 {'char_end': 352, 'char_start': 351, 'lemma': '.', 'pos': 'PUNCT', 'sentence_id': 'noscemus_798548_19584', 'token_id': 111525027, 'token_text': '.'}]","[{'char_end': 252, 'char_start': 251, 'lemma': ',', 'pos': 'PUNCT', 'sentence_id': 'noscemus_798548_19584', 'token_id': 111525012, 'token_text': ','}
 {'char_end': 262, 'char_start': 253, 'lemma': 'spiritus', 'pos': 'NOUN', 'sentence_id': 'noscemus_798548_19584', 'token_id': 111525013, 'token_text': 'spirituum'}
 {'char_end': 272, 'char_start': 263, 'lemma': 'animal', 'pos': 'NOUN', 'sentence_id': 'noscemus_798548_19584', 'token_id': 111525014, 'token_text': 'animalium'}
 {'char_end': 282, 'char_start': 273, 'lemma': 'officina', 'pos': 'ADJ', 'sentence_id': 'noscemus_798548_19584', 'token_id': 111525015, 'token_text': 'officinae'}
 {'char_end': 283, 'char_start': 282, 'lemma': ',', 'pos': 'PUNCT', 'sentence_id': 'noscemus_798548_19584', 'token_id': 111525016, 'token_text': ','}
 {'char_end': 287, 'char_start': 284, 'lemma': 'ubi', 'pos': 'ADV', 'sentence_id': 'noscemus_798548_19584', 'token_id': 111525017, 'token_text': 'ubi'}
 {'char_end': 292, 'char_start': 288, 'lemma': 'ars', 'pos': 'NOUN', 'sentence_id': 'noscemus_798548_19584', 'token_id': 111525018, 'token_text': 'arte'}
 {'char_end': 303, 'char_start': 293, 'lemma': 'exsculpno', 'pos': 'VERB', 'sentence_id': 'noscemus_798548_19584', 'token_id': 111525019, 'token_text': 'exsculptae'}
 {'char_end': 313, 'char_start': 304, 'lemma': 'cauitas', 'pos': 'NOUN', 'sentence_id': 'noscemus_798548_19584', 'token_id': 111525020, 'token_text': 'cauitates'}
 {'char_end': 314, 'char_start': 313, 'lemma': ',', 'pos': 'PUNCT', 'sentence_id': 'noscemus_798548_19584', 'token_id': 111525021, 'token_text': ','}
 {'char_end': 326, 'char_start': 315, 'lemma': 'labyrinthus', 'pos': 'NOUN', 'sentence_id': 'noscemus_798548_19584', 'token_id': 111525022, 'token_text': 'labyrinthus'}
 {'char_end': 328, 'char_start': 327, 'lemma': '&', 'pos': 'PUNCT', 'sentence_id': 'noscemus_798548_19584', 'token_id': 111525023, 'token_text': '&'}
 {'char_end': 338, 'char_start': 329, 'lemma': '', 'pos': 'NOUN', 'sentence_id': 'noscemus_798548_19584', 'token_id': 111525024, 'token_text': 'cochanima'}
 {'char_end': 343, 'char_start': 339, 'lemma': 'ipse', 'pos': 'DET', 'sentence_id': 'noscemus_798548_19584', 'token_id': 111525025, 'token_text': 'ipsa'}
 {'char_end': 351, 'char_start': 344, 'lemma': 'resideo', 'pos': 'VERB', 'sentence_id': 'noscemus_798548_19584', 'token_id': 111525026, 'token_text': 'residet'}
 {'char_end': 352, 'char_start': 351, 'lemma': '.', 'pos': 'PUNCT', 'sentence_id': 'noscemus_798548_19584', 'token_id': 111525027, 'token_text': '.'}
 {'char_end': 3, 'char_start': 0, 'lemma': 'sed', 'pos': 'CCONJ', 'sentence_id': 'noscemus_798548_19585', 'token_id': 111525028, 'token_text': 'Sed'}
 {'char_end': 11, 'char_start': 4, 'lemma': 'debeo', 'pos': 'VERB', 'sentence_id': 'noscemus_798548_19585', 'token_id': 111525029, 'token_text': 'debebat'}
 {'char_end': 18, 'char_start': 12, 'lemma': 'quoque', 'pos': 'ADV', 'sentence_id': 'noscemus_798548_19585', 'token_id': 111525030, 'token_text': 'quoque'}
 {'char_end': 24, 'char_start': 19, 'lemma': 'sulea', 'pos': 'NOUN', 'sentence_id': 'noscemus_798548_19585', 'token_id': 111525031, 'token_text': 'sulea'}
 {'char_end': 25, 'char_start': 24, 'lemma': ',', 'pos': 'PUNCT', 'sentence_id': 'noscemus_798548_19585', 'token_id': 111525032, 'token_text': ','}]",1731.0,1735.0,1734.0,,,"Commentary, Encyclopedic work","Mathematics, Physics, Astronomy/Astrology/Cosmography, Geography/Cartography, Meteorology/Earth sciences, Alchemy/Chemistry, Biology, Medicine, Other (see description)",111525022,315,326
158,"Balde, Iacob",Poemata,cc_13993,cc_13993_14728,Late patentis ducor in ambitum Flexusque siluae nam uarias tegit Immensus ambages uiarum Multiplicis Labyrinthus Horti.,"Odorque dimanans ab illis Teutonici grauat arua campi. | Late patentis ducor in ambitum Flexusque siluae nam uarias tegit Immensus ambages uiarum Multiplicis Labyrinthus Horti. | Ut te refusis assidue, uiden?",technical_literal,"[{'char_end': 4, 'char_start': 0, 'lemma': 'late', 'pos': 'VERB', 'sentence_id': 'cc_13993_14728', 'token_id': 353250395, 'token_text': 'Late'}
 {'char_end': 13, 'char_start': 5, 'lemma': 'pateo', 'pos': 'ADJ', 'sentence_id': 'cc_13993_14728', 'token_id': 353250396, 'token_text': 'patentis'}
 {'char_end': 19, 'char_start': 14, 'lemma': 'duco', 'pos': 'VERB', 'sentence_id': 'cc_13993_14728', 'token_id': 353250397, 'token_text': 'ducor'}
 {'char_end': 22, 'char_start': 20, 'lemma': 'in', 'pos': 'ADP', 'sentence_id': 'cc_13993_14728', 'token_id': 353250398, 'token_text': 'in'}
 {'char_end': 30, 'char_start': 23, 'lemma': 'ambitus', 'pos': 'NOUN', 'sentence_id': 'cc_13993_14728', 'token_id': 353250399, 'token_text': 'ambitum'}
 {'char_end': 37, 'char_start': 31, 'lemma': 'flexus', 'pos': 'NOUN', 'sentence_id': 'cc_13993_14728', 'token_id': 353250400, 'token_text': 'Flexus'}
 {'char_end': 40, 'char_start': 37, 'lemma': 'que', 'pos': 'CCONJ', 'sentence_id': 'cc_13993_14728', 'token_id': 353250401, 'token_text': 'que'}
 {'char_end': 47, 'char_start': 41, 'lemma': 'siluus', 'pos': 'ADJ', 'sentence_id': 'cc_13993_14728', 'token_id': 353250402, 'token_text': 'siluae'}
 {'char_end': 51, 'char_start': 48, 'lemma': 'nam', 'pos': 'PART', 'sentence_id': 'cc_13993_14728', 'token_id': 353250403, 'token_text': 'nam'}
 {'char_end': 58, 'char_start': 52, 'lemma': 'uarius', 'pos': 'ADJ', 'sentence_id': 'cc_13993_14728', 'token_id': 353250404, 'token_text': 'uarias'}
 {'char_end': 64, 'char_start': 59, 'lemma': 'tego', 'pos': 'VERB', 'sentence_id': 'cc_13993_14728', 'token_id': 353250405, 'token_text': 'tegit'}
 {'char_end': 73, 'char_start': 65, 'lemma': 'immensus', 'pos': 'ADJ', 'sentence_id': 'cc_13993_14728', 'token_id': 353250406, 'token_text': 'Immensus'}
 {'char_end': 81, 'char_start': 74, 'lemma': 'ambages', 'pos': 'NOUN', 'sentence_id': 'cc_13993_14728', 'token_id': 353250407, 'token_text': 'ambages'}
 {'char_end': 88, 'char_start': 82, 'lemma': 'uia', 'pos': 'NOUN', 'sentence_id': 'cc_13993_14728', 'token_id': 353250408, 'token_text': 'uiarum'}
 {'char_end': 100, 'char_start': 89, 'lemma': 'multiplex', 'pos': 'ADJ', 'sentence_id': 'cc_13993_14728', 'token_id': 353250409, 'token_text': 'Multiplicis'}
 {'char_end': 112, 'char_start': 101, 'lemma': 'labyrinthus', 'pos': 'PROPN', 'sentence_id': 'cc_13993_14728', 'token_id': 353250410, 'token_text': 'Labyrinthus'}
 {'char_end': 118, 'char_start': 113, 'lemma': 'Hortus', 'pos': 'PROPN', 'sentence_id': 'cc_13993_14728', 'token_id': 353250411, 'token_text': 'Horti'}
 {'char_end': 119, 'char_start': 118, 'lemma': '.', 'pos': 'PUNCT', 'sentence_id': 'cc_13993_14728', 'token_id': 353250412, 'token_text': '.'}]","[{'char_end': 37, 'char_start': 31, 'lemma': 'flexus', 'pos': 'NOUN', 'sentence_id': 'cc_13993_14728', 'token_id': 353250400, 'token_text': 'Flexus'}
 {'char_end': 40, 'char_start': 37, 'lemma': 'que', 'pos': 'CCONJ', 'sentence_id': 'cc_13993_14728', 'token_id': 353250401, 'token_text': 'que'}
 {'char_end': 47, 'char_start': 41, 'lemma': 'siluus', 'pos': 'ADJ', 'sentence_id': 'cc_13993_14728', 'token_id': 353250402, 'token_text': 'siluae'}
 {'char_end': 51, 'char_start': 48, 'lemma': 'nam', 'pos': 'PART', 'sentence_id': 'cc_13993_14728', 'token_id': 353250403, 'token_text': 'nam'}
 {'char_end': 58, 'char_start': 52, 'lemma': 'uarius', 'pos': 'ADJ', 'sentence_id': 'cc_13993_14728', 'token_id': 353250404, 'token_text': 'uarias'}
 {'char_end': 64, 'char_start': 59, 'lemma': 'tego', 'pos': 'VERB', 'sentence_id': 'cc_13993_14728', 'token_id': 353250405, 'token_text': 'tegit'}
 {'char_end': 73, 'char_start': 65, 'lemma': 'immensus', 'pos': 'ADJ', 'sentence_id': 'cc_13993_14728', 'token_id': 353250406, 'token_text': 'Immensus'}
 {'char_end': 81, 'char_start': 74, 'lemma': 'ambages', 'pos': 'NOUN', 'sentence_id': 'cc_13993_14728', 'token_id': 353250407, 'token_text': 'ambages'}
 {'char_end': 88, 'char_start': 82, 'lemma': 'uia', 'pos': 'NOUN', 'sentence_id': 'cc_13993_14728', 'token_id': 353250408, 'token_text': 'uiarum'}
 {'char_end': 100, 'char_start': 89, 'lemma': 'multiplex', 'pos': 'ADJ', 'sentence_id': 'cc_13993_14728', 'token_id': 353250409, 'token_text': 'Multiplicis'}
 {'char_end': 112, 'char_start': 101, 'lemma': 'labyrinthus', 'pos': 'PROPN', 'sentence_id': 'cc_13993_14728', 'token_id': 353250410, 'token_text': 'Labyrinthus'}
 {'char_end': 118, 'char_start': 113, 'lemma': 'Hortus', 'pos': 'PROPN', 'sentence_id': 'cc_13993_14728', 'token_id': 353250411, 'token_text': 'Horti'}
 {'char_end': 119, 'char_start': 118, 'lemma': '.', 'pos': 'PUNCT', 'sentence_id': 'cc_13993_14728', 'token_id': 353250412, 'token_text': '.'}
 {'char_end': 2, 'char_start': 0, 'lemma': 'ut', 'pos': 'SCONJ', 'sentence_id': 'cc_13993_14729', 'token_id': 353250413, 'token_text': 'Ut'}
 {'char_end': 5, 'char_start': 3, 'lemma': 'tu', 'pos': 'PRON', 'sentence_id': 'cc_13993_14729', 'token_id': 353250414, 'token_text': 'te'}
 {'char_end': 13, 'char_start': 6, 'lemma': 'refundo', 'pos': 'VERB', 'sentence_id': 'cc_13993_14729', 'token_id': 353250415, 'token_text': 'refusis'}
 {'char_end': 21, 'char_start': 14, 'lemma': 'assidue', 'pos': 'ADV', 'sentence_id': 'cc_13993_14729', 'token_id': 353250416, 'token_text': 'assidue'}
 {'char_end': 22, 'char_start': 21, 'lemma': ',', 'pos': 'PUNCT', 'sentence_id': 'cc_13993_14729', 'token_id': 353250417, 'token_text': ','}
 {'char_end': 28, 'char_start': 23, 'lemma': '', 'pos': 'VERB', 'sentence_id': 'cc_13993_14729', 'token_id': 353250418, 'token_text': 'uiden'}
 {'char_end': 29, 'char_start': 28, 'lemma': '?', 'pos': 'PUNCT', 'sentence_id': 'cc_13993_14729', 'token_id': 353250419, 'token_text': '?'}
 {'char_end': 7, 'char_start': 0, 'lemma': 'thermis', 'pos': 'NOUN', 'sentence_id': 'cc_13993_14730', 'token_id': 353250420, 'token_text': 'Thermis'}]",1604.0,1668.0,1665.0,,,,,353250410,101,112
214,Marius Mercator390-451 ,Subnotationes in verba Juliani,cc_7522,cc_7522_557,"Sed [ #baluz.@# Et] quae, uel cujusmodi sint, iterum [ #baluz.@# iterum iterumque] uideamus, in quibus quis iste, quaeso, error est inexplicabilis labyrinthi?","non enim ad expugnandam in Christo fidem ullas uires habere potuerunt. 3. | Sed [ #baluz.@# Et] quae, uel cujusmodi sint, iterum [ #baluz.@# iterum iterumque] uideamus, in quibus quis iste, quaeso, error est inexplicabilis labyrinthi? | quae inexsolubilia Thebani monstri problemata?",confusion_metaphorics,"[{'char_end': 3, 'char_start': 0, 'lemma': 'sed', 'pos': 'CCONJ', 'sentence_id': 'cc_7522_557', 'token_id': 197263124, 'token_text': 'Sed'}
 {'char_end': 5, 'char_start': 4, 'lemma': '[', 'pos': 'PUNCT', 'sentence_id': 'cc_7522_557', 'token_id': 197263125, 'token_text': '['}
 {'char_end': 7, 'char_start': 6, 'lemma': '#', 'pos': 'PUNCT', 'sentence_id': 'cc_7522_557', 'token_id': 197263126, 'token_text': '#'}
 {'char_end': 14, 'char_start': 7, 'lemma': '', 'pos': 'DET', 'sentence_id': 'cc_7522_557', 'token_id': 197263127, 'token_text': 'baluz.@'}
 {'char_end': 15, 'char_start': 14, 'lemma': '#', 'pos': 'PUNCT', 'sentence_id': 'cc_7522_557', 'token_id': 197263128, 'token_text': '#'}
 {'char_end': 18, 'char_start': 16, 'lemma': 'et', 'pos': 'CCONJ', 'sentence_id': 'cc_7522_557', 'token_id': 197263129, 'token_text': 'Et'}
 {'char_end': 19, 'char_start': 18, 'lemma': ']', 'pos': 'PUNCT', 'sentence_id': 'cc_7522_557', 'token_id': 197263130, 'token_text': ']'}
 {'char_end': 24, 'char_start': 20, 'lemma': 'qui', 'pos': 'PRON', 'sentence_id': 'cc_7522_557', 'token_id': 197263131, 'token_text': 'quae'}
 {'char_end': 25, 'char_start': 24, 'lemma': ',', 'pos': 'PUNCT', 'sentence_id': 'cc_7522_557', 'token_id': 197263132, 'token_text': ','}
 {'char_end': 29, 'char_start': 26, 'lemma': 'uel', 'pos': 'CCONJ', 'sentence_id': 'cc_7522_557', 'token_id': 197263133, 'token_text': 'uel'}
 {'char_end': 39, 'char_start': 30, 'lemma': 'cujusmodi', 'pos': 'ADV', 'sentence_id': 'cc_7522_557', 'token_id': 197263134, 'token_text': 'cujusmodi'}
 {'char_end': 44, 'char_start': 40, 'lemma': 'sum', 'pos': 'AUX', 'sentence_id': 'cc_7522_557', 'token_id': 197263135, 'token_text': 'sint'}
 {'char_end': 45, 'char_start': 44, 'lemma': ',', 'pos': 'PUNCT', 'sentence_id': 'cc_7522_557', 'token_id': 197263136, 'token_text': ','}
 {'char_end': 52, 'char_start': 46, 'lemma': 'iterum', 'pos': 'ADV', 'sentence_id': 'cc_7522_557', 'token_id': 197263137, 'token_text': 'iterum'}
 {'char_end': 54, 'char_start': 53, 'lemma': '[', 'pos': 'PUNCT', 'sentence_id': 'cc_7522_557', 'token_id': 197263138, 'token_text': '['}
 {'char_end': 56, 'char_start': 55, 'lemma': '#', 'pos': 'PUNCT', 'sentence_id': 'cc_7522_557', 'token_id': 197263139, 'token_text': '#'}
 {'char_end': 63, 'char_start': 56, 'lemma': '', 'pos': 'DET', 'sentence_id': 'cc_7522_557', 'token_id': 197263140, 'token_text': 'baluz.@'}
 {'char_end': 64, 'char_start': 63, 'lemma': '#', 'pos': 'PUNCT', 'sentence_id': 'cc_7522_557', 'token_id': 197263141, 'token_text': '#'}
 {'char_end': 71, 'char_start': 65, 'lemma': 'iterum', 'pos': 'ADV', 'sentence_id': 'cc_7522_557', 'token_id': 197263142, 'token_text': 'iterum'}
 {'char_end': 78, 'char_start': 72, 'lemma': 'iterum', 'pos': 'ADV', 'sentence_id': 'cc_7522_557', 'token_id': 197263143, 'token_text': 'iterum'}
 {'char_end': 81, 'char_start': 78, 'lemma': 'que', 'pos': 'CCONJ', 'sentence_id': 'cc_7522_557', 'token_id': 197263144, 'token_text': 'que'}
 {'char_end': 82, 'char_start': 81, 'lemma': ']', 'pos': 'PUNCT', 'sentence_id': 'cc_7522_557', 'token_id': 197263145, 'token_text': ']'}
 {'char_end': 91, 'char_start': 83, 'lemma': 'uideo', 'pos': 'VERB', 'sentence_id': 'cc_7522_557', 'token_id': 197263146, 'token_text': 'uideamus'}
 {'char_end': 92, 'char_start': 91, 'lemma': ',', 'pos': 'PUNCT', 'sentence_id': 'cc_7522_557', 'token_id': 197263147, 'token_text': ','}
 {'char_end': 95, 'char_start': 93, 'lemma': 'in', 'pos': 'ADP', 'sentence_id': 'cc_7522_557', 'token_id': 197263148, 'token_text': 'in'}
 {'char_end': 102, 'char_start': 96, 'lemma': 'qui', 'pos': 'PRON', 'sentence_id': 'cc_7522_557', 'token_id': 197263149, 'token_text': 'quibus'}
 {'char_end': 107, 'char_start': 103, 'lemma': 'qui', 'pos': 'PRON', 'sentence_id': 'cc_7522_557', 'token_id': 197263150, 'token_text': 'quis'}
 {'char_end': 112, 'char_start': 108, 'lemma': 'iste', 'pos': 'DET', 'sentence_id': 'cc_7522_557', 'token_id': 197263151, 'token_text': 'iste'}
 {'char_end': 113, 'char_start': 112, 'lemma': ',', 'pos': 'PUNCT', 'sentence_id': 'cc_7522_557', 'token_id': 197263152, 'token_text': ','}
 {'char_end': 120, 'char_start': 114, 'lemma': 'quaeso', 'pos': 'VERB', 'sentence_id': 'cc_7522_557', 'token_id': 197263153, 'token_text': 'quaeso'}
 {'char_end': 121, 'char_start': 120, 'lemma': ',', 'pos': 'PUNCT', 'sentence_id': 'cc_7522_557', 'token_id': 197263154, 'token_text': ','}
 {'char_end': 127, 'char_start': 122, 'lemma': 'error', 'pos': 'NOUN', 'sentence_id': 'cc_7522_557', 'token_id': 197263155, 'token_text': 'error'}
 {'char_end': 131, 'char_start': 128, 'lemma': 'sum', 'pos': 'AUX', 'sentence_id': 'cc_7522_557', 'token_id': 197263156, 'token_text': 'est'}
 {'char_end': 146, 'char_start': 132, 'lemma': 'inexplicabilis', 'pos': 'ADJ', 'sentence_id': 'cc_7522_557', 'token_id': 197263157, 'token_text': 'inexplicabilis'}
 {'char_end': 157, 'char_start': 147, 'lemma': 'labyrinthus', 'pos': 'NOUN', 'sentence_id': 'cc_7522_557', 'token_id': 197263158, 'token_text': 'labyrinthi'}
 {'char_end': 158, 'char_start': 157, 'lemma': '?', 'pos': 'PUNCT', 'sentence_id': 'cc_7522_557', 'token_id': 197263159, 'token_text': '?'}]","[{'char_end': 95, 'char_start': 93, 'lemma': 'in', 'pos': 'ADP', 'sentence_id': 'cc_7522_557', 'token_id': 197263148, 'token_text': 'in'}
 {'char_end': 102, 'char_start': 96, 'lemma': 'qui', 'pos': 'PRON', 'sentence_id': 'cc_7522_557', 'token_id': 197263149, 'token_text': 'quibus'}
 {'char_end': 107, 'char_start': 103, 'lemma': 'qui', 'pos': 'PRON', 'sentence_id': 'cc_7522_557', 'token_id': 197263150, 'token_text': 'quis'}
 {'char_end': 112, 'char_start': 108, 'lemma': 'iste', 'pos': 'DET', 'sentence_id': 'cc_7522_557', 'token_id': 197263151, 'token_text': 'iste'}
 {'char_end': 113, 'char_start': 112, 'lemma': ',', 'pos': 'PUNCT', 'sentence_id': 'cc_7522_557', 'token_id': 197263152, 'token_text': ','}
 {'char_end': 120, 'char_start': 114, 'lemma': 'quaeso', 'pos': 'VERB', 'sentence_id': 'cc_7522_557', 'token_id': 197263153, 'token_text': 'quaeso'}
 {'char_end': 121, 'char_start': 120, 'lemma': ',', 'pos': 'PUNCT', 'sentence_id': 'cc_7522_557', 'token_id': 197263154, 'token_text': ','}
 {'char_end': 127, 'char_start': 122, 'lemma': 'error', 'pos': 'NOUN', 'sentence_id': 'cc_7522_557', 'token_id': 197263155, 'token_text': 'error'}
 {'char_end': 131, 'char_start': 128, 'lemma': 'sum', 'pos': 'AUX', 'sentence_id': 'cc_7522_557', 'token_id': 197263156, 'token_text': 'est'}
 {'char_end': 146, 'char_start': 132, 'lemma': 'inexplicabilis', 'pos': 'ADJ', 'sentence_id': 'cc_7522_557', 'token_id': 197263157, 'token_text': 'inexplicabilis'}
 {'char_end': 157, 'char_start': 147, 'lemma': 'labyrinthus', 'pos': 'NOUN', 'sentence_id': 'cc_7522_557', 'token_id': 197263158, 'token_text': 'labyrinthi'}
 {'char_end': 158, 'char_start': 157, 'lemma': '?', 'pos': 'PUNCT', 'sentence_id': 'cc_7522_557', 'token_id': 197263159, 'token_text': '?'}
 {'char_end': 4, 'char_start': 0, 'lemma': 'qui', 'pos': 'PRON', 'sentence_id': 'cc_7522_558', 'token_id': 197263160, 'token_text': 'quae'}
 {'char_end': 18, 'char_start': 5, 'lemma': 'inexsolubilis', 'pos': 'ADJ', 'sentence_id': 'cc_7522_558', 'token_id': 197263161, 'token_text': 'inexsolubilia'}
 {'char_end': 26, 'char_start': 19, 'lemma': 'Thebanus', 'pos': 'PROPN', 'sentence_id': 'cc_7522_558', 'token_id': 197263162, 'token_text': 'Thebani'}
 {'char_end': 34, 'char_start': 27, 'lemma': 'monstrum', 'pos': 'NOUN', 'sentence_id': 'cc_7522_558', 'token_id': 197263163, 'token_text': 'monstri'}
 {'char_end': 45, 'char_start': 35, 'lemma': 'problema', 'pos': 'NOUN', 'sentence_id': 'cc_7522_558', 'token_id': 197263164, 'token_text': 'problemata'}
 {'char_end': 46, 'char_start': 45, 'lemma': '?', 'pos': 'PUNCT', 'sentence_id': 'cc_7522_558', 'token_id': 197263165, 'token_text': '?'}
 {'char_end': 2, 'char_start': 0, 'lemma': 'in', 'pos': 'ADP', 'sentence_id': 'cc_7522_559', 'token_id': 197263166, 'token_text': 'In'}
 {'char_end': 11, 'char_start': 3, 'lemma': 'epistola', 'pos': 'NOUN', 'sentence_id': 'cc_7522_559', 'token_id': 197263167, 'token_text': 'epistola'}
 {'char_end': 15, 'char_start': 12, 'lemma': 'tuus', 'pos': 'DET', 'sentence_id': 'cc_7522_559', 'token_id': 197263168, 'token_text': 'tua'}]",390.0,451.0,403.0,,,,,197263158,147,157
535,"Brumoy, Pierre","De arte vitraria libri duo. Auctore Petro Brumoy, Societatis Iesu.",noscemus_710450,noscemus_710450_3974,"Uincula si rumpat uiolentior impetus, illae Diffugiunt, partesque alias odere, nec ulla Praeterea junctis ineunt connubia dextris: 2 Siue per angustos cum lux infusa canales Tramitibus rectis uitro influit, indita uitro Natura ordinibus digesta foramina certis Stare immota jubet, nec in ancipites labyrinthos Posse sinit flecti, ne luminis obstruat usum;","Unde suis partes implexae partibus haerent, Nec multos subiere situs, sed foedera jungunt, Quae nec edax usus, nec solueret ipsa uetustas, Aerugoue urens, et, ni fera fata resistant, Exuerent nunquam, quas accepere, catenas; | Uincula si rumpat uiolentior impetus, illae Diffugiunt, partesque alias odere, nec ulla Praeterea junctis ineunt connubia dextris: 2 Siue per angustos cum lux infusa canales Tramitibus rectis uitro influit, indita uitro Natura ordinibus digesta foramina certis Stare immota jubet, nec in ancipites labyrinthos Posse sinit flecti, ne luminis obstruat usum; | Namque ubi tunduntur ferro crepitante metalla, Exiguos curuant repetito uulnere calles; 1.",scientific_complexity_metaphorics,"[{'char_end': 7, 'char_start': 0, 'lemma': 'uinculus', 'pos': 'NOUN', 'sentence_id': 'noscemus_710450_3974', 'token_id': 95021599, 'token_text': 'Uincula'}
 {'char_end': 10, 'char_start': 8, 'lemma': 'si', 'pos': 'SCONJ', 'sentence_id': 'noscemus_710450_3974', 'token_id': 95021600, 'token_text': 'si'}
 {'char_end': 17, 'char_start': 11, 'lemma': 'rumpo', 'pos': 'VERB', 'sentence_id': 'noscemus_710450_3974', 'token_id': 95021601, 'token_text': 'rumpat'}
 {'char_end': 28, 'char_start': 18, 'lemma': 'uiolentus', 'pos': 'ADJ', 'sentence_id': 'noscemus_710450_3974', 'token_id': 95021602, 'token_text': 'uiolentior'}
 {'char_end': 36, 'char_start': 29, 'lemma': 'impetus', 'pos': 'NOUN', 'sentence_id': 'noscemus_710450_3974', 'token_id': 95021603, 'token_text': 'impetus'}
 {'char_end': 37, 'char_start': 36, 'lemma': ',', 'pos': 'PUNCT', 'sentence_id': 'noscemus_710450_3974', 'token_id': 95021604, 'token_text': ','}
 {'char_end': 43, 'char_start': 38, 'lemma': 'ille', 'pos': 'DET', 'sentence_id': 'noscemus_710450_3974', 'token_id': 95021605, 'token_text': 'illae'}
 {'char_end': 54, 'char_start': 44, 'lemma': 'diffugio', 'pos': 'VERB', 'sentence_id': 'noscemus_710450_3974', 'token_id': 95021606, 'token_text': 'Diffugiunt'}
 {'char_end': 55, 'char_start': 54, 'lemma': ',', 'pos': 'PUNCT', 'sentence_id': 'noscemus_710450_3974', 'token_id': 95021607, 'token_text': ','}
 {'char_end': 62, 'char_start': 56, 'lemma': 'pars', 'pos': 'NOUN', 'sentence_id': 'noscemus_710450_3974', 'token_id': 95021608, 'token_text': 'partes'}
 {'char_end': 65, 'char_start': 62, 'lemma': 'que', 'pos': 'CCONJ', 'sentence_id': 'noscemus_710450_3974', 'token_id': 95021609, 'token_text': 'que'}
 {'char_end': 71, 'char_start': 66, 'lemma': 'alius', 'pos': 'DET', 'sentence_id': 'noscemus_710450_3974', 'token_id': 95021610, 'token_text': 'alias'}
 {'char_end': 77, 'char_start': 72, 'lemma': 'odi', 'pos': 'VERB', 'sentence_id': 'noscemus_710450_3974', 'token_id': 95021611, 'token_text': 'odere'}
 {'char_end': 78, 'char_start': 77, 'lemma': ',', 'pos': 'PUNCT', 'sentence_id': 'noscemus_710450_3974', 'token_id': 95021612, 'token_text': ','}
 {'char_end': 82, 'char_start': 79, 'lemma': 'neque', 'pos': 'CCONJ', 'sentence_id': 'noscemus_710450_3974', 'token_id': 95021613, 'token_text': 'nec'}
 {'char_end': 87, 'char_start': 83, 'lemma': 'ullus', 'pos': 'DET', 'sentence_id': 'noscemus_710450_3974', 'token_id': 95021614, 'token_text': 'ulla'}
 {'char_end': 97, 'char_start': 88, 'lemma': 'praeterea', 'pos': 'ADV', 'sentence_id': 'noscemus_710450_3974', 'token_id': 95021615, 'token_text': 'Praeterea'}
 {'char_end': 105, 'char_start': 98, 'lemma': 'iunctus', 'pos': 'VERB', 'sentence_id': 'noscemus_710450_3974', 'token_id': 95021616, 'token_text': 'junctis'}
 {'char_end': 112, 'char_start': 106, 'lemma': 'ineo', 'pos': 'VERB', 'sentence_id': 'noscemus_710450_3974', 'token_id': 95021617, 'token_text': 'ineunt'}
 {'char_end': 121, 'char_start': 113, 'lemma': 'connubium', 'pos': 'ADJ', 'sentence_id': 'noscemus_710450_3974', 'token_id': 95021618, 'token_text': 'connubia'}
 {'char_end': 129, 'char_start': 122, 'lemma': 'dexter', 'pos': 'ADJ', 'sentence_id': 'noscemus_710450_3974', 'token_id': 95021619, 'token_text': 'dextris'}
 {'char_end': 130, 'char_start': 129, 'lemma': ':', 'pos': 'PUNCT', 'sentence_id': 'noscemus_710450_3974', 'token_id': 95021620, 'token_text': ':'}
 {'char_end': 132, 'char_start': 131, 'lemma': '2', 'pos': 'NUM', 'sentence_id': 'noscemus_710450_3974', 'token_id': 95021621, 'token_text': '2'}
 {'char_end': 137, 'char_start': 133, 'lemma': 'siue', 'pos': 'CCONJ', 'sentence_id': 'noscemus_710450_3974', 'token_id': 95021622, 'token_text': 'Siue'}
 {'char_end': 141, 'char_start': 138, 'lemma': 'per', 'pos': 'ADP', 'sentence_id': 'noscemus_710450_3974', 'token_id': 95021623, 'token_text': 'per'}
 {'char_end': 150, 'char_start': 142, 'lemma': 'angustus', 'pos': 'ADJ', 'sentence_id': 'noscemus_710450_3974', 'token_id': 95021624, 'token_text': 'angustos'}
 {'char_end': 154, 'char_start': 151, 'lemma': 'cum', 'pos': 'SCONJ', 'sentence_id': 'noscemus_710450_3974', 'token_id': 95021625, 'token_text': 'cum'}
 {'char_end': 158, 'char_start': 155, 'lemma': 'lux', 'pos': 'NOUN', 'sentence_id': 'noscemus_710450_3974', 'token_id': 95021626, 'token_text': 'lux'}
 {'char_end': 165, 'char_start': 159, 'lemma': 'infundo', 'pos': 'VERB', 'sentence_id': 'noscemus_710450_3974', 'token_id': 95021627, 'token_text': 'infusa'}
 {'char_end': 173, 'char_start': 166, 'lemma': 'canalis', 'pos': 'NOUN', 'sentence_id': 'noscemus_710450_3974', 'token_id': 95021628, 'token_text': 'canales'}
 {'char_end': 184, 'char_start': 174, 'lemma': 'trames', 'pos': 'PROPN', 'sentence_id': 'noscemus_710450_3974', 'token_id': 95021629, 'token_text': 'Tramitibus'}
 {'char_end': 191, 'char_start': 185, 'lemma': 'rego', 'pos': 'VERB', 'sentence_id': 'noscemus_710450_3974', 'token_id': 95021630, 'token_text': 'rectis'}
 {'char_end': 197, 'char_start': 192, 'lemma': 'uitrum', 'pos': 'NOUN', 'sentence_id': 'noscemus_710450_3974', 'token_id': 95021631, 'token_text': 'uitro'}
 {'char_end': 205, 'char_start': 198, 'lemma': 'influo', 'pos': 'VERB', 'sentence_id': 'noscemus_710450_3974', 'token_id': 95021632, 'token_text': 'influit'}
 {'char_end': 206, 'char_start': 205, 'lemma': ',', 'pos': 'PUNCT', 'sentence_id': 'noscemus_710450_3974', 'token_id': 95021633, 'token_text': ','}
 {'char_end': 213, 'char_start': 207, 'lemma': 'indo', 'pos': 'VERB', 'sentence_id': 'noscemus_710450_3974', 'token_id': 95021634, 'token_text': 'indita'}
 {'char_end': 219, 'char_start': 214, 'lemma': 'uitrum', 'pos': 'NOUN', 'sentence_id': 'noscemus_710450_3974', 'token_id': 95021635, 'token_text': 'uitro'}
 {'char_end': 226, 'char_start': 220, 'lemma': 'natura', 'pos': 'NOUN', 'sentence_id': 'noscemus_710450_3974', 'token_id': 95021636, 'token_text': 'Natura'}
 {'char_end': 236, 'char_start': 227, 'lemma': 'ordo', 'pos': 'NOUN', 'sentence_id': 'noscemus_710450_3974', 'token_id': 95021637, 'token_text': 'ordinibus'}
 {'char_end': 244, 'char_start': 237, 'lemma': 'digero', 'pos': 'VERB', 'sentence_id': 'noscemus_710450_3974', 'token_id': 95021638, 'token_text': 'digesta'}
 {'char_end': 253, 'char_start': 245, 'lemma': 'foramen', 'pos': 'NOUN', 'sentence_id': 'noscemus_710450_3974', 'token_id': 95021639, 'token_text': 'foramina'}
 {'char_end': 260, 'char_start': 254, 'lemma': 'certus', 'pos': 'ADJ', 'sentence_id': 'noscemus_710450_3974', 'token_id': 95021640, 'token_text': 'certis'}
 {'char_end': 266, 'char_start': 261, 'lemma': 'sto', 'pos': 'VERB', 'sentence_id': 'noscemus_710450_3974', 'token_id': 95021641, 'token_text': 'Stare'}
 {'char_end': 273, 'char_start': 267, 'lemma': 'immotus', 'pos': 'VERB', 'sentence_id': 'noscemus_710450_3974', 'token_id': 95021642, 'token_text': 'immota'}
 {'char_end': 279, 'char_start': 274, 'lemma': 'iubeo', 'pos': 'VERB', 'sentence_id': 'noscemus_710450_3974', 'token_id': 95021643, 'token_text': 'jubet'}
 {'char_end': 280, 'char_start': 279, 'lemma': ',', 'pos': 'PUNCT', 'sentence_id': 'noscemus_710450_3974', 'token_id': 95021644, 'token_text': ','}
 {'char_end': 284, 'char_start': 281, 'lemma': 'neque', 'pos': 'CCONJ', 'sentence_id': 'noscemus_710450_3974', 'token_id': 95021645, 'token_text': 'nec'}
 {'char_end': 287, 'char_start': 285, 'lemma': 'in', 'pos': 'ADP', 'sentence_id': 'noscemus_710450_3974', 'token_id': 95021646, 'token_text': 'in'}
 {'char_end': 297, 'char_start': 288, 'lemma': 'anceps', 'pos': 'ADJ', 'sentence_id': 'noscemus_710450_3974', 'token_id': 95021647, 'token_text': 'ancipites'}
 {'char_end': 309, 'char_start': 298, 'lemma': 'labyrinthus', 'pos': 'NOUN', 'sentence_id': 'noscemus_710450_3974', 'token_id': 95021648, 'token_text': 'labyrinthos'}
 {'char_end': 315, 'char_start': 310, 'lemma': 'possum', 'pos': 'VERB', 'sentence_id': 'noscemus_710450_3974', 'token_id': 95021649, 'token_text': 'Posse'}
 {'char_end': 321, 'char_start': 316, 'lemma': 'sino', 'pos': 'VERB', 'sentence_id': 'noscemus_710450_3974', 'token_id': 95021650, 'token_text': 'sinit'}
 {'char_end': 328, 'char_start': 322, 'lemma': 'flecto', 'pos': 'VERB', 'sentence_id': 'noscemus_710450_3974', 'token_id': 95021651, 'token_text': 'flecti'}
 {'char_end': 329, 'char_start': 328, 'lemma': ',', 'pos': 'PUNCT', 'sentence_id': 'noscemus_710450_3974', 'token_id': 95021652, 'token_text': ','}
 {'char_end': 332, 'char_start': 330, 'lemma': 'ne', 'pos': 'SCONJ', 'sentence_id': 'noscemus_710450_3974', 'token_id': 95021653, 'token_text': 'ne'}
 {'char_end': 340, 'char_start': 333, 'lemma': 'lumen', 'pos': 'NOUN', 'sentence_id': 'noscemus_710450_3974', 'token_id': 95021654, 'token_text': 'luminis'}
 {'char_end': 349, 'char_start': 341, 'lemma': 'obstruo', 'pos': 'VERB', 'sentence_id': 'noscemus_710450_3974', 'token_id': 95021655, 'token_text': 'obstruat'}
 {'char_end': 354, 'char_start': 350, 'lemma': 'usus', 'pos': 'NOUN', 'sentence_id': 'noscemus_710450_3974', 'token_id': 95021656, 'token_text': 'usum'}
 {'char_end': 355, 'char_start': 354, 'lemma': ';', 'pos': 'PUNCT', 'sentence_id': 'noscemus_710450_3974', 'token_id': 95021657, 'token_text': ';'}]","[{'char_end': 244, 'char_start': 237, 'lemma': 'digero', 'pos': 'VERB', 'sentence_id': 'noscemus_710450_3974', 'token_id': 95021638, 'token_text': 'digesta'}
 {'char_end': 253, 'char_start': 245, 'lemma': 'foramen', 'pos': 'NOUN', 'sentence_id': 'noscemus_710450_3974', 'token_id': 95021639, 'token_text': 'foramina'}
 {'char_end': 260, 'char_start': 254, 'lemma': 'certus', 'pos': 'ADJ', 'sentence_id': 'noscemus_710450_3974', 'token_id': 95021640, 'token_text': 'certis'}
 {'char_end': 266, 'char_start': 261, 'lemma': 'sto', 'pos': 'VERB', 'sentence_id': 'noscemus_710450_3974', 'token_id': 95021641, 'token_text': 'Stare'}
 {'char_end': 273, 'char_start': 267, 'lemma': 'immotus', 'pos': 'VERB', 'sentence_id': 'noscemus_710450_3974', 'token_id': 95021642, 'token_text': 'immota'}
 {'char_end': 279, 'char_start': 274, 'lemma': 'iubeo', 'pos': 'VERB', 'sentence_id': 'noscemus_710450_3974', 'token_id': 95021643, 'token_text': 'jubet'}
 {'char_end': 280, 'char_start': 279, 'lemma': ',', 'pos': 'PUNCT', 'sentence_id': 'noscemus_710450_3974', 'token_id': 95021644, 'token_text': ','}
 {'char_end': 284, 'char_start': 281, 'lemma': 'neque', 'pos': 'CCONJ', 'sentence_id': 'noscemus_710450_3974', 'token_id': 95021645, 'token_text': 'nec'}
 {'char_end': 287, 'char_start': 285, 'lemma': 'in', 'pos': 'ADP', 'sentence_id': 'noscemus_710450_3974', 'token_id': 95021646, 'token_text': 'in'}
 {'char_end': 297, 'char_start': 288, 'lemma': 'anceps', 'pos': 'ADJ', 'sentence_id': 'noscemus_710450_3974', 'token_id': 95021647, 'token_text': 'ancipites'}
 {'char_end': 309, 'char_start': 298, 'lemma': 'labyrinthus', 'pos': 'NOUN', 'sentence_id': 'noscemus_710450_3974', 'token_id': 95021648, 'token_text': 'labyrinthos'}
 {'char_end': 315, 'char_start': 310, 'lemma': 'possum', 'pos': 'VERB', 'sentence_id': 'noscemus_710450_3974', 'token_id': 95021649, 'token_text': 'Posse'}
 {'char_end': 321, 'char_start': 316, 'lemma': 'sino', 'pos': 'VERB', 'sentence_id': 'noscemus_710450_3974', 'token_id': 95021650, 'token_text': 'sinit'}
 {'char_end': 328, 'char_start': 322, 'lemma': 'flecto', 'pos': 'VERB', 'sentence_id': 'noscemus_710450_3974', 'token_id': 95021651, 'token_text': 'flecti'}
 {'char_end': 329, 'char_start': 328, 'lemma': ',', 'pos': 'PUNCT', 'sentence_id': 'noscemus_710450_3974', 'token_id': 95021652, 'token_text': ','}
 {'char_end': 332, 'char_start': 330, 'lemma': 'ne', 'pos': 'SCONJ', 'sentence_id': 'noscemus_710450_3974', 'token_id': 95021653, 'token_text': 'ne'}
 {'char_end': 340, 'char_start': 333, 'lemma': 'lumen', 'pos': 'NOUN', 'sentence_id': 'noscemus_710450_3974', 'token_id': 95021654, 'token_text': 'luminis'}
 {'char_end': 349, 'char_start': 341, 'lemma': 'obstruo', 'pos': 'VERB', 'sentence_id': 'noscemus_710450_3974', 'token_id': 95021655, 'token_text': 'obstruat'}
 {'char_end': 354, 'char_start': 350, 'lemma': 'usus', 'pos': 'NOUN', 'sentence_id': 'noscemus_710450_3974', 'token_id': 95021656, 'token_text': 'usum'}
 {'char_end': 355, 'char_start': 354, 'lemma': ';', 'pos': 'PUNCT', 'sentence_id': 'noscemus_710450_3974', 'token_id': 95021657, 'token_text': ';'}
 {'char_end': 6, 'char_start': 0, 'lemma': 'namque', 'pos': 'PART', 'sentence_id': 'noscemus_710450_3975', 'token_id': 95021658, 'token_text': 'Namque'}]",1712.0,1712.0,1712.0,,,Didactic poem,"Physics, Astronomy/Astrology/Cosmography, Alchemy/Chemistry, Biology, Other (see description)",95021648,298,309
706,"Münster, Sebastian","Cosmographia universalis libri VI, in quibus iuxta certioris fidei scriptorum traditionem describuntur omnium habitabilis orbis partium situs propriaeque dotes, regionum topographicae effigies, terrae ingenia, quibus sit ut tam differentes et varias specie res et animatas et inanimatas ferat, animalium peregrinorum naturae et picturae, nobiliorum civitatum icones et descriptiones, regnorum initia, incrementa et translationes, omnium gentium mores, leges, religio, res gestae, mutationes, item regum et principium genealogiae",noscemus_767769,noscemus_767769_27532,"Aegyptius tamen labyrinthus fuit omnium maximum & portentissimum humani ingenii opus, unde exemplar sumpsit eius, quem in Creta fecit Daedalus, centesima tantum portionem accipiens de Aegyptio labyrintho, sed formosior omnium fuit, perpit xis parietibus.","Fuit opus arte maxime spectabile. | Fuit opus arte maxime spectabile. | Aegyptius tamen labyrinthus fuit omnium maximum & portentissimum humani ingenii opus, unde exemplar sumpsit eius, quem in Creta fecit Daedalus, centesima tantum portionem accipiens de Aegyptio labyrintho, sed formosior omnium fuit, perpit xis parietibus. | Aegyptius tamen labyrinthus fuit omnium maximum & portentissimum humani ingenii opus, unde exemplar sumpsit eius, quem in Creta fecit Daedalus, centesima tantum portionem accipiens de Aegyptio labyrintho, sed formosior omnium fuit, perpit xis parietibus. | Plinius scribit uesanam fuisse dementiam, quaesisse gloriam impendio nulli profuturo, praeterea fatigasse regni uires, cum tamen laus maior artificis esset. | Plinius scribit uesanam fuisse dementiam, quaesisse gloriam impendio nulli profuturo, praeterea fatigasse regni uires, cum tamen laus maior artificis esset.",technical_literal,"[{'char_end': 9, 'char_start': 0, 'lemma': 'Aegyptius', 'pos': 'ADJ', 'sentence_id': 'noscemus_767769_27532', 'token_id': 51267306, 'token_text': 'Aegyptius'}
 {'char_end': 15, 'char_start': 10, 'lemma': 'tamen', 'pos': 'ADV', 'sentence_id': 'noscemus_767769_27532', 'token_id': 51267307, 'token_text': 'tamen'}
 {'char_end': 27, 'char_start': 16, 'lemma': 'labyrinthus', 'pos': 'NOUN', 'sentence_id': 'noscemus_767769_27532', 'token_id': 51267308, 'token_text': 'labyrinthus'}
 {'char_end': 32, 'char_start': 28, 'lemma': 'sum', 'pos': 'AUX', 'sentence_id': 'noscemus_767769_27532', 'token_id': 51267309, 'token_text': 'fuit'}
 {'char_end': 39, 'char_start': 33, 'lemma': 'omnis', 'pos': 'DET', 'sentence_id': 'noscemus_767769_27532', 'token_id': 51267310, 'token_text': 'omnium'}
 {'char_end': 47, 'char_start': 40, 'lemma': 'magnus', 'pos': 'ADJ', 'sentence_id': 'noscemus_767769_27532', 'token_id': 51267311, 'token_text': 'maximum'}
 {'char_end': 49, 'char_start': 48, 'lemma': '&', 'pos': 'PUNCT', 'sentence_id': 'noscemus_767769_27532', 'token_id': 51267312, 'token_text': '&'}
 {'char_end': 64, 'char_start': 50, 'lemma': 'portentus', 'pos': 'ADJ', 'sentence_id': 'noscemus_767769_27532', 'token_id': 51267313, 'token_text': 'portentissimum'}
 {'char_end': 71, 'char_start': 65, 'lemma': 'humanus', 'pos': 'ADJ', 'sentence_id': 'noscemus_767769_27532', 'token_id': 51267314, 'token_text': 'humani'}
 {'char_end': 79, 'char_start': 72, 'lemma': 'ingenium', 'pos': 'NOUN', 'sentence_id': 'noscemus_767769_27532', 'token_id': 51267315, 'token_text': 'ingenii'}
 {'char_end': 84, 'char_start': 80, 'lemma': 'opus', 'pos': 'NOUN', 'sentence_id': 'noscemus_767769_27532', 'token_id': 51267316, 'token_text': 'opus'}
 {'char_end': 85, 'char_start': 84, 'lemma': ',', 'pos': 'PUNCT', 'sentence_id': 'noscemus_767769_27532', 'token_id': 51267317, 'token_text': ','}
 {'char_end': 90, 'char_start': 86, 'lemma': 'unde', 'pos': 'ADV', 'sentence_id': 'noscemus_767769_27532', 'token_id': 51267318, 'token_text': 'unde'}
 {'char_end': 99, 'char_start': 91, 'lemma': 'exemplar', 'pos': 'NOUN', 'sentence_id': 'noscemus_767769_27532', 'token_id': 51267319, 'token_text': 'exemplar'}
 {'char_end': 107, 'char_start': 100, 'lemma': 'sumo', 'pos': 'VERB', 'sentence_id': 'noscemus_767769_27532', 'token_id': 51267320, 'token_text': 'sumpsit'}
 {'char_end': 112, 'char_start': 108, 'lemma': 'is', 'pos': 'PRON', 'sentence_id': 'noscemus_767769_27532', 'token_id': 51267321, 'token_text': 'eius'}
 {'char_end': 113, 'char_start': 112, 'lemma': ',', 'pos': 'PUNCT', 'sentence_id': 'noscemus_767769_27532', 'token_id': 51267322, 'token_text': ','}
 {'char_end': 118, 'char_start': 114, 'lemma': 'qui', 'pos': 'PRON', 'sentence_id': 'noscemus_767769_27532', 'token_id': 51267323, 'token_text': 'quem'}
 {'char_end': 121, 'char_start': 119, 'lemma': 'in', 'pos': 'ADP', 'sentence_id': 'noscemus_767769_27532', 'token_id': 51267324, 'token_text': 'in'}
 {'char_end': 127, 'char_start': 122, 'lemma': 'Creta', 'pos': 'PROPN', 'sentence_id': 'noscemus_767769_27532', 'token_id': 51267325, 'token_text': 'Creta'}
 {'char_end': 133, 'char_start': 128, 'lemma': 'facio', 'pos': 'VERB', 'sentence_id': 'noscemus_767769_27532', 'token_id': 51267326, 'token_text': 'fecit'}
 {'char_end': 142, 'char_start': 134, 'lemma': 'Daedalus', 'pos': 'PROPN', 'sentence_id': 'noscemus_767769_27532', 'token_id': 51267327, 'token_text': 'Daedalus'}
 {'char_end': 143, 'char_start': 142, 'lemma': ',', 'pos': 'PUNCT', 'sentence_id': 'noscemus_767769_27532', 'token_id': 51267328, 'token_text': ','}
 {'char_end': 153, 'char_start': 144, 'lemma': 'cente', 'pos': 'ADJ', 'sentence_id': 'noscemus_767769_27532', 'token_id': 51267329, 'token_text': 'centesima'}
 {'char_end': 160, 'char_start': 154, 'lemma': 'tantum', 'pos': 'ADV', 'sentence_id': 'noscemus_767769_27532', 'token_id': 51267330, 'token_text': 'tantum'}
 {'char_end': 170, 'char_start': 161, 'lemma': 'portio', 'pos': 'NOUN', 'sentence_id': 'noscemus_767769_27532', 'token_id': 51267331, 'token_text': 'portionem'}
 {'char_end': 180, 'char_start': 171, 'lemma': 'accipio', 'pos': 'VERB', 'sentence_id': 'noscemus_767769_27532', 'token_id': 51267332, 'token_text': 'accipiens'}
 {'char_end': 183, 'char_start': 181, 'lemma': 'de', 'pos': 'ADP', 'sentence_id': 'noscemus_767769_27532', 'token_id': 51267333, 'token_text': 'de'}
 {'char_end': 192, 'char_start': 184, 'lemma': 'Aegyptius', 'pos': 'PROPN', 'sentence_id': 'noscemus_767769_27532', 'token_id': 51267334, 'token_text': 'Aegyptio'}
 {'char_end': 203, 'char_start': 193, 'lemma': 'labyrinthus', 'pos': 'NOUN', 'sentence_id': 'noscemus_767769_27532', 'token_id': 51267335, 'token_text': 'labyrintho'}
 {'char_end': 204, 'char_start': 203, 'lemma': ',', 'pos': 'PUNCT', 'sentence_id': 'noscemus_767769_27532', 'token_id': 51267336, 'token_text': ','}
 {'char_end': 208, 'char_start': 205, 'lemma': 'sed', 'pos': 'CCONJ', 'sentence_id': 'noscemus_767769_27532', 'token_id': 51267337, 'token_text': 'sed'}
 {'char_end': 218, 'char_start': 209, 'lemma': 'formosus', 'pos': 'ADJ', 'sentence_id': 'noscemus_767769_27532', 'token_id': 51267338, 'token_text': 'formosior'}
 {'char_end': 225, 'char_start': 219, 'lemma': 'omnis', 'pos': 'DET', 'sentence_id': 'noscemus_767769_27532', 'token_id': 51267339, 'token_text': 'omnium'}
 {'char_end': 230, 'char_start': 226, 'lemma': 'sum', 'pos': 'AUX', 'sentence_id': 'noscemus_767769_27532', 'token_id': 51267340, 'token_text': 'fuit'}
 {'char_end': 231, 'char_start': 230, 'lemma': ',', 'pos': 'PUNCT', 'sentence_id': 'noscemus_767769_27532', 'token_id': 51267341, 'token_text': ','}
 {'char_end': 238, 'char_start': 232, 'lemma': 'perpo', 'pos': 'VERB', 'sentence_id': 'noscemus_767769_27532', 'token_id': 51267342, 'token_text': 'perpit'}
 {'char_end': 242, 'char_start': 239, 'lemma': 'xis', 'pos': 'NUM', 'sentence_id': 'noscemus_767769_27532', 'token_id': 51267343, 'token_text': 'xis'}
 {'char_end': 253, 'char_start': 243, 'lemma': 'paries', 'pos': 'NOUN', 'sentence_id': 'noscemus_767769_27532', 'token_id': 51267344, 'token_text': 'parietibus'}
 {'char_end': 254, 'char_start': 253, 'lemma': '.', 'pos': 'PUNCT', 'sentence_id': 'noscemus_767769_27532', 'token_id': 51267345, 'token_text': '.'}]","[{'char_end': 77, 'char_start': 69, 'lemma': 'uestigium', 'pos': 'NOUN', 'sentence_id': 'noscemus_767769_27530', 'token_id': 51267298, 'token_text': 'uestigia'}
 {'char_end': 78, 'char_start': 77, 'lemma': '.', 'pos': 'PUNCT', 'sentence_id': 'noscemus_767769_27530', 'token_id': 51267299, 'token_text': '.'}
 {'char_end': 4, 'char_start': 0, 'lemma': 'sum', 'pos': 'AUX', 'sentence_id': 'noscemus_767769_27531', 'token_id': 51267300, 'token_text': 'Fuit'}
 {'char_end': 9, 'char_start': 5, 'lemma': 'opus', 'pos': 'NOUN', 'sentence_id': 'noscemus_767769_27531', 'token_id': 51267301, 'token_text': 'opus'}
 {'char_end': 14, 'char_start': 10, 'lemma': 'ars', 'pos': 'NOUN', 'sentence_id': 'noscemus_767769_27531', 'token_id': 51267302, 'token_text': 'arte'}
 {'char_end': 21, 'char_start': 15, 'lemma': 'magis', 'pos': 'ADV', 'sentence_id': 'noscemus_767769_27531', 'token_id': 51267303, 'token_text': 'maxime'}
 {'char_end': 32, 'char_start': 22, 'lemma': 'spectabilis', 'pos': 'ADJ', 'sentence_id': 'noscemus_767769_27531', 'token_id': 51267304, 'token_text': 'spectabile'}
 {'char_end': 33, 'char_start': 32, 'lemma': '.', 'pos': 'PUNCT', 'sentence_id': 'noscemus_767769_27531', 'token_id': 51267305, 'token_text': '.'}
 {'char_end': 9, 'char_start': 0, 'lemma': 'Aegyptius', 'pos': 'ADJ', 'sentence_id': 'noscemus_767769_27532', 'token_id': 51267306, 'token_text': 'Aegyptius'}
 {'char_end': 15, 'char_start': 10, 'lemma': 'tamen', 'pos': 'ADV', 'sentence_id': 'noscemus_767769_27532', 'token_id': 51267307, 'token_text': 'tamen'}
 {'char_end': 27, 'char_start': 16, 'lemma': 'labyrinthus', 'pos': 'NOUN', 'sentence_id': 'noscemus_767769_27532', 'token_id': 51267308, 'token_text': 'labyrinthus'}
 {'char_end': 32, 'char_start': 28, 'lemma': 'sum', 'pos': 'AUX', 'sentence_id': 'noscemus_767769_27532', 'token_id': 51267309, 'token_text': 'fuit'}
 {'char_end': 39, 'char_start': 33, 'lemma': 'omnis', 'pos': 'DET', 'sentence_id': 'noscemus_767769_27532', 'token_id': 51267310, 'token_text': 'omnium'}
 {'char_end': 47, 'char_start': 40, 'lemma': 'magnus', 'pos': 'ADJ', 'sentence_id': 'noscemus_767769_27532', 'token_id': 51267311, 'token_text': 'maximum'}
 {'char_end': 49, 'char_start': 48, 'lemma': '&', 'pos': 'PUNCT', 'sentence_id': 'noscemus_767769_27532', 'token_id': 51267312, 'token_text': '&'}
 {'char_end': 64, 'char_start': 50, 'lemma': 'portentus', 'pos': 'ADJ', 'sentence_id': 'noscemus_767769_27532', 'token_id': 51267313, 'token_text': 'portentissimum'}
 {'char_end': 71, 'char_start': 65, 'lemma': 'humanus', 'pos': 'ADJ', 'sentence_id': 'noscemus_767769_27532', 'token_id': 51267314, 'token_text': 'humani'}
 {'char_end': 79, 'char_start': 72, 'lemma': 'ingenium', 'pos': 'NOUN', 'sentence_id': 'noscemus_767769_27532', 'token_id': 51267315, 'token_text': 'ingenii'}
 {'char_end': 84, 'char_start': 80, 'lemma': 'opus', 'pos': 'NOUN', 'sentence_id': 'noscemus_767769_27532', 'token_id': 51267316, 'token_text': 'opus'}
 {'char_end': 85, 'char_start': 84, 'lemma': ',', 'pos': 'PUNCT', 'sentence_id': 'noscemus_767769_27532', 'token_id': 51267317, 'token_text': ','}
 {'char_end': 90, 'char_start': 86, 'lemma': 'unde', 'pos': 'ADV', 'sentence_id': 'noscemus_767769_27532', 'token_id': 51267318, 'token_text': 'unde'}]",1552.0,1552.0,1552.0,,,"Translation, Other (see description), Encyclopedic work",Geography/Cartography,51267308,16,27
635,"Schwenckfeld, Caspar","Theriotropheum Silesiae, in quo animalium, hoc est quadrupedum, reptilium, avium, piscium, insectorum natura, vis et usus sex libris perstringuntur, concinnatum et elaboratum a Caspare Schwenckfeld, medico Hirschbergensi, omnibus philosophiae, medicinae et sanitatis studiosis profuturum",noscemus_733508,noscemus_733508_13186,de qua eleextricabiles labyrinthos exganter Horatius:,"Domicilia sibi Formicae Silices itinere earum attripassim in syluis extruunt, & tos uidemus, & in opere falatibula sua per uarios & in ctam semitam: | de qua eleextricabiles labyrinthos exganter Horatius: | cauant, quae aceruis, quas magno labore colligunt & Paruula (nam exemplo est) comportant, cooperiunt, & magni Formica laboris, aduersus pluuias ac frigoris Ore trahit, quodcunque potest, atque addit aceruo uim muniunt.",technical_literal,"[{'char_end': 2, 'char_start': 0, 'lemma': 'de', 'pos': 'ADP', 'sentence_id': 'noscemus_733508_13186', 'token_id': 114788716, 'token_text': 'de'}
 {'char_end': 6, 'char_start': 3, 'lemma': 'qui', 'pos': 'PRON', 'sentence_id': 'noscemus_733508_13186', 'token_id': 114788717, 'token_text': 'qua'}
 {'char_end': 22, 'char_start': 7, 'lemma': 'eleextricabilis', 'pos': 'ADJ', 'sentence_id': 'noscemus_733508_13186', 'token_id': 114788718, 'token_text': 'eleextricabiles'}
 {'char_end': 34, 'char_start': 23, 'lemma': 'labyrinthus', 'pos': 'NOUN', 'sentence_id': 'noscemus_733508_13186', 'token_id': 114788719, 'token_text': 'labyrinthos'}
 {'char_end': 43, 'char_start': 35, 'lemma': 'exganter', 'pos': 'ADV', 'sentence_id': 'noscemus_733508_13186', 'token_id': 114788720, 'token_text': 'exganter'}
 {'char_end': 52, 'char_start': 44, 'lemma': 'Horatius', 'pos': 'PROPN', 'sentence_id': 'noscemus_733508_13186', 'token_id': 114788721, 'token_text': 'Horatius'}
 {'char_end': 53, 'char_start': 52, 'lemma': ':', 'pos': 'PUNCT', 'sentence_id': 'noscemus_733508_13186', 'token_id': 114788722, 'token_text': ':'}]","[{'char_end': 122, 'char_start': 119, 'lemma': 'per', 'pos': 'ADP', 'sentence_id': 'noscemus_733508_13185', 'token_id': 114788709, 'token_text': 'per'}
 {'char_end': 129, 'char_start': 123, 'lemma': 'uarius', 'pos': 'ADJ', 'sentence_id': 'noscemus_733508_13185', 'token_id': 114788710, 'token_text': 'uarios'}
 {'char_end': 131, 'char_start': 130, 'lemma': '&', 'pos': 'PUNCT', 'sentence_id': 'noscemus_733508_13185', 'token_id': 114788711, 'token_text': '&'}
 {'char_end': 134, 'char_start': 132, 'lemma': 'in', 'pos': 'ADP', 'sentence_id': 'noscemus_733508_13185', 'token_id': 114788712, 'token_text': 'in'}
 {'char_end': 139, 'char_start': 135, 'lemma': 'ctus', 'pos': 'VERB', 'sentence_id': 'noscemus_733508_13185', 'token_id': 114788713, 'token_text': 'ctam'}
 {'char_end': 147, 'char_start': 140, 'lemma': 'semita', 'pos': 'NOUN', 'sentence_id': 'noscemus_733508_13185', 'token_id': 114788714, 'token_text': 'semitam'}
 {'char_end': 148, 'char_start': 147, 'lemma': ':', 'pos': 'PUNCT', 'sentence_id': 'noscemus_733508_13185', 'token_id': 114788715, 'token_text': ':'}
 {'char_end': 2, 'char_start': 0, 'lemma': 'de', 'pos': 'ADP', 'sentence_id': 'noscemus_733508_13186', 'token_id': 114788716, 'token_text': 'de'}
 {'char_end': 6, 'char_start': 3, 'lemma': 'qui', 'pos': 'PRON', 'sentence_id': 'noscemus_733508_13186', 'token_id': 114788717, 'token_text': 'qua'}
 {'char_end': 22, 'char_start': 7, 'lemma': 'eleextricabilis', 'pos': 'ADJ', 'sentence_id': 'noscemus_733508_13186', 'token_id': 114788718, 'token_text': 'eleextricabiles'}
 {'char_end': 34, 'char_start': 23, 'lemma': 'labyrinthus', 'pos': 'NOUN', 'sentence_id': 'noscemus_733508_13186', 'token_id': 114788719, 'token_text': 'labyrinthos'}
 {'char_end': 43, 'char_start': 35, 'lemma': 'exganter', 'pos': 'ADV', 'sentence_id': 'noscemus_733508_13186', 'token_id': 114788720, 'token_text': 'exganter'}
 {'char_end': 52, 'char_start': 44, 'lemma': 'Horatius', 'pos': 'PROPN', 'sentence_id': 'noscemus_733508_13186', 'token_id': 114788721, 'token_text': 'Horatius'}
 {'char_end': 53, 'char_start': 52, 'lemma': ':', 'pos': 'PUNCT', 'sentence_id': 'noscemus_733508_13186', 'token_id': 114788722, 'token_text': ':'}
 {'char_end': 6, 'char_start': 0, 'lemma': 'cauo', 'pos': 'VERB', 'sentence_id': 'noscemus_733508_13187', 'token_id': 114788723, 'token_text': 'cauant'}
 {'char_end': 7, 'char_start': 6, 'lemma': ',', 'pos': 'PUNCT', 'sentence_id': 'noscemus_733508_13187', 'token_id': 114788724, 'token_text': ','}
 {'char_end': 12, 'char_start': 8, 'lemma': 'qui', 'pos': 'PRON', 'sentence_id': 'noscemus_733508_13187', 'token_id': 114788725, 'token_text': 'quae'}
 {'char_end': 20, 'char_start': 13, 'lemma': 'aceruus', 'pos': 'NOUN', 'sentence_id': 'noscemus_733508_13187', 'token_id': 114788726, 'token_text': 'aceruis'}
 {'char_end': 21, 'char_start': 20, 'lemma': ',', 'pos': 'PUNCT', 'sentence_id': 'noscemus_733508_13187', 'token_id': 114788727, 'token_text': ','}
 {'char_end': 26, 'char_start': 22, 'lemma': 'qui', 'pos': 'PRON', 'sentence_id': 'noscemus_733508_13187', 'token_id': 114788728, 'token_text': 'quas'}
 {'char_end': 32, 'char_start': 27, 'lemma': 'magnus', 'pos': 'ADJ', 'sentence_id': 'noscemus_733508_13187', 'token_id': 114788729, 'token_text': 'magno'}]",1603.0,1603.0,1603.0,,,Historia,"Biology, Medicine",114788719,23,34
8,Guibertus S. Mariae de Novigentoc.1055–1124 ,Moralia in Genesin,cc_10576,cc_10576_3735,"Et si habenis diuinae legis teneri refugis, spem saltem ne penitus de coelo deuoluas, et saeculari labyrintho immergas.","#filium tantum meum ne reducas illuc.@# Quod est dicere: | Et si habenis diuinae legis teneri refugis, spem saltem ne penitus de coelo deuoluas, et saeculari labyrintho immergas. | Uers. 9-- #posuit ergo seruus manum sub femore Abraham domini sui, et jurauit illi super sermone hoc.",confusion_metaphorics,"[{'char_end': 2, 'char_start': 0, 'lemma': 'et', 'pos': 'CCONJ', 'sentence_id': 'cc_10576_3735', 'token_id': 333909099, 'token_text': 'Et'}
 {'char_end': 5, 'char_start': 3, 'lemma': 'si', 'pos': 'SCONJ', 'sentence_id': 'cc_10576_3735', 'token_id': 333909100, 'token_text': 'si'}
 {'char_end': 13, 'char_start': 6, 'lemma': 'habena', 'pos': 'VERB', 'sentence_id': 'cc_10576_3735', 'token_id': 333909101, 'token_text': 'habenis'}
 {'char_end': 21, 'char_start': 14, 'lemma': 'diuinus', 'pos': 'ADJ', 'sentence_id': 'cc_10576_3735', 'token_id': 333909102, 'token_text': 'diuinae'}
 {'char_end': 27, 'char_start': 22, 'lemma': 'lex', 'pos': 'NOUN', 'sentence_id': 'cc_10576_3735', 'token_id': 333909103, 'token_text': 'legis'}
 {'char_end': 34, 'char_start': 28, 'lemma': 'teneo', 'pos': 'VERB', 'sentence_id': 'cc_10576_3735', 'token_id': 333909104, 'token_text': 'teneri'}
 {'char_end': 42, 'char_start': 35, 'lemma': 'refugio', 'pos': 'VERB', 'sentence_id': 'cc_10576_3735', 'token_id': 333909105, 'token_text': 'refugis'}
 {'char_end': 43, 'char_start': 42, 'lemma': ',', 'pos': 'PUNCT', 'sentence_id': 'cc_10576_3735', 'token_id': 333909106, 'token_text': ','}
 {'char_end': 48, 'char_start': 44, 'lemma': 'spes', 'pos': 'NOUN', 'sentence_id': 'cc_10576_3735', 'token_id': 333909107, 'token_text': 'spem'}
 {'char_end': 55, 'char_start': 49, 'lemma': 'salto', 'pos': 'ADV', 'sentence_id': 'cc_10576_3735', 'token_id': 333909108, 'token_text': 'saltem'}
 {'char_end': 58, 'char_start': 56, 'lemma': 'ne', 'pos': 'SCONJ', 'sentence_id': 'cc_10576_3735', 'token_id': 333909109, 'token_text': 'ne'}
 {'char_end': 66, 'char_start': 59, 'lemma': 'penitus', 'pos': 'ADV', 'sentence_id': 'cc_10576_3735', 'token_id': 333909110, 'token_text': 'penitus'}
 {'char_end': 69, 'char_start': 67, 'lemma': 'de', 'pos': 'ADP', 'sentence_id': 'cc_10576_3735', 'token_id': 333909111, 'token_text': 'de'}
 {'char_end': 75, 'char_start': 70, 'lemma': 'coelus', 'pos': 'NOUN', 'sentence_id': 'cc_10576_3735', 'token_id': 333909112, 'token_text': 'coelo'}
 {'char_end': 84, 'char_start': 76, 'lemma': 'deuoluo', 'pos': 'VERB', 'sentence_id': 'cc_10576_3735', 'token_id': 333909113, 'token_text': 'deuoluas'}
 {'char_end': 85, 'char_start': 84, 'lemma': ',', 'pos': 'PUNCT', 'sentence_id': 'cc_10576_3735', 'token_id': 333909114, 'token_text': ','}
 {'char_end': 88, 'char_start': 86, 'lemma': 'et', 'pos': 'CCONJ', 'sentence_id': 'cc_10576_3735', 'token_id': 333909115, 'token_text': 'et'}
 {'char_end': 98, 'char_start': 89, 'lemma': 'saecularis', 'pos': 'ADJ', 'sentence_id': 'cc_10576_3735', 'token_id': 333909116, 'token_text': 'saeculari'}
 {'char_end': 109, 'char_start': 99, 'lemma': 'labyrinthus', 'pos': 'NOUN', 'sentence_id': 'cc_10576_3735', 'token_id': 333909117, 'token_text': 'labyrintho'}
 {'char_end': 118, 'char_start': 110, 'lemma': 'immergo', 'pos': 'NOUN', 'sentence_id': 'cc_10576_3735', 'token_id': 333909118, 'token_text': 'immergas'}
 {'char_end': 119, 'char_start': 118, 'lemma': '.', 'pos': 'PUNCT', 'sentence_id': 'cc_10576_3735', 'token_id': 333909119, 'token_text': '.'}]","[{'char_end': 48, 'char_start': 44, 'lemma': 'spes', 'pos': 'NOUN', 'sentence_id': 'cc_10576_3735', 'token_id': 333909107, 'token_text': 'spem'}
 {'char_end': 55, 'char_start': 49, 'lemma': 'salto', 'pos': 'ADV', 'sentence_id': 'cc_10576_3735', 'token_id': 333909108, 'token_text': 'saltem'}
 {'char_end': 58, 'char_start': 56, 'lemma': 'ne', 'pos': 'SCONJ', 'sentence_id': 'cc_10576_3735', 'token_id': 333909109, 'token_text': 'ne'}
 {'char_end': 66, 'char_start': 59, 'lemma': 'penitus', 'pos': 'ADV', 'sentence_id': 'cc_10576_3735', 'token_id': 333909110, 'token_text': 'penitus'}
 {'char_end': 69, 'char_start': 67, 'lemma': 'de', 'pos': 'ADP', 'sentence_id': 'cc_10576_3735', 'token_id': 333909111, 'token_text': 'de'}
 {'char_end': 75, 'char_start': 70, 'lemma': 'coelus', 'pos': 'NOUN', 'sentence_id': 'cc_10576_3735', 'token_id': 333909112, 'token_text': 'coelo'}
 {'char_end': 84, 'char_start': 76, 'lemma': 'deuoluo', 'pos': 'VERB', 'sentence_id': 'cc_10576_3735', 'token_id': 333909113, 'token_text': 'deuoluas'}
 {'char_end': 85, 'char_start': 84, 'lemma': ',', 'pos': 'PUNCT', 'sentence_id': 'cc_10576_3735', 'token_id': 333909114, 'token_text': ','}
 {'char_end': 88, 'char_start': 86, 'lemma': 'et', 'pos': 'CCONJ', 'sentence_id': 'cc_10576_3735', 'token_id': 333909115, 'token_text': 'et'}
 {'char_end': 98, 'char_start': 89, 'lemma': 'saecularis', 'pos': 'ADJ', 'sentence_id': 'cc_10576_3735', 'token_id': 333909116, 'token_text': 'saeculari'}
 {'char_end': 109, 'char_start': 99, 'lemma': 'labyrinthus', 'pos': 'NOUN', 'sentence_id': 'cc_10576_3735', 'token_id': 333909117, 'token_text': 'labyrintho'}
 {'char_end': 118, 'char_start': 110, 'lemma': 'immergo', 'pos': 'NOUN', 'sentence_id': 'cc_10576_3735', 'token_id': 333909118, 'token_text': 'immergas'}
 {'char_end': 119, 'char_start': 118, 'lemma': '.', 'pos': 'PUNCT', 'sentence_id': 'cc_10576_3735', 'token_id': 333909119, 'token_text': '.'}
 {'char_end': 4, 'char_start': 0, 'lemma': 'uers', 'pos': 'ADV', 'sentence_id': 'cc_10576_3736', 'token_id': 333909120, 'token_text': 'Uers'}
 {'char_end': 5, 'char_start': 4, 'lemma': '.', 'pos': 'PUNCT', 'sentence_id': 'cc_10576_3736', 'token_id': 333909121, 'token_text': '.'}
 {'char_end': 7, 'char_start': 6, 'lemma': '9', 'pos': 'NUM', 'sentence_id': 'cc_10576_3736', 'token_id': 333909122, 'token_text': '9'}
 {'char_end': 8, 'char_start': 7, 'lemma': '-', 'pos': 'PUNCT', 'sentence_id': 'cc_10576_3736', 'token_id': 333909123, 'token_text': '-'}
 {'char_end': 9, 'char_start': 8, 'lemma': '-', 'pos': 'PUNCT', 'sentence_id': 'cc_10576_3736', 'token_id': 333909124, 'token_text': '-'}
 {'char_end': 11, 'char_start': 10, 'lemma': '#', 'pos': 'PUNCT', 'sentence_id': 'cc_10576_3736', 'token_id': 333909125, 'token_text': '#'}
 {'char_end': 17, 'char_start': 11, 'lemma': 'pono', 'pos': 'VERB', 'sentence_id': 'cc_10576_3736', 'token_id': 333909126, 'token_text': 'posuit'}
 {'char_end': 22, 'char_start': 18, 'lemma': 'ergo', 'pos': 'ADV', 'sentence_id': 'cc_10576_3736', 'token_id': 333909127, 'token_text': 'ergo'}]",1055.0,1124.0,1063.0,,,,,333909117,99,109
749,"L'Ecluse, Charles de","Exoticorum libri decem: quibus animalium, plantarum, aromatum, aliorumque peregrinorum fructuum historiae discribuntur. Item Petri Bellonii observationes eodem Carolo Clusio interprete",noscemus_786344,noscemus_786344_25714,"Istic uespertiliones erant a nostris, & ab iis quos antea in Cretensi Labyrintho conspexeramus, diuersi:","nam alioqui solida est substructio. | Istic uespertiliones erant a nostris, & ab iis quos antea in Cretensi Labyrintho conspexeramus, diuersi: | nostri etenim caudam alis longiorem non habent;",technical_literal,"[{'char_end': 5, 'char_start': 0, 'lemma': 'istic', 'pos': 'ADV', 'sentence_id': 'noscemus_786344_25714', 'token_id': 73832866, 'token_text': 'Istic'}
 {'char_end': 20, 'char_start': 6, 'lemma': 'uespertilio', 'pos': 'ADJ', 'sentence_id': 'noscemus_786344_25714', 'token_id': 73832867, 'token_text': 'uespertiliones'}
 {'char_end': 26, 'char_start': 21, 'lemma': 'sum', 'pos': 'AUX', 'sentence_id': 'noscemus_786344_25714', 'token_id': 73832868, 'token_text': 'erant'}
 {'char_end': 28, 'char_start': 27, 'lemma': 'ab', 'pos': 'ADP', 'sentence_id': 'noscemus_786344_25714', 'token_id': 73832869, 'token_text': 'a'}
 {'char_end': 36, 'char_start': 29, 'lemma': 'noster', 'pos': 'DET', 'sentence_id': 'noscemus_786344_25714', 'token_id': 73832870, 'token_text': 'nostris'}
 {'char_end': 37, 'char_start': 36, 'lemma': ',', 'pos': 'PUNCT', 'sentence_id': 'noscemus_786344_25714', 'token_id': 73832871, 'token_text': ','}
 {'char_end': 39, 'char_start': 38, 'lemma': '&', 'pos': 'PUNCT', 'sentence_id': 'noscemus_786344_25714', 'token_id': 73832872, 'token_text': '&'}
 {'char_end': 42, 'char_start': 40, 'lemma': 'ab', 'pos': 'ADP', 'sentence_id': 'noscemus_786344_25714', 'token_id': 73832873, 'token_text': 'ab'}
 {'char_end': 46, 'char_start': 43, 'lemma': 'is', 'pos': 'PRON', 'sentence_id': 'noscemus_786344_25714', 'token_id': 73832874, 'token_text': 'iis'}
 {'char_end': 51, 'char_start': 47, 'lemma': 'qui', 'pos': 'PRON', 'sentence_id': 'noscemus_786344_25714', 'token_id': 73832875, 'token_text': 'quos'}
 {'char_end': 57, 'char_start': 52, 'lemma': 'antea', 'pos': 'ADV', 'sentence_id': 'noscemus_786344_25714', 'token_id': 73832876, 'token_text': 'antea'}
 {'char_end': 60, 'char_start': 58, 'lemma': 'in', 'pos': 'ADP', 'sentence_id': 'noscemus_786344_25714', 'token_id': 73832877, 'token_text': 'in'}
 {'char_end': 69, 'char_start': 61, 'lemma': 'Cretensius', 'pos': 'PROPN', 'sentence_id': 'noscemus_786344_25714', 'token_id': 73832878, 'token_text': 'Cretensi'}
 {'char_end': 80, 'char_start': 70, 'lemma': 'labyrinthus', 'pos': 'PROPN', 'sentence_id': 'noscemus_786344_25714', 'token_id': 73832879, 'token_text': 'Labyrintho'}
 {'char_end': 94, 'char_start': 81, 'lemma': 'conspicio', 'pos': 'VERB', 'sentence_id': 'noscemus_786344_25714', 'token_id': 73832880, 'token_text': 'conspexeramus'}
 {'char_end': 95, 'char_start': 94, 'lemma': ',', 'pos': 'PUNCT', 'sentence_id': 'noscemus_786344_25714', 'token_id': 73832881, 'token_text': ','}
 {'char_end': 103, 'char_start': 96, 'lemma': 'diuersus', 'pos': 'NOUN', 'sentence_id': 'noscemus_786344_25714', 'token_id': 73832882, 'token_text': 'diuersi'}
 {'char_end': 104, 'char_start': 103, 'lemma': ':', 'pos': 'PUNCT', 'sentence_id': 'noscemus_786344_25714', 'token_id': 73832883, 'token_text': ':'}]","[{'char_end': 28, 'char_start': 27, 'lemma': 'ab', 'pos': 'ADP', 'sentence_id': 'noscemus_786344_25714', 'token_id': 73832869, 'token_text': 'a'}
 {'char_end': 36, 'char_start': 29, 'lemma': 'noster', 'pos': 'DET', 'sentence_id': 'noscemus_786344_25714', 'token_id': 73832870, 'token_text': 'nostris'}
 {'char_end': 37, 'char_start': 36, 'lemma': ',', 'pos': 'PUNCT', 'sentence_id': 'noscemus_786344_25714', 'token_id': 73832871, 'token_text': ','}
 {'char_end': 39, 'char_start': 38, 'lemma': '&', 'pos': 'PUNCT', 'sentence_id': 'noscemus_786344_25714', 'token_id': 73832872, 'token_text': '&'}
 {'char_end': 42, 'char_start': 40, 'lemma': 'ab', 'pos': 'ADP', 'sentence_id': 'noscemus_786344_25714', 'token_id': 73832873, 'token_text': 'ab'}
 {'char_end': 46, 'char_start': 43, 'lemma': 'is', 'pos': 'PRON', 'sentence_id': 'noscemus_786344_25714', 'token_id': 73832874, 'token_text': 'iis'}
 {'char_end': 51, 'char_start': 47, 'lemma': 'qui', 'pos': 'PRON', 'sentence_id': 'noscemus_786344_25714', 'token_id': 73832875, 'token_text': 'quos'}
 {'char_end': 57, 'char_start': 52, 'lemma': 'antea', 'pos': 'ADV', 'sentence_id': 'noscemus_786344_25714', 'token_id': 73832876, 'token_text': 'antea'}
 {'char_end': 60, 'char_start': 58, 'lemma': 'in', 'pos': 'ADP', 'sentence_id': 'noscemus_786344_25714', 'token_id': 73832877, 'token_text': 'in'}
 {'char_end': 69, 'char_start': 61, 'lemma': 'Cretensius', 'pos': 'PROPN', 'sentence_id': 'noscemus_786344_25714', 'token_id': 73832878, 'token_text': 'Cretensi'}
 {'char_end': 80, 'char_start': 70, 'lemma': 'labyrinthus', 'pos': 'PROPN', 'sentence_id': 'noscemus_786344_25714', 'token_id': 73832879, 'token_text': 'Labyrintho'}
 {'char_end': 94, 'char_start': 81, 'lemma': 'conspicio', 'pos': 'VERB', 'sentence_id': 'noscemus_786344_25714', 'token_id': 73832880, 'token_text': 'conspexeramus'}
 {'char_end': 95, 'char_start': 94, 'lemma': ',', 'pos': 'PUNCT', 'sentence_id': 'noscemus_786344_25714', 'token_id': 73832881, 'token_text': ','}
 {'char_end': 103, 'char_start': 96, 'lemma': 'diuersus', 'pos': 'NOUN', 'sentence_id': 'noscemus_786344_25714', 'token_id': 73832882, 'token_text': 'diuersi'}
 {'char_end': 104, 'char_start': 103, 'lemma': ':', 'pos': 'PUNCT', 'sentence_id': 'noscemus_786344_25714', 'token_id': 73832883, 'token_text': ':'}
 {'char_end': 6, 'char_start': 0, 'lemma': 'noster', 'pos': 'DET', 'sentence_id': 'noscemus_786344_25715', 'token_id': 73832884, 'token_text': 'nostri'}
 {'char_end': 13, 'char_start': 7, 'lemma': 'etenim', 'pos': 'PART', 'sentence_id': 'noscemus_786344_25715', 'token_id': 73832885, 'token_text': 'etenim'}
 {'char_end': 20, 'char_start': 14, 'lemma': 'cauda', 'pos': 'NOUN', 'sentence_id': 'noscemus_786344_25715', 'token_id': 73832886, 'token_text': 'caudam'}
 {'char_end': 25, 'char_start': 21, 'lemma': 'alis', 'pos': 'NOUN', 'sentence_id': 'noscemus_786344_25715', 'token_id': 73832887, 'token_text': 'alis'}
 {'char_end': 35, 'char_start': 26, 'lemma': 'longior', 'pos': 'ADJ', 'sentence_id': 'noscemus_786344_25715', 'token_id': 73832888, 'token_text': 'longiorem'}
 {'char_end': 39, 'char_start': 36, 'lemma': 'non', 'pos': 'PART', 'sentence_id': 'noscemus_786344_25715', 'token_id': 73832889, 'token_text': 'non'}]",1605.0,1605.0,1605.0,,,"Monograph, Historia","Biology, Medicine",73832879,70,80
647,"Vadianus, Joachim","Pomponii Melae Hispani libri de situ orbis tres, adiectus I. V. Helvetii in eosdem scholiis, addita quoque in geographiam catechesi et epistola V. ad Agricolam digna lectu",noscemus_735141,noscemus_735141_5784,C Labyrinthus.,"Moeridem, Muridem & Myridem diuersis appellari iam ex Hermolao notum est: | C Labyrinthus. | Fallunt qui Labyrinthos omnino subterraneos fuisse existimant, Nam Cryptae ille tot amba gibus intortae & mitiplici flexu uariae sub terra positae, maximas regias suftinuerunt, laburiuron graeci locum uiarum ambagibus uarium dicunt.",technical_literal,"[{'char_end': 1, 'char_start': 0, 'lemma': 'C', 'pos': 'NOUN', 'sentence_id': 'noscemus_735141_5784', 'token_id': 93566200, 'token_text': 'C'}
 {'char_end': 13, 'char_start': 2, 'lemma': 'labyrinthus', 'pos': 'PROPN', 'sentence_id': 'noscemus_735141_5784', 'token_id': 93566201, 'token_text': 'Labyrinthus'}
 {'char_end': 14, 'char_start': 13, 'lemma': '.', 'pos': 'PUNCT', 'sentence_id': 'noscemus_735141_5784', 'token_id': 93566202, 'token_text': '.'}]","[{'char_end': 27, 'char_start': 20, 'lemma': 'myride', 'pos': 'NOUN', 'sentence_id': 'noscemus_735141_5783', 'token_id': 93566191, 'token_text': 'Myridem'}
 {'char_end': 36, 'char_start': 28, 'lemma': 'diuersus', 'pos': 'ADJ', 'sentence_id': 'noscemus_735141_5783', 'token_id': 93566192, 'token_text': 'diuersis'}
 {'char_end': 46, 'char_start': 37, 'lemma': 'appello', 'pos': 'VERB', 'sentence_id': 'noscemus_735141_5783', 'token_id': 93566193, 'token_text': 'appellari'}
 {'char_end': 50, 'char_start': 47, 'lemma': 'iam', 'pos': 'ADV', 'sentence_id': 'noscemus_735141_5783', 'token_id': 93566194, 'token_text': 'iam'}
 {'char_end': 53, 'char_start': 51, 'lemma': 'ex', 'pos': 'ADP', 'sentence_id': 'noscemus_735141_5783', 'token_id': 93566195, 'token_text': 'ex'}
 {'char_end': 62, 'char_start': 54, 'lemma': 'Hermolaum', 'pos': 'PROPN', 'sentence_id': 'noscemus_735141_5783', 'token_id': 93566196, 'token_text': 'Hermolao'}
 {'char_end': 68, 'char_start': 63, 'lemma': 'nosco', 'pos': 'ADJ', 'sentence_id': 'noscemus_735141_5783', 'token_id': 93566197, 'token_text': 'notum'}
 {'char_end': 72, 'char_start': 69, 'lemma': 'sum', 'pos': 'AUX', 'sentence_id': 'noscemus_735141_5783', 'token_id': 93566198, 'token_text': 'est'}
 {'char_end': 73, 'char_start': 72, 'lemma': ':', 'pos': 'PUNCT', 'sentence_id': 'noscemus_735141_5783', 'token_id': 93566199, 'token_text': ':'}
 {'char_end': 1, 'char_start': 0, 'lemma': 'C', 'pos': 'NOUN', 'sentence_id': 'noscemus_735141_5784', 'token_id': 93566200, 'token_text': 'C'}
 {'char_end': 13, 'char_start': 2, 'lemma': 'labyrinthus', 'pos': 'PROPN', 'sentence_id': 'noscemus_735141_5784', 'token_id': 93566201, 'token_text': 'Labyrinthus'}
 {'char_end': 14, 'char_start': 13, 'lemma': '.', 'pos': 'PUNCT', 'sentence_id': 'noscemus_735141_5784', 'token_id': 93566202, 'token_text': '.'}
 {'char_end': 7, 'char_start': 0, 'lemma': 'fallo', 'pos': 'VERB', 'sentence_id': 'noscemus_735141_5785', 'token_id': 93566203, 'token_text': 'Fallunt'}
 {'char_end': 11, 'char_start': 8, 'lemma': 'qui', 'pos': 'PRON', 'sentence_id': 'noscemus_735141_5785', 'token_id': 93566204, 'token_text': 'qui'}
 {'char_end': 23, 'char_start': 12, 'lemma': 'labyrinthus', 'pos': 'PROPN', 'sentence_id': 'noscemus_735141_5785', 'token_id': 93566205, 'token_text': 'Labyrinthos'}
 {'char_end': 30, 'char_start': 24, 'lemma': 'omnino', 'pos': 'ADV', 'sentence_id': 'noscemus_735141_5785', 'token_id': 93566206, 'token_text': 'omnino'}
 {'char_end': 43, 'char_start': 31, 'lemma': 'subterraneus', 'pos': 'ADJ', 'sentence_id': 'noscemus_735141_5785', 'token_id': 93566207, 'token_text': 'subterraneos'}
 {'char_end': 50, 'char_start': 44, 'lemma': 'sum', 'pos': 'AUX', 'sentence_id': 'noscemus_735141_5785', 'token_id': 93566208, 'token_text': 'fuisse'}
 {'char_end': 61, 'char_start': 51, 'lemma': 'existimo', 'pos': 'VERB', 'sentence_id': 'noscemus_735141_5785', 'token_id': 93566209, 'token_text': 'existimant'}
 {'char_end': 62, 'char_start': 61, 'lemma': ',', 'pos': 'PUNCT', 'sentence_id': 'noscemus_735141_5785', 'token_id': 93566210, 'token_text': ','}
 {'char_end': 66, 'char_start': 63, 'lemma': 'nam', 'pos': 'PART', 'sentence_id': 'noscemus_735141_5785', 'token_id': 93566211, 'token_text': 'Nam'}]",1518.0,1518.0,1518.0,,,"Commentary, Encyclopedic work","Astronomy/Astrology/Cosmography, Geography/Cartography",93566201,2,13
781,"Coiter, Volcher","Externarum et internarum principalium humani corporis partium tabulae, atque anatomicae exercitationes observationesque variae, novis, diversis ac artificiosissimis figuris illustratae, philosophis, medicis, in primis autem anatomico studio addictis summe utilis",noscemus_808813,noscemus_808813_4518,Delationis causa duae fenestrae meatusque in labyrinthum desinentes.,"Pulsationi inseruiunt tria ossicula, neruus uel chorda, & ut Eustachius uult, musculus unus, ut alii, musculi duo. | Delationis causa duae fenestrae meatusque in labyrinthum desinentes. | Ad expurgationem meatum apertissimum in palatum terminantem, de his nunc sigillatim.",medical_anatomical,"[{'char_end': 10, 'char_start': 0, 'lemma': 'delatio', 'pos': 'NOUN', 'sentence_id': 'noscemus_808813_4518', 'token_id': 27509875, 'token_text': 'Delationis'}
 {'char_end': 16, 'char_start': 11, 'lemma': 'causa', 'pos': 'NOUN', 'sentence_id': 'noscemus_808813_4518', 'token_id': 27509876, 'token_text': 'causa'}
 {'char_end': 21, 'char_start': 17, 'lemma': 'duo', 'pos': 'NUM', 'sentence_id': 'noscemus_808813_4518', 'token_id': 27509877, 'token_text': 'duae'}
 {'char_end': 31, 'char_start': 22, 'lemma': 'fenestra', 'pos': 'NOUN', 'sentence_id': 'noscemus_808813_4518', 'token_id': 27509878, 'token_text': 'fenestrae'}
 {'char_end': 38, 'char_start': 32, 'lemma': 'meatus', 'pos': 'NOUN', 'sentence_id': 'noscemus_808813_4518', 'token_id': 27509879, 'token_text': 'meatus'}
 {'char_end': 41, 'char_start': 38, 'lemma': 'que', 'pos': 'CCONJ', 'sentence_id': 'noscemus_808813_4518', 'token_id': 27509880, 'token_text': 'que'}
 {'char_end': 44, 'char_start': 42, 'lemma': 'in', 'pos': 'ADP', 'sentence_id': 'noscemus_808813_4518', 'token_id': 27509881, 'token_text': 'in'}
 {'char_end': 56, 'char_start': 45, 'lemma': 'labyrinthus', 'pos': 'NOUN', 'sentence_id': 'noscemus_808813_4518', 'token_id': 27509882, 'token_text': 'labyrinthum'}
 {'char_end': 67, 'char_start': 57, 'lemma': 'desino', 'pos': 'VERB', 'sentence_id': 'noscemus_808813_4518', 'token_id': 27509883, 'token_text': 'desinentes'}
 {'char_end': 68, 'char_start': 67, 'lemma': '.', 'pos': 'PUNCT', 'sentence_id': 'noscemus_808813_4518', 'token_id': 27509884, 'token_text': '.'}]","[{'char_end': 109, 'char_start': 102, 'lemma': 'musculus', 'pos': 'NOUN', 'sentence_id': 'noscemus_808813_4517', 'token_id': 27509872, 'token_text': 'musculi'}
 {'char_end': 113, 'char_start': 110, 'lemma': 'duo', 'pos': 'NUM', 'sentence_id': 'noscemus_808813_4517', 'token_id': 27509873, 'token_text': 'duo'}
 {'char_end': 114, 'char_start': 113, 'lemma': '.', 'pos': 'PUNCT', 'sentence_id': 'noscemus_808813_4517', 'token_id': 27509874, 'token_text': '.'}
 {'char_end': 10, 'char_start': 0, 'lemma': 'delatio', 'pos': 'NOUN', 'sentence_id': 'noscemus_808813_4518', 'token_id': 27509875, 'token_text': 'Delationis'}
 {'char_end': 16, 'char_start': 11, 'lemma': 'causa', 'pos': 'NOUN', 'sentence_id': 'noscemus_808813_4518', 'token_id': 27509876, 'token_text': 'causa'}
 {'char_end': 21, 'char_start': 17, 'lemma': 'duo', 'pos': 'NUM', 'sentence_id': 'noscemus_808813_4518', 'token_id': 27509877, 'token_text': 'duae'}
 {'char_end': 31, 'char_start': 22, 'lemma': 'fenestra', 'pos': 'NOUN', 'sentence_id': 'noscemus_808813_4518', 'token_id': 27509878, 'token_text': 'fenestrae'}
 {'char_end': 38, 'char_start': 32, 'lemma': 'meatus', 'pos': 'NOUN', 'sentence_id': 'noscemus_808813_4518', 'token_id': 27509879, 'token_text': 'meatus'}
 {'char_end': 41, 'char_start': 38, 'lemma': 'que', 'pos': 'CCONJ', 'sentence_id': 'noscemus_808813_4518', 'token_id': 27509880, 'token_text': 'que'}
 {'char_end': 44, 'char_start': 42, 'lemma': 'in', 'pos': 'ADP', 'sentence_id': 'noscemus_808813_4518', 'token_id': 27509881, 'token_text': 'in'}
 {'char_end': 56, 'char_start': 45, 'lemma': 'labyrinthus', 'pos': 'NOUN', 'sentence_id': 'noscemus_808813_4518', 'token_id': 27509882, 'token_text': 'labyrinthum'}
 {'char_end': 67, 'char_start': 57, 'lemma': 'desino', 'pos': 'VERB', 'sentence_id': 'noscemus_808813_4518', 'token_id': 27509883, 'token_text': 'desinentes'}
 {'char_end': 68, 'char_start': 67, 'lemma': '.', 'pos': 'PUNCT', 'sentence_id': 'noscemus_808813_4518', 'token_id': 27509884, 'token_text': '.'}
 {'char_end': 2, 'char_start': 0, 'lemma': 'ad', 'pos': 'ADP', 'sentence_id': 'noscemus_808813_4519', 'token_id': 27509885, 'token_text': 'Ad'}
 {'char_end': 16, 'char_start': 3, 'lemma': 'expurgatio', 'pos': 'NOUN', 'sentence_id': 'noscemus_808813_4519', 'token_id': 27509886, 'token_text': 'expurgationem'}
 {'char_end': 23, 'char_start': 17, 'lemma': 'meatus', 'pos': 'NOUN', 'sentence_id': 'noscemus_808813_4519', 'token_id': 27509887, 'token_text': 'meatum'}
 {'char_end': 36, 'char_start': 24, 'lemma': 'apertus', 'pos': 'ADJ', 'sentence_id': 'noscemus_808813_4519', 'token_id': 27509888, 'token_text': 'apertissimum'}
 {'char_end': 39, 'char_start': 37, 'lemma': 'in', 'pos': 'ADP', 'sentence_id': 'noscemus_808813_4519', 'token_id': 27509889, 'token_text': 'in'}
 {'char_end': 47, 'char_start': 40, 'lemma': 'palatum', 'pos': 'NOUN', 'sentence_id': 'noscemus_808813_4519', 'token_id': 27509890, 'token_text': 'palatum'}
 {'char_end': 59, 'char_start': 48, 'lemma': 'termino', 'pos': 'VERB', 'sentence_id': 'noscemus_808813_4519', 'token_id': 27509891, 'token_text': 'terminantem'}
 {'char_end': 60, 'char_start': 59, 'lemma': ',', 'pos': 'PUNCT', 'sentence_id': 'noscemus_808813_4519', 'token_id': 27509892, 'token_text': ','}]",1572.0,1572.0,1572.0,,,"Report, Other (see description)","Biology, Medicine",27509882,45,56
255,"Bracesco, Giovanni",,emlap_100010,emlap_100010_1080,de Daedalo cum suo filio incluso in labyrintho ipsis aptasse alas ex pennis cum caera quibus euolarent ex labyrintho.,"Aeneid. | Aeneid. | de Daedalo cum suo filio incluso in labyrintho ipsis aptasse alas ex pennis cum caera quibus euolarent ex labyrintho. | de Daedalo cum suo filio incluso in labyrintho ipsis aptasse alas ex pennis cum caera quibus euolarent ex labyrintho. | Icarus uero nimis alte uolans in mare praecipitatus est, liquefecerat enim Solis calor caeram cum qua alae compactae & sibi adoptae erant. | Icarus uero nimis alte uolans in mare praecipitatus est, liquefecerat enim Solis calor caeram cum qua alae compactae & sibi adoptae erant.",mythological,"[{'char_end': 2, 'char_start': 0, 'lemma': 'de', 'pos': 'ADP', 'sentence_id': 'emlap_100010_1080', 'token_id': 176750, 'token_text': 'de'}
 {'char_end': 10, 'char_start': 3, 'lemma': 'daedalus', 'pos': 'PROPN', 'sentence_id': 'emlap_100010_1080', 'token_id': 176751, 'token_text': 'Daedalo'}
 {'char_end': 14, 'char_start': 11, 'lemma': 'cum', 'pos': 'NOUN', 'sentence_id': 'emlap_100010_1080', 'token_id': 176752, 'token_text': 'cum'}
 {'char_end': 18, 'char_start': 15, 'lemma': 'suus', 'pos': 'DET', 'sentence_id': 'emlap_100010_1080', 'token_id': 176753, 'token_text': 'suo'}
 {'char_end': 24, 'char_start': 19, 'lemma': 'filius', 'pos': 'NOUN', 'sentence_id': 'emlap_100010_1080', 'token_id': 176754, 'token_text': 'filio'}
 {'char_end': 32, 'char_start': 25, 'lemma': 'includo', 'pos': 'VERB', 'sentence_id': 'emlap_100010_1080', 'token_id': 176755, 'token_text': 'incluso'}
 {'char_end': 35, 'char_start': 33, 'lemma': 'in', 'pos': 'ADP', 'sentence_id': 'emlap_100010_1080', 'token_id': 176756, 'token_text': 'in'}
 {'char_end': 46, 'char_start': 36, 'lemma': 'labyrinthus', 'pos': 'NOUN', 'sentence_id': 'emlap_100010_1080', 'token_id': 176757, 'token_text': 'labyrintho'}
 {'char_end': 52, 'char_start': 47, 'lemma': 'ipse', 'pos': 'DET', 'sentence_id': 'emlap_100010_1080', 'token_id': 176758, 'token_text': 'ipsis'}
 {'char_end': 60, 'char_start': 53, 'lemma': 'apto', 'pos': 'VERB', 'sentence_id': 'emlap_100010_1080', 'token_id': 176759, 'token_text': 'aptasse'}
 {'char_end': 65, 'char_start': 61, 'lemma': 'ala', 'pos': 'NOUN', 'sentence_id': 'emlap_100010_1080', 'token_id': 176760, 'token_text': 'alas'}
 {'char_end': 68, 'char_start': 66, 'lemma': 'ex', 'pos': 'ADP', 'sentence_id': 'emlap_100010_1080', 'token_id': 176761, 'token_text': 'ex'}
 {'char_end': 75, 'char_start': 69, 'lemma': 'penna', 'pos': 'NOUN', 'sentence_id': 'emlap_100010_1080', 'token_id': 176762, 'token_text': 'pennis'}
 {'char_end': 79, 'char_start': 76, 'lemma': 'cum', 'pos': 'ADP', 'sentence_id': 'emlap_100010_1080', 'token_id': 176763, 'token_text': 'cum'}
 {'char_end': 85, 'char_start': 80, 'lemma': 'caera', 'pos': 'NOUN', 'sentence_id': 'emlap_100010_1080', 'token_id': 176764, 'token_text': 'caera'}
 {'char_end': 92, 'char_start': 86, 'lemma': 'qui', 'pos': 'PRON', 'sentence_id': 'emlap_100010_1080', 'token_id': 176765, 'token_text': 'quibus'}
 {'char_end': 102, 'char_start': 93, 'lemma': 'euolo', 'pos': 'VERB', 'sentence_id': 'emlap_100010_1080', 'token_id': 176766, 'token_text': 'euolarent'}
 {'char_end': 105, 'char_start': 103, 'lemma': 'ex', 'pos': 'ADP', 'sentence_id': 'emlap_100010_1080', 'token_id': 176767, 'token_text': 'ex'}
 {'char_end': 116, 'char_start': 106, 'lemma': 'labyrinthus', 'pos': 'NOUN', 'sentence_id': 'emlap_100010_1080', 'token_id': 176768, 'token_text': 'labyrintho'}
 {'char_end': 117, 'char_start': 116, 'lemma': '.', 'pos': 'PUNCT', 'sentence_id': 'emlap_100010_1080', 'token_id': 176769, 'token_text': '.'}]","[{'char_end': 52, 'char_start': 47, 'lemma': 'ipse', 'pos': 'DET', 'sentence_id': 'emlap_100010_1080', 'token_id': 176758, 'token_text': 'ipsis'}
 {'char_end': 60, 'char_start': 53, 'lemma': 'apto', 'pos': 'VERB', 'sentence_id': 'emlap_100010_1080', 'token_id': 176759, 'token_text': 'aptasse'}
 {'char_end': 65, 'char_start': 61, 'lemma': 'ala', 'pos': 'NOUN', 'sentence_id': 'emlap_100010_1080', 'token_id': 176760, 'token_text': 'alas'}
 {'char_end': 68, 'char_start': 66, 'lemma': 'ex', 'pos': 'ADP', 'sentence_id': 'emlap_100010_1080', 'token_id': 176761, 'token_text': 'ex'}
 {'char_end': 75, 'char_start': 69, 'lemma': 'penna', 'pos': 'NOUN', 'sentence_id': 'emlap_100010_1080', 'token_id': 176762, 'token_text': 'pennis'}
 {'char_end': 79, 'char_start': 76, 'lemma': 'cum', 'pos': 'ADP', 'sentence_id': 'emlap_100010_1080', 'token_id': 176763, 'token_text': 'cum'}
 {'char_end': 85, 'char_start': 80, 'lemma': 'caera', 'pos': 'NOUN', 'sentence_id': 'emlap_100010_1080', 'token_id': 176764, 'token_text': 'caera'}
 {'char_end': 92, 'char_start': 86, 'lemma': 'qui', 'pos': 'PRON', 'sentence_id': 'emlap_100010_1080', 'token_id': 176765, 'token_text': 'quibus'}
 {'char_end': 102, 'char_start': 93, 'lemma': 'euolo', 'pos': 'VERB', 'sentence_id': 'emlap_100010_1080', 'token_id': 176766, 'token_text': 'euolarent'}
 {'char_end': 105, 'char_start': 103, 'lemma': 'ex', 'pos': 'ADP', 'sentence_id': 'emlap_100010_1080', 'token_id': 176767, 'token_text': 'ex'}
 {'char_end': 116, 'char_start': 106, 'lemma': 'labyrinthus', 'pos': 'NOUN', 'sentence_id': 'emlap_100010_1080', 'token_id': 176768, 'token_text': 'labyrintho'}
 {'char_end': 117, 'char_start': 116, 'lemma': '.', 'pos': 'PUNCT', 'sentence_id': 'emlap_100010_1080', 'token_id': 176769, 'token_text': '.'}
 {'char_end': 6, 'char_start': 0, 'lemma': 'Icarus', 'pos': 'NOUN', 'sentence_id': 'emlap_100010_1081', 'token_id': 176770, 'token_text': 'Icarus'}
 {'char_end': 11, 'char_start': 7, 'lemma': 'uero', 'pos': 'ADV', 'sentence_id': 'emlap_100010_1081', 'token_id': 176771, 'token_text': 'uero'}
 {'char_end': 17, 'char_start': 12, 'lemma': 'nimis', 'pos': 'ADV', 'sentence_id': 'emlap_100010_1081', 'token_id': 176772, 'token_text': 'nimis'}
 {'char_end': 22, 'char_start': 18, 'lemma': 'alte', 'pos': 'ADV', 'sentence_id': 'emlap_100010_1081', 'token_id': 176773, 'token_text': 'alte'}
 {'char_end': 29, 'char_start': 23, 'lemma': 'uolo', 'pos': 'VERB', 'sentence_id': 'emlap_100010_1081', 'token_id': 176774, 'token_text': 'uolans'}
 {'char_end': 32, 'char_start': 30, 'lemma': 'in', 'pos': 'ADP', 'sentence_id': 'emlap_100010_1081', 'token_id': 176775, 'token_text': 'in'}
 {'char_end': 37, 'char_start': 33, 'lemma': 'mare', 'pos': 'NOUN', 'sentence_id': 'emlap_100010_1081', 'token_id': 176776, 'token_text': 'mare'}
 {'char_end': 51, 'char_start': 38, 'lemma': 'praecipito', 'pos': 'VERB', 'sentence_id': 'emlap_100010_1081', 'token_id': 176777, 'token_text': 'praecipitatus'}
 {'char_end': 55, 'char_start': 52, 'lemma': 'sum', 'pos': 'AUX', 'sentence_id': 'emlap_100010_1081', 'token_id': 176778, 'token_text': 'est'}]",1548.0,1548.0,1548.0,,,,,176768,106,116
271,"Paracelsus, Theophrastus von Hohenheim",,emlap_100023,emlap_100023_40,"Si igitur errantes, dum saepius ac diu quaerunt, nihil inueniunt, & dum gnauiter laborant, parum proficiunt, tamen nec ad finem labyrinthi perueniunt:","Quidam enim homines, posteaquam in errorem ac labyrinthum inciderunt, ita grauiter errant, ut neque monoculum illum centaurum, neque exitum erroris inueniant, & isti errant supremo errore, ac suprema ignorantia laborant, quemadmodum caeci, qui plane certi nihil norint. | Si igitur errantes, dum saepius ac diu quaerunt, nihil inueniunt, & dum gnauiter laborant, parum proficiunt, tamen nec ad finem labyrinthi perueniunt: | sed iam ut in testudinis testa circum circa ambulant, mox iterum retibus quasi inextricabilibus inuoluti, sursum deorsum sese tollentes, ac exitum quaerentes, nihil inueniunt.",confusion_metaphorics,"[{'char_end': 2, 'char_start': 0, 'lemma': 'si', 'pos': 'SCONJ', 'sentence_id': 'emlap_100023_40', 'token_id': 2540647, 'token_text': 'Si'}
 {'char_end': 9, 'char_start': 3, 'lemma': 'igitur', 'pos': 'PART', 'sentence_id': 'emlap_100023_40', 'token_id': 2540648, 'token_text': 'igitur'}
 {'char_end': 18, 'char_start': 10, 'lemma': 'erro', 'pos': 'VERB', 'sentence_id': 'emlap_100023_40', 'token_id': 2540649, 'token_text': 'errantes'}
 {'char_end': 19, 'char_start': 18, 'lemma': ',', 'pos': 'PUNCT', 'sentence_id': 'emlap_100023_40', 'token_id': 2540650, 'token_text': ','}
 {'char_end': 23, 'char_start': 20, 'lemma': 'dum', 'pos': 'SCONJ', 'sentence_id': 'emlap_100023_40', 'token_id': 2540651, 'token_text': 'dum'}
 {'char_end': 31, 'char_start': 24, 'lemma': 'saepe', 'pos': 'ADV', 'sentence_id': 'emlap_100023_40', 'token_id': 2540652, 'token_text': 'saepius'}
 {'char_end': 34, 'char_start': 32, 'lemma': 'atque', 'pos': 'CCONJ', 'sentence_id': 'emlap_100023_40', 'token_id': 2540653, 'token_text': 'ac'}
 {'char_end': 38, 'char_start': 35, 'lemma': 'diu', 'pos': 'ADV', 'sentence_id': 'emlap_100023_40', 'token_id': 2540654, 'token_text': 'diu'}
 {'char_end': 47, 'char_start': 39, 'lemma': 'quaero', 'pos': 'VERB', 'sentence_id': 'emlap_100023_40', 'token_id': 2540655, 'token_text': 'quaerunt'}
 {'char_end': 48, 'char_start': 47, 'lemma': ',', 'pos': 'PUNCT', 'sentence_id': 'emlap_100023_40', 'token_id': 2540656, 'token_text': ','}
 {'char_end': 54, 'char_start': 49, 'lemma': 'nihil', 'pos': 'PRON', 'sentence_id': 'emlap_100023_40', 'token_id': 2540657, 'token_text': 'nihil'}
 {'char_end': 64, 'char_start': 55, 'lemma': 'inuenio', 'pos': 'VERB', 'sentence_id': 'emlap_100023_40', 'token_id': 2540658, 'token_text': 'inueniunt'}
 {'char_end': 65, 'char_start': 64, 'lemma': ',', 'pos': 'PUNCT', 'sentence_id': 'emlap_100023_40', 'token_id': 2540659, 'token_text': ','}
 {'char_end': 67, 'char_start': 66, 'lemma': '&', 'pos': 'PUNCT', 'sentence_id': 'emlap_100023_40', 'token_id': 2540660, 'token_text': '&'}
 {'char_end': 71, 'char_start': 68, 'lemma': 'dum', 'pos': 'SCONJ', 'sentence_id': 'emlap_100023_40', 'token_id': 2540661, 'token_text': 'dum'}
 {'char_end': 80, 'char_start': 72, 'lemma': 'gnauiter', 'pos': 'ADV', 'sentence_id': 'emlap_100023_40', 'token_id': 2540662, 'token_text': 'gnauiter'}
 {'char_end': 89, 'char_start': 81, 'lemma': 'laboro', 'pos': 'VERB', 'sentence_id': 'emlap_100023_40', 'token_id': 2540663, 'token_text': 'laborant'}
 {'char_end': 90, 'char_start': 89, 'lemma': ',', 'pos': 'PUNCT', 'sentence_id': 'emlap_100023_40', 'token_id': 2540664, 'token_text': ','}
 {'char_end': 96, 'char_start': 91, 'lemma': 'parum', 'pos': 'NOUN', 'sentence_id': 'emlap_100023_40', 'token_id': 2540665, 'token_text': 'parum'}
 {'char_end': 107, 'char_start': 97, 'lemma': 'proficio', 'pos': 'VERB', 'sentence_id': 'emlap_100023_40', 'token_id': 2540666, 'token_text': 'proficiunt'}
 {'char_end': 108, 'char_start': 107, 'lemma': ',', 'pos': 'PUNCT', 'sentence_id': 'emlap_100023_40', 'token_id': 2540667, 'token_text': ','}
 {'char_end': 114, 'char_start': 109, 'lemma': 'tamen', 'pos': 'ADV', 'sentence_id': 'emlap_100023_40', 'token_id': 2540668, 'token_text': 'tamen'}
 {'char_end': 118, 'char_start': 115, 'lemma': 'neque', 'pos': 'ADV', 'sentence_id': 'emlap_100023_40', 'token_id': 2540669, 'token_text': 'nec'}
 {'char_end': 121, 'char_start': 119, 'lemma': 'ad', 'pos': 'ADP', 'sentence_id': 'emlap_100023_40', 'token_id': 2540670, 'token_text': 'ad'}
 {'char_end': 127, 'char_start': 122, 'lemma': 'finis', 'pos': 'NOUN', 'sentence_id': 'emlap_100023_40', 'token_id': 2540671, 'token_text': 'finem'}
 {'char_end': 138, 'char_start': 128, 'lemma': 'labyrinthus', 'pos': 'ADJ', 'sentence_id': 'emlap_100023_40', 'token_id': 2540672, 'token_text': 'labyrinthi'}
 {'char_end': 149, 'char_start': 139, 'lemma': 'peruenio', 'pos': 'VERB', 'sentence_id': 'emlap_100023_40', 'token_id': 2540673, 'token_text': 'perueniunt'}
 {'char_end': 150, 'char_start': 149, 'lemma': ':', 'pos': 'PUNCT', 'sentence_id': 'emlap_100023_40', 'token_id': 2540674, 'token_text': ':'}]","[{'char_end': 80, 'char_start': 72, 'lemma': 'gnauiter', 'pos': 'ADV', 'sentence_id': 'emlap_100023_40', 'token_id': 2540662, 'token_text': 'gnauiter'}
 {'char_end': 89, 'char_start': 81, 'lemma': 'laboro', 'pos': 'VERB', 'sentence_id': 'emlap_100023_40', 'token_id': 2540663, 'token_text': 'laborant'}
 {'char_end': 90, 'char_start': 89, 'lemma': ',', 'pos': 'PUNCT', 'sentence_id': 'emlap_100023_40', 'token_id': 2540664, 'token_text': ','}
 {'char_end': 96, 'char_start': 91, 'lemma': 'parum', 'pos': 'NOUN', 'sentence_id': 'emlap_100023_40', 'token_id': 2540665, 'token_text': 'parum'}
 {'char_end': 107, 'char_start': 97, 'lemma': 'proficio', 'pos': 'VERB', 'sentence_id': 'emlap_100023_40', 'token_id': 2540666, 'token_text': 'proficiunt'}
 {'char_end': 108, 'char_start': 107, 'lemma': ',', 'pos': 'PUNCT', 'sentence_id': 'emlap_100023_40', 'token_id': 2540667, 'token_text': ','}
 {'char_end': 114, 'char_start': 109, 'lemma': 'tamen', 'pos': 'ADV', 'sentence_id': 'emlap_100023_40', 'token_id': 2540668, 'token_text': 'tamen'}
 {'char_end': 118, 'char_start': 115, 'lemma': 'neque', 'pos': 'ADV', 'sentence_id': 'emlap_100023_40', 'token_id': 2540669, 'token_text': 'nec'}
 {'char_end': 121, 'char_start': 119, 'lemma': 'ad', 'pos': 'ADP', 'sentence_id': 'emlap_100023_40', 'token_id': 2540670, 'token_text': 'ad'}
 {'char_end': 127, 'char_start': 122, 'lemma': 'finis', 'pos': 'NOUN', 'sentence_id': 'emlap_100023_40', 'token_id': 2540671, 'token_text': 'finem'}
 {'char_end': 138, 'char_start': 128, 'lemma': 'labyrinthus', 'pos': 'ADJ', 'sentence_id': 'emlap_100023_40', 'token_id': 2540672, 'token_text': 'labyrinthi'}
 {'char_end': 149, 'char_start': 139, 'lemma': 'peruenio', 'pos': 'VERB', 'sentence_id': 'emlap_100023_40', 'token_id': 2540673, 'token_text': 'perueniunt'}
 {'char_end': 150, 'char_start': 149, 'lemma': ':', 'pos': 'PUNCT', 'sentence_id': 'emlap_100023_40', 'token_id': 2540674, 'token_text': ':'}
 {'char_end': 3, 'char_start': 0, 'lemma': 'sed', 'pos': 'CCONJ', 'sentence_id': 'emlap_100023_41', 'token_id': 2540675, 'token_text': 'sed'}
 {'char_end': 7, 'char_start': 4, 'lemma': 'iam', 'pos': 'ADV', 'sentence_id': 'emlap_100023_41', 'token_id': 2540676, 'token_text': 'iam'}
 {'char_end': 10, 'char_start': 8, 'lemma': 'ut', 'pos': 'SCONJ', 'sentence_id': 'emlap_100023_41', 'token_id': 2540677, 'token_text': 'ut'}
 {'char_end': 13, 'char_start': 11, 'lemma': 'in', 'pos': 'ADP', 'sentence_id': 'emlap_100023_41', 'token_id': 2540678, 'token_text': 'in'}
 {'char_end': 24, 'char_start': 14, 'lemma': 'testudo', 'pos': 'NOUN', 'sentence_id': 'emlap_100023_41', 'token_id': 2540679, 'token_text': 'testudinis'}
 {'char_end': 30, 'char_start': 25, 'lemma': 'testa', 'pos': 'NOUN', 'sentence_id': 'emlap_100023_41', 'token_id': 2540680, 'token_text': 'testa'}
 {'char_end': 37, 'char_start': 31, 'lemma': 'circum', 'pos': 'ADV', 'sentence_id': 'emlap_100023_41', 'token_id': 2540681, 'token_text': 'circum'}
 {'char_end': 43, 'char_start': 38, 'lemma': 'circa', 'pos': 'ADV', 'sentence_id': 'emlap_100023_41', 'token_id': 2540682, 'token_text': 'circa'}]",1553.0,1553.0,1553.0,,,,,2540672,128,138
736,"Galenus,Ingrassia, Giovanni Filippo","In Galeni librum de ossibus doctissima et expectatissima commentaria, nunc primum sedulo in lucem edita et apte naturam imitantibus iconibus insignata, quibus est appositus Graecus Galeni contextus una cum nova et fideli eiusdem Ingrassiae in Latinum versione",noscemus_770140,noscemus_770140_6727,") Ecce igitur rationem, 13 quare cecum foramen dictum labyrinthi, seu melius dixeris, canaliculi cuiusdam instar flexuosum est, Non sicuti de auditorio labyrintho predictum a Galeno est, ad defendendum scilicet cerebrum, ne frigidus aer, ut est, intro ingrediens cerebrum ledat.","His omnibus accedit, & ex oportuno lapidei huius ossis situ securitatis utilitas, omniaque uidetur, quibus neruus hic egebat, 39 ex uno hoc flexu complexa securitatem, uie longitudinem, locique siccitatem. | His omnibus accedit, & ex oportuno lapidei huius ossis situ securitatis utilitas, omniaque uidetur, quibus neruus hic egebat, 39 ex uno hoc flexu complexa securitatem, uie longitudinem, locique siccitatem. | ) Ecce igitur rationem, 13 quare cecum foramen dictum labyrinthi, seu melius dixeris, canaliculi cuiusdam instar flexuosum est, Non sicuti de auditorio labyrintho predictum a Galeno est, ad defendendum scilicet cerebrum, ne frigidus aer, ut est, intro ingrediens cerebrum ledat. | ) Ecce igitur rationem, 13 quare cecum foramen dictum labyrinthi, seu melius dixeris, canaliculi cuiusdam instar flexuosum est, Non sicuti de auditorio labyrintho predictum a Galeno est, ad defendendum scilicet cerebrum, ne frigidus aer, ut est, intro ingrediens cerebrum ledat. | Item ut minimorum corpusculorum, quae intro transgredi possent, impetum a longe propullaret. | Item ut minimorum corpusculorum, quae intro transgredi possent, impetum a longe propullaret.",medical_anatomical,"[{'char_end': 1, 'char_start': 0, 'lemma': ')', 'pos': 'PUNCT', 'sentence_id': 'noscemus_770140_6727', 'token_id': 24833925, 'token_text': ')'}
 {'char_end': 6, 'char_start': 2, 'lemma': 'ecce', 'pos': 'PART', 'sentence_id': 'noscemus_770140_6727', 'token_id': 24833926, 'token_text': 'Ecce'}
 {'char_end': 13, 'char_start': 7, 'lemma': 'igitur', 'pos': 'PART', 'sentence_id': 'noscemus_770140_6727', 'token_id': 24833927, 'token_text': 'igitur'}
 {'char_end': 22, 'char_start': 14, 'lemma': 'ratio', 'pos': 'NOUN', 'sentence_id': 'noscemus_770140_6727', 'token_id': 24833928, 'token_text': 'rationem'}
 {'char_end': 23, 'char_start': 22, 'lemma': ',', 'pos': 'PUNCT', 'sentence_id': 'noscemus_770140_6727', 'token_id': 24833929, 'token_text': ','}
 {'char_end': 26, 'char_start': 24, 'lemma': '13', 'pos': 'NUM', 'sentence_id': 'noscemus_770140_6727', 'token_id': 24833930, 'token_text': '13'}
 {'char_end': 32, 'char_start': 27, 'lemma': 'quare', 'pos': 'ADV', 'sentence_id': 'noscemus_770140_6727', 'token_id': 24833931, 'token_text': 'quare'}
 {'char_end': 38, 'char_start': 33, 'lemma': 'cecus', 'pos': 'ADJ', 'sentence_id': 'noscemus_770140_6727', 'token_id': 24833932, 'token_text': 'cecum'}
 {'char_end': 46, 'char_start': 39, 'lemma': 'foramen', 'pos': 'NOUN', 'sentence_id': 'noscemus_770140_6727', 'token_id': 24833933, 'token_text': 'foramen'}
 {'char_end': 53, 'char_start': 47, 'lemma': 'dico', 'pos': 'VERB', 'sentence_id': 'noscemus_770140_6727', 'token_id': 24833934, 'token_text': 'dictum'}
 {'char_end': 64, 'char_start': 54, 'lemma': 'labyrinthus', 'pos': 'ADJ', 'sentence_id': 'noscemus_770140_6727', 'token_id': 24833935, 'token_text': 'labyrinthi'}
 {'char_end': 65, 'char_start': 64, 'lemma': ',', 'pos': 'PUNCT', 'sentence_id': 'noscemus_770140_6727', 'token_id': 24833936, 'token_text': ','}
 {'char_end': 69, 'char_start': 66, 'lemma': 'seu', 'pos': 'CCONJ', 'sentence_id': 'noscemus_770140_6727', 'token_id': 24833937, 'token_text': 'seu'}
 {'char_end': 76, 'char_start': 70, 'lemma': 'melior', 'pos': 'ADV', 'sentence_id': 'noscemus_770140_6727', 'token_id': 24833938, 'token_text': 'melius'}
 {'char_end': 84, 'char_start': 77, 'lemma': 'dico', 'pos': 'VERB', 'sentence_id': 'noscemus_770140_6727', 'token_id': 24833939, 'token_text': 'dixeris'}
 {'char_end': 85, 'char_start': 84, 'lemma': ',', 'pos': 'PUNCT', 'sentence_id': 'noscemus_770140_6727', 'token_id': 24833940, 'token_text': ','}
 {'char_end': 96, 'char_start': 86, 'lemma': 'canaliculum', 'pos': 'NOUN', 'sentence_id': 'noscemus_770140_6727', 'token_id': 24833941, 'token_text': 'canaliculi'}
 {'char_end': 105, 'char_start': 97, 'lemma': 'quidam', 'pos': 'DET', 'sentence_id': 'noscemus_770140_6727', 'token_id': 24833942, 'token_text': 'cuiusdam'}
 {'char_end': 112, 'char_start': 106, 'lemma': 'instar', 'pos': 'NOUN', 'sentence_id': 'noscemus_770140_6727', 'token_id': 24833943, 'token_text': 'instar'}
 {'char_end': 122, 'char_start': 113, 'lemma': 'flexuosus', 'pos': 'ADJ', 'sentence_id': 'noscemus_770140_6727', 'token_id': 24833944, 'token_text': 'flexuosum'}
 {'char_end': 126, 'char_start': 123, 'lemma': 'sum', 'pos': 'AUX', 'sentence_id': 'noscemus_770140_6727', 'token_id': 24833945, 'token_text': 'est'}
 {'char_end': 127, 'char_start': 126, 'lemma': ',', 'pos': 'PUNCT', 'sentence_id': 'noscemus_770140_6727', 'token_id': 24833946, 'token_text': ','}
 {'char_end': 131, 'char_start': 128, 'lemma': 'non', 'pos': 'PART', 'sentence_id': 'noscemus_770140_6727', 'token_id': 24833947, 'token_text': 'Non'}
 {'char_end': 138, 'char_start': 132, 'lemma': 'sicut', 'pos': 'SCONJ', 'sentence_id': 'noscemus_770140_6727', 'token_id': 24833948, 'token_text': 'sicuti'}
 {'char_end': 141, 'char_start': 139, 'lemma': 'de', 'pos': 'ADP', 'sentence_id': 'noscemus_770140_6727', 'token_id': 24833949, 'token_text': 'de'}
 {'char_end': 151, 'char_start': 142, 'lemma': 'auditorius', 'pos': 'NOUN', 'sentence_id': 'noscemus_770140_6727', 'token_id': 24833950, 'token_text': 'auditorio'}
 {'char_end': 162, 'char_start': 152, 'lemma': 'labyrinthus', 'pos': 'NOUN', 'sentence_id': 'noscemus_770140_6727', 'token_id': 24833951, 'token_text': 'labyrintho'}
 {'char_end': 172, 'char_start': 163, 'lemma': 'praedictus', 'pos': 'DET', 'sentence_id': 'noscemus_770140_6727', 'token_id': 24833952, 'token_text': 'predictum'}
 {'char_end': 174, 'char_start': 173, 'lemma': 'ab', 'pos': 'ADP', 'sentence_id': 'noscemus_770140_6727', 'token_id': 24833953, 'token_text': 'a'}
 {'char_end': 181, 'char_start': 175, 'lemma': 'Galenus', 'pos': 'PROPN', 'sentence_id': 'noscemus_770140_6727', 'token_id': 24833954, 'token_text': 'Galeno'}
 {'char_end': 185, 'char_start': 182, 'lemma': 'sum', 'pos': 'AUX', 'sentence_id': 'noscemus_770140_6727', 'token_id': 24833955, 'token_text': 'est'}
 {'char_end': 186, 'char_start': 185, 'lemma': ',', 'pos': 'PUNCT', 'sentence_id': 'noscemus_770140_6727', 'token_id': 24833956, 'token_text': ','}
 {'char_end': 189, 'char_start': 187, 'lemma': 'ad', 'pos': 'ADP', 'sentence_id': 'noscemus_770140_6727', 'token_id': 24833957, 'token_text': 'ad'}
 {'char_end': 201, 'char_start': 190, 'lemma': 'defendo', 'pos': 'VERB', 'sentence_id': 'noscemus_770140_6727', 'token_id': 24833958, 'token_text': 'defendendum'}
 {'char_end': 210, 'char_start': 202, 'lemma': 'scilicet', 'pos': 'CCONJ', 'sentence_id': 'noscemus_770140_6727', 'token_id': 24833959, 'token_text': 'scilicet'}
 {'char_end': 219, 'char_start': 211, 'lemma': 'cerebrum', 'pos': 'NOUN', 'sentence_id': 'noscemus_770140_6727', 'token_id': 24833960, 'token_text': 'cerebrum'}
 {'char_end': 220, 'char_start': 219, 'lemma': ',', 'pos': 'PUNCT', 'sentence_id': 'noscemus_770140_6727', 'token_id': 24833961, 'token_text': ','}
 {'char_end': 223, 'char_start': 221, 'lemma': 'ne', 'pos': 'SCONJ', 'sentence_id': 'noscemus_770140_6727', 'token_id': 24833962, 'token_text': 'ne'}
 {'char_end': 232, 'char_start': 224, 'lemma': 'frigidus', 'pos': 'ADJ', 'sentence_id': 'noscemus_770140_6727', 'token_id': 24833963, 'token_text': 'frigidus'}
 {'char_end': 236, 'char_start': 233, 'lemma': 'aer', 'pos': 'NOUN', 'sentence_id': 'noscemus_770140_6727', 'token_id': 24833964, 'token_text': 'aer'}
 {'char_end': 237, 'char_start': 236, 'lemma': ',', 'pos': 'PUNCT', 'sentence_id': 'noscemus_770140_6727', 'token_id': 24833965, 'token_text': ','}
 {'char_end': 240, 'char_start': 238, 'lemma': 'ut', 'pos': 'SCONJ', 'sentence_id': 'noscemus_770140_6727', 'token_id': 24833966, 'token_text': 'ut'}
 {'char_end': 244, 'char_start': 241, 'lemma': 'sum', 'pos': 'AUX', 'sentence_id': 'noscemus_770140_6727', 'token_id': 24833967, 'token_text': 'est'}
 {'char_end': 245, 'char_start': 244, 'lemma': ',', 'pos': 'PUNCT', 'sentence_id': 'noscemus_770140_6727', 'token_id': 24833968, 'token_text': ','}
 {'char_end': 251, 'char_start': 246, 'lemma': 'intro', 'pos': 'ADV', 'sentence_id': 'noscemus_770140_6727', 'token_id': 24833969, 'token_text': 'intro'}
 {'char_end': 262, 'char_start': 252, 'lemma': 'ingredior', 'pos': 'VERB', 'sentence_id': 'noscemus_770140_6727', 'token_id': 24833970, 'token_text': 'ingrediens'}
 {'char_end': 271, 'char_start': 263, 'lemma': 'cerebrum', 'pos': 'NOUN', 'sentence_id': 'noscemus_770140_6727', 'token_id': 24833971, 'token_text': 'cerebrum'}
 {'char_end': 277, 'char_start': 272, 'lemma': 'ledo', 'pos': 'VERB', 'sentence_id': 'noscemus_770140_6727', 'token_id': 24833972, 'token_text': 'ledat'}
 {'char_end': 278, 'char_start': 277, 'lemma': '.', 'pos': 'PUNCT', 'sentence_id': 'noscemus_770140_6727', 'token_id': 24833973, 'token_text': '.'}]","[{'char_end': 1, 'char_start': 0, 'lemma': ')', 'pos': 'PUNCT', 'sentence_id': 'noscemus_770140_6727', 'token_id': 24833925, 'token_text': ')'}
 {'char_end': 6, 'char_start': 2, 'lemma': 'ecce', 'pos': 'PART', 'sentence_id': 'noscemus_770140_6727', 'token_id': 24833926, 'token_text': 'Ecce'}
 {'char_end': 13, 'char_start': 7, 'lemma': 'igitur', 'pos': 'PART', 'sentence_id': 'noscemus_770140_6727', 'token_id': 24833927, 'token_text': 'igitur'}
 {'char_end': 22, 'char_start': 14, 'lemma': 'ratio', 'pos': 'NOUN', 'sentence_id': 'noscemus_770140_6727', 'token_id': 24833928, 'token_text': 'rationem'}
 {'char_end': 23, 'char_start': 22, 'lemma': ',', 'pos': 'PUNCT', 'sentence_id': 'noscemus_770140_6727', 'token_id': 24833929, 'token_text': ','}
 {'char_end': 26, 'char_start': 24, 'lemma': '13', 'pos': 'NUM', 'sentence_id': 'noscemus_770140_6727', 'token_id': 24833930, 'token_text': '13'}
 {'char_end': 32, 'char_start': 27, 'lemma': 'quare', 'pos': 'ADV', 'sentence_id': 'noscemus_770140_6727', 'token_id': 24833931, 'token_text': 'quare'}
 {'char_end': 38, 'char_start': 33, 'lemma': 'cecus', 'pos': 'ADJ', 'sentence_id': 'noscemus_770140_6727', 'token_id': 24833932, 'token_text': 'cecum'}
 {'char_end': 46, 'char_start': 39, 'lemma': 'foramen', 'pos': 'NOUN', 'sentence_id': 'noscemus_770140_6727', 'token_id': 24833933, 'token_text': 'foramen'}
 {'char_end': 53, 'char_start': 47, 'lemma': 'dico', 'pos': 'VERB', 'sentence_id': 'noscemus_770140_6727', 'token_id': 24833934, 'token_text': 'dictum'}
 {'char_end': 64, 'char_start': 54, 'lemma': 'labyrinthus', 'pos': 'ADJ', 'sentence_id': 'noscemus_770140_6727', 'token_id': 24833935, 'token_text': 'labyrinthi'}
 {'char_end': 65, 'char_start': 64, 'lemma': ',', 'pos': 'PUNCT', 'sentence_id': 'noscemus_770140_6727', 'token_id': 24833936, 'token_text': ','}
 {'char_end': 69, 'char_start': 66, 'lemma': 'seu', 'pos': 'CCONJ', 'sentence_id': 'noscemus_770140_6727', 'token_id': 24833937, 'token_text': 'seu'}
 {'char_end': 76, 'char_start': 70, 'lemma': 'melior', 'pos': 'ADV', 'sentence_id': 'noscemus_770140_6727', 'token_id': 24833938, 'token_text': 'melius'}
 {'char_end': 84, 'char_start': 77, 'lemma': 'dico', 'pos': 'VERB', 'sentence_id': 'noscemus_770140_6727', 'token_id': 24833939, 'token_text': 'dixeris'}
 {'char_end': 85, 'char_start': 84, 'lemma': ',', 'pos': 'PUNCT', 'sentence_id': 'noscemus_770140_6727', 'token_id': 24833940, 'token_text': ','}
 {'char_end': 96, 'char_start': 86, 'lemma': 'canaliculum', 'pos': 'NOUN', 'sentence_id': 'noscemus_770140_6727', 'token_id': 24833941, 'token_text': 'canaliculi'}
 {'char_end': 105, 'char_start': 97, 'lemma': 'quidam', 'pos': 'DET', 'sentence_id': 'noscemus_770140_6727', 'token_id': 24833942, 'token_text': 'cuiusdam'}
 {'char_end': 112, 'char_start': 106, 'lemma': 'instar', 'pos': 'NOUN', 'sentence_id': 'noscemus_770140_6727', 'token_id': 24833943, 'token_text': 'instar'}
 {'char_end': 122, 'char_start': 113, 'lemma': 'flexuosus', 'pos': 'ADJ', 'sentence_id': 'noscemus_770140_6727', 'token_id': 24833944, 'token_text': 'flexuosum'}
 {'char_end': 126, 'char_start': 123, 'lemma': 'sum', 'pos': 'AUX', 'sentence_id': 'noscemus_770140_6727', 'token_id': 24833945, 'token_text': 'est'}]",1546.0,1603.0,1583.0,,,"Commentary, Translation",Medicine,24833935,54,64
557,"Cellarius, Andreas","Harmonia macrocosmica seu Atlas universalis et novus, totius universi creati cosmographiam generalem et novam exhibens. In qua omnium totius mundi orbium harmonica constructio, secundum diversas diversorum authorum opiniones, ut et Uranometria, sey totus orbus coelestis, ac planetarum theoriae et terrestris globus, tam planis et scenographicis iconibus, quam descriptionibus novis ab oculos ponuntur. Opus novum, ante hac nunquam visum, cuiuscunque conditionis hominibus utilissimum, iucundissimum, maxime necessarium et adornatum studio et labore Andreae Cellarii Palatini, scholae Hornanae in Hollandia boreali rectoris.",noscemus_725077,noscemus_725077_2829,"Motum igitur hunc duplicem tot perplexis labyrinthis nobilissimam artem in Astris deprehenderunt oculi humani ipsis in dubitato calculo utrumque attribuentes, cum Astronomiae inuoluerunt, facilior, certior, & ex immoto centro, Terra uidelicet, Astrocum Astrorum natura conuenientior methodus rum obseruationibus recte & sine errore inten eidem conciliari posset.","Hac ratione forsan sententiae contrario motu ex Occasu in Ortum recipiens antiquae Astrorum mobilitatem, & Terrae imobliquum, & priori circumgyrationi contra mobilitatem asserenti certius & firmius patrocirium cursum conficit, ut ita terrae modo pronium, exclusisque omnium excentricitatum pinquius esse cernatur, modo longius ab ea diexcentricorum, & epicyclorum figmentis, quae stare appareat. | Motum igitur hunc duplicem tot perplexis labyrinthis nobilissimam artem in Astris deprehenderunt oculi humani ipsis in dubitato calculo utrumque attribuentes, cum Astronomiae inuoluerunt, facilior, certior, & ex immoto centro, Terra uidelicet, Astrocum Astrorum natura conuenientior methodus rum obseruationibus recte & sine errore inten eidem conciliari posset. | Motus uero ille duplex quas hypotheses suggesserit, & qua dispotos se fuisse, & esse mortales, unico ingenti superficiei terrenae puncto affixi, putauerint, sitione Coelestes sphaeras in Ordinem digesserit, uideamus.",scientific_complexity_metaphorics,"[{'char_end': 5, 'char_start': 0, 'lemma': 'motus', 'pos': 'VERB', 'sentence_id': 'noscemus_725077_2829', 'token_id': 22598472, 'token_text': 'Motum'}
 {'char_end': 12, 'char_start': 6, 'lemma': 'igitur', 'pos': 'PART', 'sentence_id': 'noscemus_725077_2829', 'token_id': 22598473, 'token_text': 'igitur'}
 {'char_end': 17, 'char_start': 13, 'lemma': 'hic', 'pos': 'DET', 'sentence_id': 'noscemus_725077_2829', 'token_id': 22598474, 'token_text': 'hunc'}
 {'char_end': 26, 'char_start': 18, 'lemma': 'duplico', 'pos': 'ADJ', 'sentence_id': 'noscemus_725077_2829', 'token_id': 22598475, 'token_text': 'duplicem'}
 {'char_end': 30, 'char_start': 27, 'lemma': 'tot', 'pos': 'DET', 'sentence_id': 'noscemus_725077_2829', 'token_id': 22598476, 'token_text': 'tot'}
 {'char_end': 40, 'char_start': 31, 'lemma': 'perplexus', 'pos': 'NOUN', 'sentence_id': 'noscemus_725077_2829', 'token_id': 22598477, 'token_text': 'perplexis'}
 {'char_end': 52, 'char_start': 41, 'lemma': 'labyrinthus', 'pos': 'NOUN', 'sentence_id': 'noscemus_725077_2829', 'token_id': 22598478, 'token_text': 'labyrinthis'}
 {'char_end': 65, 'char_start': 53, 'lemma': 'nobilissimus', 'pos': 'ADJ', 'sentence_id': 'noscemus_725077_2829', 'token_id': 22598479, 'token_text': 'nobilissimam'}
 {'char_end': 71, 'char_start': 66, 'lemma': 'ars', 'pos': 'NOUN', 'sentence_id': 'noscemus_725077_2829', 'token_id': 22598480, 'token_text': 'artem'}
 {'char_end': 74, 'char_start': 72, 'lemma': 'in', 'pos': 'ADP', 'sentence_id': 'noscemus_725077_2829', 'token_id': 22598481, 'token_text': 'in'}
 {'char_end': 81, 'char_start': 75, 'lemma': 'astrum', 'pos': 'PROPN', 'sentence_id': 'noscemus_725077_2829', 'token_id': 22598482, 'token_text': 'Astris'}
 {'char_end': 96, 'char_start': 82, 'lemma': 'deprehendo', 'pos': 'VERB', 'sentence_id': 'noscemus_725077_2829', 'token_id': 22598483, 'token_text': 'deprehenderunt'}
 {'char_end': 102, 'char_start': 97, 'lemma': 'oculus', 'pos': 'NOUN', 'sentence_id': 'noscemus_725077_2829', 'token_id': 22598484, 'token_text': 'oculi'}
 {'char_end': 109, 'char_start': 103, 'lemma': 'humanus', 'pos': 'ADJ', 'sentence_id': 'noscemus_725077_2829', 'token_id': 22598485, 'token_text': 'humani'}
 {'char_end': 115, 'char_start': 110, 'lemma': 'ipse', 'pos': 'DET', 'sentence_id': 'noscemus_725077_2829', 'token_id': 22598486, 'token_text': 'ipsis'}
 {'char_end': 118, 'char_start': 116, 'lemma': 'in', 'pos': 'ADP', 'sentence_id': 'noscemus_725077_2829', 'token_id': 22598487, 'token_text': 'in'}
 {'char_end': 127, 'char_start': 119, 'lemma': 'dubito', 'pos': 'VERB', 'sentence_id': 'noscemus_725077_2829', 'token_id': 22598488, 'token_text': 'dubitato'}
 {'char_end': 135, 'char_start': 128, 'lemma': 'calculo', 'pos': 'NOUN', 'sentence_id': 'noscemus_725077_2829', 'token_id': 22598489, 'token_text': 'calculo'}
 {'char_end': 144, 'char_start': 136, 'lemma': 'uterque', 'pos': 'DET', 'sentence_id': 'noscemus_725077_2829', 'token_id': 22598490, 'token_text': 'utrumque'}
 {'char_end': 157, 'char_start': 145, 'lemma': 'attribuo', 'pos': 'VERB', 'sentence_id': 'noscemus_725077_2829', 'token_id': 22598491, 'token_text': 'attribuentes'}
 {'char_end': 158, 'char_start': 157, 'lemma': ',', 'pos': 'PUNCT', 'sentence_id': 'noscemus_725077_2829', 'token_id': 22598492, 'token_text': ','}
 {'char_end': 162, 'char_start': 159, 'lemma': 'cum', 'pos': 'SCONJ', 'sentence_id': 'noscemus_725077_2829', 'token_id': 22598493, 'token_text': 'cum'}
 {'char_end': 174, 'char_start': 163, 'lemma': 'Astronomia', 'pos': 'PROPN', 'sentence_id': 'noscemus_725077_2829', 'token_id': 22598494, 'token_text': 'Astronomiae'}
 {'char_end': 186, 'char_start': 175, 'lemma': 'inuoluo', 'pos': 'VERB', 'sentence_id': 'noscemus_725077_2829', 'token_id': 22598495, 'token_text': 'inuoluerunt'}
 {'char_end': 187, 'char_start': 186, 'lemma': ',', 'pos': 'PUNCT', 'sentence_id': 'noscemus_725077_2829', 'token_id': 22598496, 'token_text': ','}
 {'char_end': 196, 'char_start': 188, 'lemma': 'facilis', 'pos': 'ADJ', 'sentence_id': 'noscemus_725077_2829', 'token_id': 22598497, 'token_text': 'facilior'}
 {'char_end': 197, 'char_start': 196, 'lemma': ',', 'pos': 'PUNCT', 'sentence_id': 'noscemus_725077_2829', 'token_id': 22598498, 'token_text': ','}
 {'char_end': 205, 'char_start': 198, 'lemma': 'certus', 'pos': 'ADJ', 'sentence_id': 'noscemus_725077_2829', 'token_id': 22598499, 'token_text': 'certior'}
 {'char_end': 206, 'char_start': 205, 'lemma': ',', 'pos': 'PUNCT', 'sentence_id': 'noscemus_725077_2829', 'token_id': 22598500, 'token_text': ','}
 {'char_end': 208, 'char_start': 207, 'lemma': '&', 'pos': 'PUNCT', 'sentence_id': 'noscemus_725077_2829', 'token_id': 22598501, 'token_text': '&'}
 {'char_end': 211, 'char_start': 209, 'lemma': 'ex', 'pos': 'ADP', 'sentence_id': 'noscemus_725077_2829', 'token_id': 22598502, 'token_text': 'ex'}
 {'char_end': 218, 'char_start': 212, 'lemma': 'immotus', 'pos': 'VERB', 'sentence_id': 'noscemus_725077_2829', 'token_id': 22598503, 'token_text': 'immoto'}
 {'char_end': 225, 'char_start': 219, 'lemma': 'centrum', 'pos': 'NOUN', 'sentence_id': 'noscemus_725077_2829', 'token_id': 22598504, 'token_text': 'centro'}
 {'char_end': 226, 'char_start': 225, 'lemma': ',', 'pos': 'PUNCT', 'sentence_id': 'noscemus_725077_2829', 'token_id': 22598505, 'token_text': ','}
 {'char_end': 232, 'char_start': 227, 'lemma': 'Terra', 'pos': 'NOUN', 'sentence_id': 'noscemus_725077_2829', 'token_id': 22598506, 'token_text': 'Terra'}
 {'char_end': 242, 'char_start': 233, 'lemma': 'uidelicet', 'pos': 'CCONJ', 'sentence_id': 'noscemus_725077_2829', 'token_id': 22598507, 'token_text': 'uidelicet'}
 {'char_end': 243, 'char_start': 242, 'lemma': ',', 'pos': 'PUNCT', 'sentence_id': 'noscemus_725077_2829', 'token_id': 22598508, 'token_text': ','}
 {'char_end': 252, 'char_start': 244, 'lemma': 'Astrocus', 'pos': 'PROPN', 'sentence_id': 'noscemus_725077_2829', 'token_id': 22598509, 'token_text': 'Astrocum'}
 {'char_end': 261, 'char_start': 253, 'lemma': 'astrum', 'pos': 'DET', 'sentence_id': 'noscemus_725077_2829', 'token_id': 22598510, 'token_text': 'Astrorum'}
 {'char_end': 268, 'char_start': 262, 'lemma': 'natura', 'pos': 'NOUN', 'sentence_id': 'noscemus_725077_2829', 'token_id': 22598511, 'token_text': 'natura'}
 {'char_end': 282, 'char_start': 269, 'lemma': 'conuenio', 'pos': 'VERB', 'sentence_id': 'noscemus_725077_2829', 'token_id': 22598512, 'token_text': 'conuenientior'}
 {'char_end': 291, 'char_start': 283, 'lemma': 'methodus', 'pos': 'NOUN', 'sentence_id': 'noscemus_725077_2829', 'token_id': 22598513, 'token_text': 'methodus'}
 {'char_end': 295, 'char_start': 292, 'lemma': '', 'pos': 'ADP', 'sentence_id': 'noscemus_725077_2829', 'token_id': 22598514, 'token_text': 'rum'}
 {'char_end': 311, 'char_start': 296, 'lemma': 'obseruatio', 'pos': 'NOUN', 'sentence_id': 'noscemus_725077_2829', 'token_id': 22598515, 'token_text': 'obseruationibus'}
 {'char_end': 317, 'char_start': 312, 'lemma': 'recte', 'pos': 'ADV', 'sentence_id': 'noscemus_725077_2829', 'token_id': 22598516, 'token_text': 'recte'}
 {'char_end': 319, 'char_start': 318, 'lemma': '&', 'pos': 'PUNCT', 'sentence_id': 'noscemus_725077_2829', 'token_id': 22598517, 'token_text': '&'}
 {'char_end': 324, 'char_start': 320, 'lemma': 'sine', 'pos': 'ADP', 'sentence_id': 'noscemus_725077_2829', 'token_id': 22598518, 'token_text': 'sine'}
 {'char_end': 331, 'char_start': 325, 'lemma': 'error', 'pos': 'NOUN', 'sentence_id': 'noscemus_725077_2829', 'token_id': 22598519, 'token_text': 'errore'}
 {'char_end': 337, 'char_start': 332, 'lemma': 'inte', 'pos': 'VERB', 'sentence_id': 'noscemus_725077_2829', 'token_id': 22598520, 'token_text': 'inten'}
 {'char_end': 343, 'char_start': 338, 'lemma': 'idem', 'pos': 'DET', 'sentence_id': 'noscemus_725077_2829', 'token_id': 22598521, 'token_text': 'eidem'}
 {'char_end': 354, 'char_start': 344, 'lemma': 'concilio', 'pos': 'VERB', 'sentence_id': 'noscemus_725077_2829', 'token_id': 22598522, 'token_text': 'conciliari'}
 {'char_end': 361, 'char_start': 355, 'lemma': 'possum', 'pos': 'VERB', 'sentence_id': 'noscemus_725077_2829', 'token_id': 22598523, 'token_text': 'posset'}
 {'char_end': 362, 'char_start': 361, 'lemma': '.', 'pos': 'PUNCT', 'sentence_id': 'noscemus_725077_2829', 'token_id': 22598524, 'token_text': '.'}]","[{'char_end': 379, 'char_start': 375, 'lemma': 'qui', 'pos': 'PRON', 'sentence_id': 'noscemus_725077_2828', 'token_id': 22598468, 'token_text': 'quae'}
 {'char_end': 385, 'char_start': 380, 'lemma': 'sto', 'pos': 'VERB', 'sentence_id': 'noscemus_725077_2828', 'token_id': 22598469, 'token_text': 'stare'}
 {'char_end': 394, 'char_start': 386, 'lemma': 'appareo', 'pos': 'VERB', 'sentence_id': 'noscemus_725077_2828', 'token_id': 22598470, 'token_text': 'appareat'}
 {'char_end': 395, 'char_start': 394, 'lemma': '.', 'pos': 'PUNCT', 'sentence_id': 'noscemus_725077_2828', 'token_id': 22598471, 'token_text': '.'}
 {'char_end': 5, 'char_start': 0, 'lemma': 'motus', 'pos': 'VERB', 'sentence_id': 'noscemus_725077_2829', 'token_id': 22598472, 'token_text': 'Motum'}
 {'char_end': 12, 'char_start': 6, 'lemma': 'igitur', 'pos': 'PART', 'sentence_id': 'noscemus_725077_2829', 'token_id': 22598473, 'token_text': 'igitur'}
 {'char_end': 17, 'char_start': 13, 'lemma': 'hic', 'pos': 'DET', 'sentence_id': 'noscemus_725077_2829', 'token_id': 22598474, 'token_text': 'hunc'}
 {'char_end': 26, 'char_start': 18, 'lemma': 'duplico', 'pos': 'ADJ', 'sentence_id': 'noscemus_725077_2829', 'token_id': 22598475, 'token_text': 'duplicem'}
 {'char_end': 30, 'char_start': 27, 'lemma': 'tot', 'pos': 'DET', 'sentence_id': 'noscemus_725077_2829', 'token_id': 22598476, 'token_text': 'tot'}
 {'char_end': 40, 'char_start': 31, 'lemma': 'perplexus', 'pos': 'NOUN', 'sentence_id': 'noscemus_725077_2829', 'token_id': 22598477, 'token_text': 'perplexis'}
 {'char_end': 52, 'char_start': 41, 'lemma': 'labyrinthus', 'pos': 'NOUN', 'sentence_id': 'noscemus_725077_2829', 'token_id': 22598478, 'token_text': 'labyrinthis'}
 {'char_end': 65, 'char_start': 53, 'lemma': 'nobilissimus', 'pos': 'ADJ', 'sentence_id': 'noscemus_725077_2829', 'token_id': 22598479, 'token_text': 'nobilissimam'}
 {'char_end': 71, 'char_start': 66, 'lemma': 'ars', 'pos': 'NOUN', 'sentence_id': 'noscemus_725077_2829', 'token_id': 22598480, 'token_text': 'artem'}
 {'char_end': 74, 'char_start': 72, 'lemma': 'in', 'pos': 'ADP', 'sentence_id': 'noscemus_725077_2829', 'token_id': 22598481, 'token_text': 'in'}
 {'char_end': 81, 'char_start': 75, 'lemma': 'astrum', 'pos': 'PROPN', 'sentence_id': 'noscemus_725077_2829', 'token_id': 22598482, 'token_text': 'Astris'}
 {'char_end': 96, 'char_start': 82, 'lemma': 'deprehendo', 'pos': 'VERB', 'sentence_id': 'noscemus_725077_2829', 'token_id': 22598483, 'token_text': 'deprehenderunt'}
 {'char_end': 102, 'char_start': 97, 'lemma': 'oculus', 'pos': 'NOUN', 'sentence_id': 'noscemus_725077_2829', 'token_id': 22598484, 'token_text': 'oculi'}
 {'char_end': 109, 'char_start': 103, 'lemma': 'humanus', 'pos': 'ADJ', 'sentence_id': 'noscemus_725077_2829', 'token_id': 22598485, 'token_text': 'humani'}
 {'char_end': 115, 'char_start': 110, 'lemma': 'ipse', 'pos': 'DET', 'sentence_id': 'noscemus_725077_2829', 'token_id': 22598486, 'token_text': 'ipsis'}
 {'char_end': 118, 'char_start': 116, 'lemma': 'in', 'pos': 'ADP', 'sentence_id': 'noscemus_725077_2829', 'token_id': 22598487, 'token_text': 'in'}
 {'char_end': 127, 'char_start': 119, 'lemma': 'dubito', 'pos': 'VERB', 'sentence_id': 'noscemus_725077_2829', 'token_id': 22598488, 'token_text': 'dubitato'}]",1661.0,1661.0,1661.0,,,Encyclopedic work,"Astronomy/Astrology/Cosmography, Geography/Cartography",22598478,41,52
794,"Strabo,Guarinus Veronensis,Gregorius de Tipherno",Strabo de situ orbis,noscemus_823075,noscemus_823075_43738,qui labyrinthum construxit Locus autem in primo fossae ingressu ad.xxx.xiue stadia procedenti est planicies quaedam aedita quae uicum habet:,opus haud impar Pyramidibus & adiacens regis sepultura eius: | qui labyrinthum construxit Locus autem in primo fossae ingressu ad.xxx.xiue stadia procedenti est planicies quaedam aedita quae uicum habet: | & multorum regum regiam:,technical_literal,"[{'char_end': 3, 'char_start': 0, 'lemma': 'qui', 'pos': 'PRON', 'sentence_id': 'noscemus_823075_43738', 'token_id': 53887722, 'token_text': 'qui'}
 {'char_end': 15, 'char_start': 4, 'lemma': 'labyrinthus', 'pos': 'NOUN', 'sentence_id': 'noscemus_823075_43738', 'token_id': 53887723, 'token_text': 'labyrinthum'}
 {'char_end': 26, 'char_start': 16, 'lemma': 'construo', 'pos': 'VERB', 'sentence_id': 'noscemus_823075_43738', 'token_id': 53887724, 'token_text': 'construxit'}
 {'char_end': 32, 'char_start': 27, 'lemma': 'locus', 'pos': 'NOUN', 'sentence_id': 'noscemus_823075_43738', 'token_id': 53887725, 'token_text': 'Locus'}
 {'char_end': 38, 'char_start': 33, 'lemma': 'autem', 'pos': 'PART', 'sentence_id': 'noscemus_823075_43738', 'token_id': 53887726, 'token_text': 'autem'}
 {'char_end': 41, 'char_start': 39, 'lemma': 'in', 'pos': 'ADP', 'sentence_id': 'noscemus_823075_43738', 'token_id': 53887727, 'token_text': 'in'}
 {'char_end': 47, 'char_start': 42, 'lemma': 'primus', 'pos': 'ADJ', 'sentence_id': 'noscemus_823075_43738', 'token_id': 53887728, 'token_text': 'primo'}
 {'char_end': 54, 'char_start': 48, 'lemma': 'fossa', 'pos': 'NOUN', 'sentence_id': 'noscemus_823075_43738', 'token_id': 53887729, 'token_text': 'fossae'}
 {'char_end': 63, 'char_start': 55, 'lemma': 'ingressus', 'pos': 'NOUN', 'sentence_id': 'noscemus_823075_43738', 'token_id': 53887730, 'token_text': 'ingressu'}
 {'char_end': 75, 'char_start': 64, 'lemma': 'ad.xxx.xiue', 'pos': 'ADV', 'sentence_id': 'noscemus_823075_43738', 'token_id': 53887731, 'token_text': 'ad.xxx.xiue'}
 {'char_end': 82, 'char_start': 76, 'lemma': 'stadium', 'pos': 'NOUN', 'sentence_id': 'noscemus_823075_43738', 'token_id': 53887732, 'token_text': 'stadia'}
 {'char_end': 93, 'char_start': 83, 'lemma': 'procedo', 'pos': 'VERB', 'sentence_id': 'noscemus_823075_43738', 'token_id': 53887733, 'token_text': 'procedenti'}
 {'char_end': 97, 'char_start': 94, 'lemma': 'sum', 'pos': 'AUX', 'sentence_id': 'noscemus_823075_43738', 'token_id': 53887734, 'token_text': 'est'}
 {'char_end': 107, 'char_start': 98, 'lemma': 'planicies', 'pos': 'NOUN', 'sentence_id': 'noscemus_823075_43738', 'token_id': 53887735, 'token_text': 'planicies'}
 {'char_end': 115, 'char_start': 108, 'lemma': 'quidam', 'pos': 'DET', 'sentence_id': 'noscemus_823075_43738', 'token_id': 53887736, 'token_text': 'quaedam'}
 {'char_end': 122, 'char_start': 116, 'lemma': 'aedio', 'pos': 'VERB', 'sentence_id': 'noscemus_823075_43738', 'token_id': 53887737, 'token_text': 'aedita'}
 {'char_end': 127, 'char_start': 123, 'lemma': 'qui', 'pos': 'PRON', 'sentence_id': 'noscemus_823075_43738', 'token_id': 53887738, 'token_text': 'quae'}
 {'char_end': 133, 'char_start': 128, 'lemma': 'uicus', 'pos': 'ADJ', 'sentence_id': 'noscemus_823075_43738', 'token_id': 53887739, 'token_text': 'uicum'}
 {'char_end': 139, 'char_start': 134, 'lemma': 'habeo', 'pos': 'VERB', 'sentence_id': 'noscemus_823075_43738', 'token_id': 53887740, 'token_text': 'habet'}
 {'char_end': 140, 'char_start': 139, 'lemma': ':', 'pos': 'PUNCT', 'sentence_id': 'noscemus_823075_43738', 'token_id': 53887741, 'token_text': ':'}]","[{'char_end': 9, 'char_start': 5, 'lemma': 'haud', 'pos': 'PART', 'sentence_id': 'noscemus_823075_43737', 'token_id': 53887713, 'token_text': 'haud'}
 {'char_end': 15, 'char_start': 10, 'lemma': 'impar', 'pos': 'VERB', 'sentence_id': 'noscemus_823075_43737', 'token_id': 53887714, 'token_text': 'impar'}
 {'char_end': 27, 'char_start': 16, 'lemma': 'pyramis', 'pos': 'NOUN', 'sentence_id': 'noscemus_823075_43737', 'token_id': 53887715, 'token_text': 'Pyramidibus'}
 {'char_end': 29, 'char_start': 28, 'lemma': '&', 'pos': 'PUNCT', 'sentence_id': 'noscemus_823075_43737', 'token_id': 53887716, 'token_text': '&'}
 {'char_end': 38, 'char_start': 30, 'lemma': 'adiacens', 'pos': 'VERB', 'sentence_id': 'noscemus_823075_43737', 'token_id': 53887717, 'token_text': 'adiacens'}
 {'char_end': 44, 'char_start': 39, 'lemma': 'rex', 'pos': 'NOUN', 'sentence_id': 'noscemus_823075_43737', 'token_id': 53887718, 'token_text': 'regis'}
 {'char_end': 54, 'char_start': 45, 'lemma': 'sepultura', 'pos': 'NOUN', 'sentence_id': 'noscemus_823075_43737', 'token_id': 53887719, 'token_text': 'sepultura'}
 {'char_end': 59, 'char_start': 55, 'lemma': 'is', 'pos': 'PRON', 'sentence_id': 'noscemus_823075_43737', 'token_id': 53887720, 'token_text': 'eius'}
 {'char_end': 60, 'char_start': 59, 'lemma': ':', 'pos': 'PUNCT', 'sentence_id': 'noscemus_823075_43737', 'token_id': 53887721, 'token_text': ':'}
 {'char_end': 3, 'char_start': 0, 'lemma': 'qui', 'pos': 'PRON', 'sentence_id': 'noscemus_823075_43738', 'token_id': 53887722, 'token_text': 'qui'}
 {'char_end': 15, 'char_start': 4, 'lemma': 'labyrinthus', 'pos': 'NOUN', 'sentence_id': 'noscemus_823075_43738', 'token_id': 53887723, 'token_text': 'labyrinthum'}
 {'char_end': 26, 'char_start': 16, 'lemma': 'construo', 'pos': 'VERB', 'sentence_id': 'noscemus_823075_43738', 'token_id': 53887724, 'token_text': 'construxit'}
 {'char_end': 32, 'char_start': 27, 'lemma': 'locus', 'pos': 'NOUN', 'sentence_id': 'noscemus_823075_43738', 'token_id': 53887725, 'token_text': 'Locus'}
 {'char_end': 38, 'char_start': 33, 'lemma': 'autem', 'pos': 'PART', 'sentence_id': 'noscemus_823075_43738', 'token_id': 53887726, 'token_text': 'autem'}
 {'char_end': 41, 'char_start': 39, 'lemma': 'in', 'pos': 'ADP', 'sentence_id': 'noscemus_823075_43738', 'token_id': 53887727, 'token_text': 'in'}
 {'char_end': 47, 'char_start': 42, 'lemma': 'primus', 'pos': 'ADJ', 'sentence_id': 'noscemus_823075_43738', 'token_id': 53887728, 'token_text': 'primo'}
 {'char_end': 54, 'char_start': 48, 'lemma': 'fossa', 'pos': 'NOUN', 'sentence_id': 'noscemus_823075_43738', 'token_id': 53887729, 'token_text': 'fossae'}
 {'char_end': 63, 'char_start': 55, 'lemma': 'ingressus', 'pos': 'NOUN', 'sentence_id': 'noscemus_823075_43738', 'token_id': 53887730, 'token_text': 'ingressu'}
 {'char_end': 75, 'char_start': 64, 'lemma': 'ad.xxx.xiue', 'pos': 'ADV', 'sentence_id': 'noscemus_823075_43738', 'token_id': 53887731, 'token_text': 'ad.xxx.xiue'}
 {'char_end': 82, 'char_start': 76, 'lemma': 'stadium', 'pos': 'NOUN', 'sentence_id': 'noscemus_823075_43738', 'token_id': 53887732, 'token_text': 'stadia'}
 {'char_end': 93, 'char_start': 83, 'lemma': 'procedo', 'pos': 'VERB', 'sentence_id': 'noscemus_823075_43738', 'token_id': 53887733, 'token_text': 'procedenti'}]",1502.0,1502.0,1502.0,,,"Translation, Encyclopedic work",Geography/Cartography,53887723,4,15
848,"Stansel, Valentin","Legatus uranicus ex orbe novo in veterem, hoc est observationes Americanae cometarum factae, conscriptae ac in Europam missae a reverendo patre Valentino Stansel e Societate Jesu, quondam Pragae ac Olumucii mathematum professore, nunc apostolico in Indiis missionario. Et a mathesi Pragensi in collegio Societatis Jesu ad Sanctum Clementem cum auctario observationum Europearum astrophilorum bono maiorique lumini in lucem datae",noscemus_905698,noscemus_905698_1368,quantus scrupo labyrinthus ab uno?,"an denique aetheris partes spissiores, a quibus lumen Xxxxui lumen solare reuerberatur? | quantus scrupo labyrinthus ab uno? | ut pudeat, ad lucem tam tenuem, caligare.",scientific_complexity_metaphorics,"[{'char_end': 7, 'char_start': 0, 'lemma': 'quantus', 'pos': 'DET', 'sentence_id': 'noscemus_905698_1368', 'token_id': 54235088, 'token_text': 'quantus'}
 {'char_end': 14, 'char_start': 8, 'lemma': 'scrupus', 'pos': 'NOUN', 'sentence_id': 'noscemus_905698_1368', 'token_id': 54235089, 'token_text': 'scrupo'}
 {'char_end': 26, 'char_start': 15, 'lemma': 'labyrinthus', 'pos': 'NOUN', 'sentence_id': 'noscemus_905698_1368', 'token_id': 54235090, 'token_text': 'labyrinthus'}
 {'char_end': 29, 'char_start': 27, 'lemma': 'ab', 'pos': 'ADP', 'sentence_id': 'noscemus_905698_1368', 'token_id': 54235091, 'token_text': 'ab'}
 {'char_end': 33, 'char_start': 30, 'lemma': 'unus', 'pos': 'NUM', 'sentence_id': 'noscemus_905698_1368', 'token_id': 54235092, 'token_text': 'uno'}
 {'char_end': 34, 'char_start': 33, 'lemma': '?', 'pos': 'PUNCT', 'sentence_id': 'noscemus_905698_1368', 'token_id': 54235093, 'token_text': '?'}]","[{'char_end': 40, 'char_start': 39, 'lemma': 'ab', 'pos': 'ADP', 'sentence_id': 'noscemus_905698_1367', 'token_id': 54235080, 'token_text': 'a'}
 {'char_end': 47, 'char_start': 41, 'lemma': 'qui', 'pos': 'PRON', 'sentence_id': 'noscemus_905698_1367', 'token_id': 54235081, 'token_text': 'quibus'}
 {'char_end': 53, 'char_start': 48, 'lemma': 'lumen', 'pos': 'NOUN', 'sentence_id': 'noscemus_905698_1367', 'token_id': 54235082, 'token_text': 'lumen'}
 {'char_end': 60, 'char_start': 54, 'lemma': 'Xxxxuus', 'pos': 'PROPN', 'sentence_id': 'noscemus_905698_1367', 'token_id': 54235083, 'token_text': 'Xxxxui'}
 {'char_end': 66, 'char_start': 61, 'lemma': 'lumen', 'pos': 'NOUN', 'sentence_id': 'noscemus_905698_1367', 'token_id': 54235084, 'token_text': 'lumen'}
 {'char_end': 73, 'char_start': 67, 'lemma': 'solaris', 'pos': 'ADJ', 'sentence_id': 'noscemus_905698_1367', 'token_id': 54235085, 'token_text': 'solare'}
 {'char_end': 86, 'char_start': 74, 'lemma': 'reuerbero', 'pos': 'VERB', 'sentence_id': 'noscemus_905698_1367', 'token_id': 54235086, 'token_text': 'reuerberatur'}
 {'char_end': 87, 'char_start': 86, 'lemma': '?', 'pos': 'PUNCT', 'sentence_id': 'noscemus_905698_1367', 'token_id': 54235087, 'token_text': '?'}
 {'char_end': 7, 'char_start': 0, 'lemma': 'quantus', 'pos': 'DET', 'sentence_id': 'noscemus_905698_1368', 'token_id': 54235088, 'token_text': 'quantus'}
 {'char_end': 14, 'char_start': 8, 'lemma': 'scrupus', 'pos': 'NOUN', 'sentence_id': 'noscemus_905698_1368', 'token_id': 54235089, 'token_text': 'scrupo'}
 {'char_end': 26, 'char_start': 15, 'lemma': 'labyrinthus', 'pos': 'NOUN', 'sentence_id': 'noscemus_905698_1368', 'token_id': 54235090, 'token_text': 'labyrinthus'}
 {'char_end': 29, 'char_start': 27, 'lemma': 'ab', 'pos': 'ADP', 'sentence_id': 'noscemus_905698_1368', 'token_id': 54235091, 'token_text': 'ab'}
 {'char_end': 33, 'char_start': 30, 'lemma': 'unus', 'pos': 'NUM', 'sentence_id': 'noscemus_905698_1368', 'token_id': 54235092, 'token_text': 'uno'}
 {'char_end': 34, 'char_start': 33, 'lemma': '?', 'pos': 'PUNCT', 'sentence_id': 'noscemus_905698_1368', 'token_id': 54235093, 'token_text': '?'}
 {'char_end': 2, 'char_start': 0, 'lemma': 'ut', 'pos': 'SCONJ', 'sentence_id': 'noscemus_905698_1369', 'token_id': 54235094, 'token_text': 'ut'}
 {'char_end': 9, 'char_start': 3, 'lemma': 'pudeo', 'pos': 'VERB', 'sentence_id': 'noscemus_905698_1369', 'token_id': 54235095, 'token_text': 'pudeat'}
 {'char_end': 10, 'char_start': 9, 'lemma': ',', 'pos': 'PUNCT', 'sentence_id': 'noscemus_905698_1369', 'token_id': 54235096, 'token_text': ','}
 {'char_end': 13, 'char_start': 11, 'lemma': 'ad', 'pos': 'ADP', 'sentence_id': 'noscemus_905698_1369', 'token_id': 54235097, 'token_text': 'ad'}
 {'char_end': 19, 'char_start': 14, 'lemma': 'lux', 'pos': 'NOUN', 'sentence_id': 'noscemus_905698_1369', 'token_id': 54235098, 'token_text': 'lucem'}
 {'char_end': 23, 'char_start': 20, 'lemma': 'tam', 'pos': 'ADV', 'sentence_id': 'noscemus_905698_1369', 'token_id': 54235099, 'token_text': 'tam'}
 {'char_end': 30, 'char_start': 24, 'lemma': 'tenuis', 'pos': 'ADJ', 'sentence_id': 'noscemus_905698_1369', 'token_id': 54235100, 'token_text': 'tenuem'}]",1683.0,1683.0,1683.0,,,Report,Astronomy/Astrology/Cosmography,54235090,15,26
337,"Boissier de la Croix de Sauvages, François","Nosologia methodica sistens morborum classes, genera et species iuxta Sydenhami mentem et botanicorum ordinem",noscemus_605034,noscemus_605034_5165,Hujus causa est motus retrogradus sanguinis in uasculis labyrinthi;,"A Leipothymia. | Hujus causa est motus retrogradus sanguinis in uasculis labyrinthi; | cum enim cor debilius impellit sanguinem, minus resistit sanguis contractioni elasticae uasorum a qua columella sanguinis uersus partem minus resistentem mittitur.",medical_anatomical,"[{'char_end': 5, 'char_start': 0, 'lemma': 'hjc', 'pos': 'DET', 'sentence_id': 'noscemus_605034_5165', 'token_id': 94167922, 'token_text': 'Hujus'}
 {'char_end': 11, 'char_start': 6, 'lemma': 'causa', 'pos': 'NOUN', 'sentence_id': 'noscemus_605034_5165', 'token_id': 94167923, 'token_text': 'causa'}
 {'char_end': 15, 'char_start': 12, 'lemma': 'sum', 'pos': 'AUX', 'sentence_id': 'noscemus_605034_5165', 'token_id': 94167924, 'token_text': 'est'}
 {'char_end': 21, 'char_start': 16, 'lemma': 'motus', 'pos': 'NOUN', 'sentence_id': 'noscemus_605034_5165', 'token_id': 94167925, 'token_text': 'motus'}
 {'char_end': 33, 'char_start': 22, 'lemma': '', 'pos': 'ADJ', 'sentence_id': 'noscemus_605034_5165', 'token_id': 94167926, 'token_text': 'retrogradus'}
 {'char_end': 43, 'char_start': 34, 'lemma': 'sanguis', 'pos': 'NOUN', 'sentence_id': 'noscemus_605034_5165', 'token_id': 94167927, 'token_text': 'sanguinis'}
 {'char_end': 46, 'char_start': 44, 'lemma': 'in', 'pos': 'ADP', 'sentence_id': 'noscemus_605034_5165', 'token_id': 94167928, 'token_text': 'in'}
 {'char_end': 55, 'char_start': 47, 'lemma': 'uasculum', 'pos': 'NOUN', 'sentence_id': 'noscemus_605034_5165', 'token_id': 94167929, 'token_text': 'uasculis'}
 {'char_end': 66, 'char_start': 56, 'lemma': 'labyrinthus', 'pos': 'ADJ', 'sentence_id': 'noscemus_605034_5165', 'token_id': 94167930, 'token_text': 'labyrinthi'}
 {'char_end': 67, 'char_start': 66, 'lemma': ';', 'pos': 'PUNCT', 'sentence_id': 'noscemus_605034_5165', 'token_id': 94167931, 'token_text': ';'}]","[{'char_end': 13, 'char_start': 2, 'lemma': 'Leipothymia', 'pos': 'PROPN', 'sentence_id': 'noscemus_605034_5164', 'token_id': 94167920, 'token_text': 'Leipothymia'}
 {'char_end': 14, 'char_start': 13, 'lemma': '.', 'pos': 'PUNCT', 'sentence_id': 'noscemus_605034_5164', 'token_id': 94167921, 'token_text': '.'}
 {'char_end': 5, 'char_start': 0, 'lemma': 'hjc', 'pos': 'DET', 'sentence_id': 'noscemus_605034_5165', 'token_id': 94167922, 'token_text': 'Hujus'}
 {'char_end': 11, 'char_start': 6, 'lemma': 'causa', 'pos': 'NOUN', 'sentence_id': 'noscemus_605034_5165', 'token_id': 94167923, 'token_text': 'causa'}
 {'char_end': 15, 'char_start': 12, 'lemma': 'sum', 'pos': 'AUX', 'sentence_id': 'noscemus_605034_5165', 'token_id': 94167924, 'token_text': 'est'}
 {'char_end': 21, 'char_start': 16, 'lemma': 'motus', 'pos': 'NOUN', 'sentence_id': 'noscemus_605034_5165', 'token_id': 94167925, 'token_text': 'motus'}
 {'char_end': 33, 'char_start': 22, 'lemma': '', 'pos': 'ADJ', 'sentence_id': 'noscemus_605034_5165', 'token_id': 94167926, 'token_text': 'retrogradus'}
 {'char_end': 43, 'char_start': 34, 'lemma': 'sanguis', 'pos': 'NOUN', 'sentence_id': 'noscemus_605034_5165', 'token_id': 94167927, 'token_text': 'sanguinis'}
 {'char_end': 46, 'char_start': 44, 'lemma': 'in', 'pos': 'ADP', 'sentence_id': 'noscemus_605034_5165', 'token_id': 94167928, 'token_text': 'in'}
 {'char_end': 55, 'char_start': 47, 'lemma': 'uasculum', 'pos': 'NOUN', 'sentence_id': 'noscemus_605034_5165', 'token_id': 94167929, 'token_text': 'uasculis'}
 {'char_end': 66, 'char_start': 56, 'lemma': 'labyrinthus', 'pos': 'ADJ', 'sentence_id': 'noscemus_605034_5165', 'token_id': 94167930, 'token_text': 'labyrinthi'}
 {'char_end': 67, 'char_start': 66, 'lemma': ';', 'pos': 'PUNCT', 'sentence_id': 'noscemus_605034_5165', 'token_id': 94167931, 'token_text': ';'}
 {'char_end': 3, 'char_start': 0, 'lemma': 'cum', 'pos': 'SCONJ', 'sentence_id': 'noscemus_605034_5166', 'token_id': 94167932, 'token_text': 'cum'}
 {'char_end': 8, 'char_start': 4, 'lemma': 'enim', 'pos': 'PART', 'sentence_id': 'noscemus_605034_5166', 'token_id': 94167933, 'token_text': 'enim'}
 {'char_end': 12, 'char_start': 9, 'lemma': 'cor', 'pos': 'NOUN', 'sentence_id': 'noscemus_605034_5166', 'token_id': 94167934, 'token_text': 'cor'}
 {'char_end': 21, 'char_start': 13, 'lemma': 'debilior', 'pos': 'ADV', 'sentence_id': 'noscemus_605034_5166', 'token_id': 94167935, 'token_text': 'debilius'}
 {'char_end': 30, 'char_start': 22, 'lemma': 'impello', 'pos': 'VERB', 'sentence_id': 'noscemus_605034_5166', 'token_id': 94167936, 'token_text': 'impellit'}
 {'char_end': 40, 'char_start': 31, 'lemma': 'sanguis', 'pos': 'NOUN', 'sentence_id': 'noscemus_605034_5166', 'token_id': 94167937, 'token_text': 'sanguinem'}
 {'char_end': 41, 'char_start': 40, 'lemma': ',', 'pos': 'PUNCT', 'sentence_id': 'noscemus_605034_5166', 'token_id': 94167938, 'token_text': ','}
 {'char_end': 47, 'char_start': 42, 'lemma': 'minus', 'pos': 'ADV', 'sentence_id': 'noscemus_605034_5166', 'token_id': 94167939, 'token_text': 'minus'}
 {'char_end': 56, 'char_start': 48, 'lemma': 'resisto', 'pos': 'VERB', 'sentence_id': 'noscemus_605034_5166', 'token_id': 94167940, 'token_text': 'resistit'}]",1763.0,1763.0,1763.0,,,"Historia, Encyclopedic work",Medicine,94167930,56,66
34,Hugo Eterianus1177-1180 ,De haeresibus Graecorum,cc_11618,cc_11618_79,"Et quoniam intuitus sum tunc imperii serenitatem intendere ad diuinae disputationis religionem, inuolucrum uerborum rimari subtiliter, grauissimosque disceptationum labyrinthos soluendo sufficere, uoluntatis multum irrepsit de altissimo hoc negotio pertractare diligentius.","auctoritate firmum, reuerendum grauitate, optimis propinquum rationibus, Basilium, Athanasium et Cyrillum, magnam singulorum eorum fidei lucernam, processionem ex Filio asserentes, in medium produxi. | Et quoniam intuitus sum tunc imperii serenitatem intendere ad diuinae disputationis religionem, inuolucrum uerborum rimari subtiliter, grauissimosque disceptationum labyrinthos soluendo sufficere, uoluntatis multum irrepsit de altissimo hoc negotio pertractare diligentius. | Huc quoque accessit Hugbaldi Ostiae, ac Bernardi Portus magnorum pontificum, Joannes quoque sanctorum Joannis et Pauli reuerendi cardinalis, iterata eadem prorepetitio multoties.",scientific_complexity_metaphorics,"[{'char_end': 2, 'char_start': 0, 'lemma': 'et', 'pos': 'CCONJ', 'sentence_id': 'cc_11618_79', 'token_id': 246051853, 'token_text': 'Et'}
 {'char_end': 10, 'char_start': 3, 'lemma': 'quoniam', 'pos': 'SCONJ', 'sentence_id': 'cc_11618_79', 'token_id': 246051854, 'token_text': 'quoniam'}
 {'char_end': 19, 'char_start': 11, 'lemma': 'intueor', 'pos': 'VERB', 'sentence_id': 'cc_11618_79', 'token_id': 246051855, 'token_text': 'intuitus'}
 {'char_end': 23, 'char_start': 20, 'lemma': 'sum', 'pos': 'AUX', 'sentence_id': 'cc_11618_79', 'token_id': 246051856, 'token_text': 'sum'}
 {'char_end': 28, 'char_start': 24, 'lemma': 'tunc', 'pos': 'ADV', 'sentence_id': 'cc_11618_79', 'token_id': 246051857, 'token_text': 'tunc'}
 {'char_end': 36, 'char_start': 29, 'lemma': 'imperium', 'pos': 'NOUN', 'sentence_id': 'cc_11618_79', 'token_id': 246051858, 'token_text': 'imperii'}
 {'char_end': 48, 'char_start': 37, 'lemma': 'serenitas', 'pos': 'NOUN', 'sentence_id': 'cc_11618_79', 'token_id': 246051859, 'token_text': 'serenitatem'}
 {'char_end': 58, 'char_start': 49, 'lemma': 'intendo', 'pos': 'VERB', 'sentence_id': 'cc_11618_79', 'token_id': 246051860, 'token_text': 'intendere'}
 {'char_end': 61, 'char_start': 59, 'lemma': 'ad', 'pos': 'ADP', 'sentence_id': 'cc_11618_79', 'token_id': 246051861, 'token_text': 'ad'}
 {'char_end': 69, 'char_start': 62, 'lemma': 'diuinus', 'pos': 'ADJ', 'sentence_id': 'cc_11618_79', 'token_id': 246051862, 'token_text': 'diuinae'}
 {'char_end': 83, 'char_start': 70, 'lemma': 'disputatio', 'pos': 'NOUN', 'sentence_id': 'cc_11618_79', 'token_id': 246051863, 'token_text': 'disputationis'}
 {'char_end': 94, 'char_start': 84, 'lemma': 'religio', 'pos': 'NOUN', 'sentence_id': 'cc_11618_79', 'token_id': 246051864, 'token_text': 'religionem'}
 {'char_end': 95, 'char_start': 94, 'lemma': ',', 'pos': 'PUNCT', 'sentence_id': 'cc_11618_79', 'token_id': 246051865, 'token_text': ','}
 {'char_end': 106, 'char_start': 96, 'lemma': 'inuolucrum', 'pos': 'NOUN', 'sentence_id': 'cc_11618_79', 'token_id': 246051866, 'token_text': 'inuolucrum'}
 {'char_end': 115, 'char_start': 107, 'lemma': 'uerbum', 'pos': 'NOUN', 'sentence_id': 'cc_11618_79', 'token_id': 246051867, 'token_text': 'uerborum'}
 {'char_end': 122, 'char_start': 116, 'lemma': 'rimor', 'pos': 'VERB', 'sentence_id': 'cc_11618_79', 'token_id': 246051868, 'token_text': 'rimari'}
 {'char_end': 133, 'char_start': 123, 'lemma': 'subtiliter', 'pos': 'ADV', 'sentence_id': 'cc_11618_79', 'token_id': 246051869, 'token_text': 'subtiliter'}
 {'char_end': 134, 'char_start': 133, 'lemma': ',', 'pos': 'PUNCT', 'sentence_id': 'cc_11618_79', 'token_id': 246051870, 'token_text': ','}
 {'char_end': 146, 'char_start': 135, 'lemma': 'grauissimus', 'pos': 'ADJ', 'sentence_id': 'cc_11618_79', 'token_id': 246051871, 'token_text': 'grauissimos'}
 {'char_end': 149, 'char_start': 146, 'lemma': 'que', 'pos': 'CCONJ', 'sentence_id': 'cc_11618_79', 'token_id': 246051872, 'token_text': 'que'}
 {'char_end': 164, 'char_start': 150, 'lemma': 'disceptatio', 'pos': 'NOUN', 'sentence_id': 'cc_11618_79', 'token_id': 246051873, 'token_text': 'disceptationum'}
 {'char_end': 176, 'char_start': 165, 'lemma': 'labyrinthus', 'pos': 'NOUN', 'sentence_id': 'cc_11618_79', 'token_id': 246051874, 'token_text': 'labyrinthos'}
 {'char_end': 185, 'char_start': 177, 'lemma': 'soluo', 'pos': 'VERB', 'sentence_id': 'cc_11618_79', 'token_id': 246051875, 'token_text': 'soluendo'}
 {'char_end': 195, 'char_start': 186, 'lemma': 'sufficio', 'pos': 'VERB', 'sentence_id': 'cc_11618_79', 'token_id': 246051876, 'token_text': 'sufficere'}
 {'char_end': 196, 'char_start': 195, 'lemma': ',', 'pos': 'PUNCT', 'sentence_id': 'cc_11618_79', 'token_id': 246051877, 'token_text': ','}
 {'char_end': 207, 'char_start': 197, 'lemma': 'uoluntas', 'pos': 'NOUN', 'sentence_id': 'cc_11618_79', 'token_id': 246051878, 'token_text': 'uoluntatis'}
 {'char_end': 214, 'char_start': 208, 'lemma': 'multum', 'pos': 'ADV', 'sentence_id': 'cc_11618_79', 'token_id': 246051879, 'token_text': 'multum'}
 {'char_end': 223, 'char_start': 215, 'lemma': 'irrepo', 'pos': 'VERB', 'sentence_id': 'cc_11618_79', 'token_id': 246051880, 'token_text': 'irrepsit'}
 {'char_end': 226, 'char_start': 224, 'lemma': 'de', 'pos': 'ADP', 'sentence_id': 'cc_11618_79', 'token_id': 246051881, 'token_text': 'de'}
 {'char_end': 236, 'char_start': 227, 'lemma': 'altissimus', 'pos': 'ADJ', 'sentence_id': 'cc_11618_79', 'token_id': 246051882, 'token_text': 'altissimo'}
 {'char_end': 240, 'char_start': 237, 'lemma': 'hic', 'pos': 'DET', 'sentence_id': 'cc_11618_79', 'token_id': 246051883, 'token_text': 'hoc'}
 {'char_end': 248, 'char_start': 241, 'lemma': 'negotium', 'pos': 'NOUN', 'sentence_id': 'cc_11618_79', 'token_id': 246051884, 'token_text': 'negotio'}
 {'char_end': 260, 'char_start': 249, 'lemma': 'pertracto', 'pos': 'VERB', 'sentence_id': 'cc_11618_79', 'token_id': 246051885, 'token_text': 'pertractare'}
 {'char_end': 272, 'char_start': 261, 'lemma': 'diligenter', 'pos': 'ADV', 'sentence_id': 'cc_11618_79', 'token_id': 246051886, 'token_text': 'diligentius'}
 {'char_end': 273, 'char_start': 272, 'lemma': '.', 'pos': 'PUNCT', 'sentence_id': 'cc_11618_79', 'token_id': 246051887, 'token_text': '.'}]","[{'char_end': 94, 'char_start': 84, 'lemma': 'religio', 'pos': 'NOUN', 'sentence_id': 'cc_11618_79', 'token_id': 246051864, 'token_text': 'religionem'}
 {'char_end': 95, 'char_start': 94, 'lemma': ',', 'pos': 'PUNCT', 'sentence_id': 'cc_11618_79', 'token_id': 246051865, 'token_text': ','}
 {'char_end': 106, 'char_start': 96, 'lemma': 'inuolucrum', 'pos': 'NOUN', 'sentence_id': 'cc_11618_79', 'token_id': 246051866, 'token_text': 'inuolucrum'}
 {'char_end': 115, 'char_start': 107, 'lemma': 'uerbum', 'pos': 'NOUN', 'sentence_id': 'cc_11618_79', 'token_id': 246051867, 'token_text': 'uerborum'}
 {'char_end': 122, 'char_start': 116, 'lemma': 'rimor', 'pos': 'VERB', 'sentence_id': 'cc_11618_79', 'token_id': 246051868, 'token_text': 'rimari'}
 {'char_end': 133, 'char_start': 123, 'lemma': 'subtiliter', 'pos': 'ADV', 'sentence_id': 'cc_11618_79', 'token_id': 246051869, 'token_text': 'subtiliter'}
 {'char_end': 134, 'char_start': 133, 'lemma': ',', 'pos': 'PUNCT', 'sentence_id': 'cc_11618_79', 'token_id': 246051870, 'token_text': ','}
 {'char_end': 146, 'char_start': 135, 'lemma': 'grauissimus', 'pos': 'ADJ', 'sentence_id': 'cc_11618_79', 'token_id': 246051871, 'token_text': 'grauissimos'}
 {'char_end': 149, 'char_start': 146, 'lemma': 'que', 'pos': 'CCONJ', 'sentence_id': 'cc_11618_79', 'token_id': 246051872, 'token_text': 'que'}
 {'char_end': 164, 'char_start': 150, 'lemma': 'disceptatio', 'pos': 'NOUN', 'sentence_id': 'cc_11618_79', 'token_id': 246051873, 'token_text': 'disceptationum'}
 {'char_end': 176, 'char_start': 165, 'lemma': 'labyrinthus', 'pos': 'NOUN', 'sentence_id': 'cc_11618_79', 'token_id': 246051874, 'token_text': 'labyrinthos'}
 {'char_end': 185, 'char_start': 177, 'lemma': 'soluo', 'pos': 'VERB', 'sentence_id': 'cc_11618_79', 'token_id': 246051875, 'token_text': 'soluendo'}
 {'char_end': 195, 'char_start': 186, 'lemma': 'sufficio', 'pos': 'VERB', 'sentence_id': 'cc_11618_79', 'token_id': 246051876, 'token_text': 'sufficere'}
 {'char_end': 196, 'char_start': 195, 'lemma': ',', 'pos': 'PUNCT', 'sentence_id': 'cc_11618_79', 'token_id': 246051877, 'token_text': ','}
 {'char_end': 207, 'char_start': 197, 'lemma': 'uoluntas', 'pos': 'NOUN', 'sentence_id': 'cc_11618_79', 'token_id': 246051878, 'token_text': 'uoluntatis'}
 {'char_end': 214, 'char_start': 208, 'lemma': 'multum', 'pos': 'ADV', 'sentence_id': 'cc_11618_79', 'token_id': 246051879, 'token_text': 'multum'}
 {'char_end': 223, 'char_start': 215, 'lemma': 'irrepo', 'pos': 'VERB', 'sentence_id': 'cc_11618_79', 'token_id': 246051880, 'token_text': 'irrepsit'}
 {'char_end': 226, 'char_start': 224, 'lemma': 'de', 'pos': 'ADP', 'sentence_id': 'cc_11618_79', 'token_id': 246051881, 'token_text': 'de'}
 {'char_end': 236, 'char_start': 227, 'lemma': 'altissimus', 'pos': 'ADJ', 'sentence_id': 'cc_11618_79', 'token_id': 246051882, 'token_text': 'altissimo'}
 {'char_end': 240, 'char_start': 237, 'lemma': 'hic', 'pos': 'DET', 'sentence_id': 'cc_11618_79', 'token_id': 246051883, 'token_text': 'hoc'}
 {'char_end': 248, 'char_start': 241, 'lemma': 'negotium', 'pos': 'NOUN', 'sentence_id': 'cc_11618_79', 'token_id': 246051884, 'token_text': 'negotio'}]",1177.0,1180.0,1178.0,,,,,246051874,165,176
363,"Moffett, Thomas",De iure et praestantia chymicorum medicamentorum dialogus apologeticus auctore Thoma Mufetto Londinate Anglo. Accesserunt etiam epistolae quaedam medicinales ad medicos aliquot conscriptae,noscemus_608637,noscemus_608637_1036,"Quandoquidem Hermetis Trismegisti, Isaaci, Baconis, Nortonis, Riplei, Uoschii aliorumque pene infinitorum Digitized by Google Epistolae Chym. 63 torum libri multis annis ante Paracelsum natum conscripti plurimum nos erudierunt, & ex huius pene inextricabili labyrintho eduxerunt.","Quod uero nos a solo Paracelso edoctos scribit, non abhorret a caeteris, mendaciis. | Quandoquidem Hermetis Trismegisti, Isaaci, Baconis, Nortonis, Riplei, Uoschii aliorumque pene infinitorum Digitized by Google Epistolae Chym. 63 torum libri multis annis ante Paracelsum natum conscripti plurimum nos erudierunt, & ex huius pene inextricabili labyrintho eduxerunt. | ad Paracelsi uitia, id reddo loco responsionis:",scientific_complexity_metaphorics,"[{'char_end': 12, 'char_start': 0, 'lemma': 'quandoquidem', 'pos': 'ADV', 'sentence_id': 'noscemus_608637_1036', 'token_id': 118957348, 'token_text': 'Quandoquidem'}
 {'char_end': 21, 'char_start': 13, 'lemma': 'Hermes', 'pos': 'PROPN', 'sentence_id': 'noscemus_608637_1036', 'token_id': 118957349, 'token_text': 'Hermetis'}
 {'char_end': 33, 'char_start': 22, 'lemma': 'Trismegistus', 'pos': 'PROPN', 'sentence_id': 'noscemus_608637_1036', 'token_id': 118957350, 'token_text': 'Trismegisti'}
 {'char_end': 34, 'char_start': 33, 'lemma': ',', 'pos': 'PUNCT', 'sentence_id': 'noscemus_608637_1036', 'token_id': 118957351, 'token_text': ','}
 {'char_end': 41, 'char_start': 35, 'lemma': 'Isaacus', 'pos': 'PROPN', 'sentence_id': 'noscemus_608637_1036', 'token_id': 118957352, 'token_text': 'Isaaci'}
 {'char_end': 42, 'char_start': 41, 'lemma': ',', 'pos': 'PUNCT', 'sentence_id': 'noscemus_608637_1036', 'token_id': 118957353, 'token_text': ','}
 {'char_end': 50, 'char_start': 43, 'lemma': 'Baconus', 'pos': 'PROPN', 'sentence_id': 'noscemus_608637_1036', 'token_id': 118957354, 'token_text': 'Baconis'}
 {'char_end': 51, 'char_start': 50, 'lemma': ',', 'pos': 'PUNCT', 'sentence_id': 'noscemus_608637_1036', 'token_id': 118957355, 'token_text': ','}
 {'char_end': 60, 'char_start': 52, 'lemma': 'Nortonisus', 'pos': 'PROPN', 'sentence_id': 'noscemus_608637_1036', 'token_id': 118957356, 'token_text': 'Nortonis'}
 {'char_end': 61, 'char_start': 60, 'lemma': ',', 'pos': 'PUNCT', 'sentence_id': 'noscemus_608637_1036', 'token_id': 118957357, 'token_text': ','}
 {'char_end': 68, 'char_start': 62, 'lemma': 'Ripleius', 'pos': 'PROPN', 'sentence_id': 'noscemus_608637_1036', 'token_id': 118957358, 'token_text': 'Riplei'}
 {'char_end': 69, 'char_start': 68, 'lemma': ',', 'pos': 'PUNCT', 'sentence_id': 'noscemus_608637_1036', 'token_id': 118957359, 'token_text': ','}
 {'char_end': 77, 'char_start': 70, 'lemma': 'uoschii', 'pos': 'PROPN', 'sentence_id': 'noscemus_608637_1036', 'token_id': 118957360, 'token_text': 'Uoschii'}
 {'char_end': 85, 'char_start': 78, 'lemma': 'alius', 'pos': 'DET', 'sentence_id': 'noscemus_608637_1036', 'token_id': 118957361, 'token_text': 'aliorum'}
 {'char_end': 88, 'char_start': 85, 'lemma': 'que', 'pos': 'CCONJ', 'sentence_id': 'noscemus_608637_1036', 'token_id': 118957362, 'token_text': 'que'}
 {'char_end': 93, 'char_start': 89, 'lemma': 'penis', 'pos': 'ADV', 'sentence_id': 'noscemus_608637_1036', 'token_id': 118957363, 'token_text': 'pene'}
 {'char_end': 105, 'char_start': 94, 'lemma': 'infinitus', 'pos': 'ADJ', 'sentence_id': 'noscemus_608637_1036', 'token_id': 118957364, 'token_text': 'infinitorum'}
 {'char_end': 115, 'char_start': 106, 'lemma': '', 'pos': 'VERB', 'sentence_id': 'noscemus_608637_1036', 'token_id': 118957365, 'token_text': 'Digitized'}
 {'char_end': 118, 'char_start': 116, 'lemma': 'by', 'pos': 'SCONJ', 'sentence_id': 'noscemus_608637_1036', 'token_id': 118957366, 'token_text': 'by'}
 {'char_end': 125, 'char_start': 119, 'lemma': '', 'pos': 'PROPN', 'sentence_id': 'noscemus_608637_1036', 'token_id': 118957367, 'token_text': 'Google'}
 {'char_end': 135, 'char_start': 126, 'lemma': 'Epistola', 'pos': 'NOUN', 'sentence_id': 'noscemus_608637_1036', 'token_id': 118957368, 'token_text': 'Epistolae'}
 {'char_end': 140, 'char_start': 136, 'lemma': '', 'pos': 'PROPN', 'sentence_id': 'noscemus_608637_1036', 'token_id': 118957369, 'token_text': 'Chym'}
 {'char_end': 141, 'char_start': 140, 'lemma': '.', 'pos': 'PUNCT', 'sentence_id': 'noscemus_608637_1036', 'token_id': 118957370, 'token_text': '.'}
 {'char_end': 144, 'char_start': 142, 'lemma': '63', 'pos': 'NUM', 'sentence_id': 'noscemus_608637_1036', 'token_id': 118957371, 'token_text': '63'}
 {'char_end': 150, 'char_start': 145, 'lemma': 'torus', 'pos': 'NOUN', 'sentence_id': 'noscemus_608637_1036', 'token_id': 118957372, 'token_text': 'torum'}
 {'char_end': 156, 'char_start': 151, 'lemma': 'liber', 'pos': 'NOUN', 'sentence_id': 'noscemus_608637_1036', 'token_id': 118957373, 'token_text': 'libri'}
 {'char_end': 163, 'char_start': 157, 'lemma': 'multus', 'pos': 'DET', 'sentence_id': 'noscemus_608637_1036', 'token_id': 118957374, 'token_text': 'multis'}
 {'char_end': 169, 'char_start': 164, 'lemma': 'annus', 'pos': 'NOUN', 'sentence_id': 'noscemus_608637_1036', 'token_id': 118957375, 'token_text': 'annis'}
 {'char_end': 174, 'char_start': 170, 'lemma': 'ante', 'pos': 'ADP', 'sentence_id': 'noscemus_608637_1036', 'token_id': 118957376, 'token_text': 'ante'}
 {'char_end': 185, 'char_start': 175, 'lemma': 'Paracelsus', 'pos': 'PROPN', 'sentence_id': 'noscemus_608637_1036', 'token_id': 118957377, 'token_text': 'Paracelsum'}
 {'char_end': 191, 'char_start': 186, 'lemma': 'nascor', 'pos': 'VERB', 'sentence_id': 'noscemus_608637_1036', 'token_id': 118957378, 'token_text': 'natum'}
 {'char_end': 202, 'char_start': 192, 'lemma': 'conscribo', 'pos': 'VERB', 'sentence_id': 'noscemus_608637_1036', 'token_id': 118957379, 'token_text': 'conscripti'}
 {'char_end': 211, 'char_start': 203, 'lemma': 'multus', 'pos': 'DET', 'sentence_id': 'noscemus_608637_1036', 'token_id': 118957380, 'token_text': 'plurimum'}
 {'char_end': 215, 'char_start': 212, 'lemma': 'nos', 'pos': 'PRON', 'sentence_id': 'noscemus_608637_1036', 'token_id': 118957381, 'token_text': 'nos'}
 {'char_end': 226, 'char_start': 216, 'lemma': 'erudio', 'pos': 'VERB', 'sentence_id': 'noscemus_608637_1036', 'token_id': 118957382, 'token_text': 'erudierunt'}
 {'char_end': 227, 'char_start': 226, 'lemma': ',', 'pos': 'PUNCT', 'sentence_id': 'noscemus_608637_1036', 'token_id': 118957383, 'token_text': ','}
 {'char_end': 229, 'char_start': 228, 'lemma': '&', 'pos': 'PUNCT', 'sentence_id': 'noscemus_608637_1036', 'token_id': 118957384, 'token_text': '&'}
 {'char_end': 232, 'char_start': 230, 'lemma': 'ex', 'pos': 'ADP', 'sentence_id': 'noscemus_608637_1036', 'token_id': 118957385, 'token_text': 'ex'}
 {'char_end': 238, 'char_start': 233, 'lemma': 'hic', 'pos': 'DET', 'sentence_id': 'noscemus_608637_1036', 'token_id': 118957386, 'token_text': 'huius'}
 {'char_end': 243, 'char_start': 239, 'lemma': 'penis', 'pos': 'NOUN', 'sentence_id': 'noscemus_608637_1036', 'token_id': 118957387, 'token_text': 'pene'}
 {'char_end': 257, 'char_start': 244, 'lemma': 'inextricabilis', 'pos': 'ADJ', 'sentence_id': 'noscemus_608637_1036', 'token_id': 118957388, 'token_text': 'inextricabili'}
 {'char_end': 268, 'char_start': 258, 'lemma': 'labyrinthus', 'pos': 'NOUN', 'sentence_id': 'noscemus_608637_1036', 'token_id': 118957389, 'token_text': 'labyrintho'}
 {'char_end': 278, 'char_start': 269, 'lemma': 'educo', 'pos': 'VERB', 'sentence_id': 'noscemus_608637_1036', 'token_id': 118957390, 'token_text': 'eduxerunt'}
 {'char_end': 279, 'char_start': 278, 'lemma': '.', 'pos': 'PUNCT', 'sentence_id': 'noscemus_608637_1036', 'token_id': 118957391, 'token_text': '.'}]","[{'char_end': 202, 'char_start': 192, 'lemma': 'conscribo', 'pos': 'VERB', 'sentence_id': 'noscemus_608637_1036', 'token_id': 118957379, 'token_text': 'conscripti'}
 {'char_end': 211, 'char_start': 203, 'lemma': 'multus', 'pos': 'DET', 'sentence_id': 'noscemus_608637_1036', 'token_id': 118957380, 'token_text': 'plurimum'}
 {'char_end': 215, 'char_start': 212, 'lemma': 'nos', 'pos': 'PRON', 'sentence_id': 'noscemus_608637_1036', 'token_id': 118957381, 'token_text': 'nos'}
 {'char_end': 226, 'char_start': 216, 'lemma': 'erudio', 'pos': 'VERB', 'sentence_id': 'noscemus_608637_1036', 'token_id': 118957382, 'token_text': 'erudierunt'}
 {'char_end': 227, 'char_start': 226, 'lemma': ',', 'pos': 'PUNCT', 'sentence_id': 'noscemus_608637_1036', 'token_id': 118957383, 'token_text': ','}
 {'char_end': 229, 'char_start': 228, 'lemma': '&', 'pos': 'PUNCT', 'sentence_id': 'noscemus_608637_1036', 'token_id': 118957384, 'token_text': '&'}
 {'char_end': 232, 'char_start': 230, 'lemma': 'ex', 'pos': 'ADP', 'sentence_id': 'noscemus_608637_1036', 'token_id': 118957385, 'token_text': 'ex'}
 {'char_end': 238, 'char_start': 233, 'lemma': 'hic', 'pos': 'DET', 'sentence_id': 'noscemus_608637_1036', 'token_id': 118957386, 'token_text': 'huius'}
 {'char_end': 243, 'char_start': 239, 'lemma': 'penis', 'pos': 'NOUN', 'sentence_id': 'noscemus_608637_1036', 'token_id': 118957387, 'token_text': 'pene'}
 {'char_end': 257, 'char_start': 244, 'lemma': 'inextricabilis', 'pos': 'ADJ', 'sentence_id': 'noscemus_608637_1036', 'token_id': 118957388, 'token_text': 'inextricabili'}
 {'char_end': 268, 'char_start': 258, 'lemma': 'labyrinthus', 'pos': 'NOUN', 'sentence_id': 'noscemus_608637_1036', 'token_id': 118957389, 'token_text': 'labyrintho'}
 {'char_end': 278, 'char_start': 269, 'lemma': 'educo', 'pos': 'VERB', 'sentence_id': 'noscemus_608637_1036', 'token_id': 118957390, 'token_text': 'eduxerunt'}
 {'char_end': 279, 'char_start': 278, 'lemma': '.', 'pos': 'PUNCT', 'sentence_id': 'noscemus_608637_1036', 'token_id': 118957391, 'token_text': '.'}
 {'char_end': 2, 'char_start': 0, 'lemma': 'ad', 'pos': 'ADP', 'sentence_id': 'noscemus_608637_1037', 'token_id': 118957392, 'token_text': 'ad'}
 {'char_end': 12, 'char_start': 3, 'lemma': 'Paracelsum', 'pos': 'PROPN', 'sentence_id': 'noscemus_608637_1037', 'token_id': 118957393, 'token_text': 'Paracelsi'}
 {'char_end': 18, 'char_start': 13, 'lemma': 'uitium', 'pos': 'NOUN', 'sentence_id': 'noscemus_608637_1037', 'token_id': 118957394, 'token_text': 'uitia'}
 {'char_end': 19, 'char_start': 18, 'lemma': ',', 'pos': 'PUNCT', 'sentence_id': 'noscemus_608637_1037', 'token_id': 118957395, 'token_text': ','}
 {'char_end': 22, 'char_start': 20, 'lemma': 'is', 'pos': 'PRON', 'sentence_id': 'noscemus_608637_1037', 'token_id': 118957396, 'token_text': 'id'}
 {'char_end': 28, 'char_start': 23, 'lemma': 'reddo', 'pos': 'VERB', 'sentence_id': 'noscemus_608637_1037', 'token_id': 118957397, 'token_text': 'reddo'}
 {'char_end': 33, 'char_start': 29, 'lemma': 'locus', 'pos': 'NOUN', 'sentence_id': 'noscemus_608637_1037', 'token_id': 118957398, 'token_text': 'loco'}
 {'char_end': 46, 'char_start': 34, 'lemma': 'responsio', 'pos': 'NOUN', 'sentence_id': 'noscemus_608637_1037', 'token_id': 118957399, 'token_text': 'responsionis'}]",1584.0,1584.0,1584.0,,,"Letter, Dialogue","Alchemy/Chemistry, Medicine",118957389,258,268
311,"Libavius, Andreas",,emlap_100063,emlap_100063_304,"Id licet tentasse quidam uideri possint, aut uelint potius eos tamen, uel rei difficultate uictos ac deterritos a coepto destitisse, uel pari obscuritatum labyrintho discendi cupidos delusisse, constat.","Chymiam enim, quod multi desiderarunt hactenus, ab inquinamentis & tenebris, quibus lucifugae Bombastaei artem nobilissimam conspurcarunt, uindicare & perpurgare, pristinoque suo restituere nitori, satagis. | Id licet tentasse quidam uideri possint, aut uelint potius eos tamen, uel rei difficultate uictos ac deterritos a coepto destitisse, uel pari obscuritatum labyrintho discendi cupidos delusisse, constat. | Quare palmam tibi merito uiri docti deferendam statuunt:",scientific_complexity_metaphorics,"[{'char_end': 2, 'char_start': 0, 'lemma': 'is', 'pos': 'PRON', 'sentence_id': 'emlap_100063_304', 'token_id': 2201051, 'token_text': 'Id'}
 {'char_end': 8, 'char_start': 3, 'lemma': 'licet', 'pos': 'VERB', 'sentence_id': 'emlap_100063_304', 'token_id': 2201052, 'token_text': 'licet'}
 {'char_end': 17, 'char_start': 9, 'lemma': 'tento', 'pos': 'VERB', 'sentence_id': 'emlap_100063_304', 'token_id': 2201053, 'token_text': 'tentasse'}
 {'char_end': 24, 'char_start': 18, 'lemma': 'quidam', 'pos': 'DET', 'sentence_id': 'emlap_100063_304', 'token_id': 2201054, 'token_text': 'quidam'}
 {'char_end': 31, 'char_start': 25, 'lemma': 'uideo', 'pos': 'VERB', 'sentence_id': 'emlap_100063_304', 'token_id': 2201055, 'token_text': 'uideri'}
 {'char_end': 39, 'char_start': 32, 'lemma': 'possum', 'pos': 'VERB', 'sentence_id': 'emlap_100063_304', 'token_id': 2201056, 'token_text': 'possint'}
 {'char_end': 40, 'char_start': 39, 'lemma': ',', 'pos': 'PUNCT', 'sentence_id': 'emlap_100063_304', 'token_id': 2201057, 'token_text': ','}
 {'char_end': 44, 'char_start': 41, 'lemma': 'aut', 'pos': 'CCONJ', 'sentence_id': 'emlap_100063_304', 'token_id': 2201058, 'token_text': 'aut'}
 {'char_end': 51, 'char_start': 45, 'lemma': 'uolo', 'pos': 'VERB', 'sentence_id': 'emlap_100063_304', 'token_id': 2201059, 'token_text': 'uelint'}
 {'char_end': 58, 'char_start': 52, 'lemma': 'potior', 'pos': 'ADV', 'sentence_id': 'emlap_100063_304', 'token_id': 2201060, 'token_text': 'potius'}
 {'char_end': 62, 'char_start': 59, 'lemma': 'is', 'pos': 'PRON', 'sentence_id': 'emlap_100063_304', 'token_id': 2201061, 'token_text': 'eos'}
 {'char_end': 68, 'char_start': 63, 'lemma': 'tamen', 'pos': 'ADV', 'sentence_id': 'emlap_100063_304', 'token_id': 2201062, 'token_text': 'tamen'}
 {'char_end': 69, 'char_start': 68, 'lemma': ',', 'pos': 'PUNCT', 'sentence_id': 'emlap_100063_304', 'token_id': 2201063, 'token_text': ','}
 {'char_end': 73, 'char_start': 70, 'lemma': 'uel', 'pos': 'CCONJ', 'sentence_id': 'emlap_100063_304', 'token_id': 2201064, 'token_text': 'uel'}
 {'char_end': 77, 'char_start': 74, 'lemma': 'res', 'pos': 'NOUN', 'sentence_id': 'emlap_100063_304', 'token_id': 2201065, 'token_text': 'rei'}
 {'char_end': 90, 'char_start': 78, 'lemma': 'difficultas', 'pos': 'NOUN', 'sentence_id': 'emlap_100063_304', 'token_id': 2201066, 'token_text': 'difficultate'}
 {'char_end': 97, 'char_start': 91, 'lemma': 'uinco', 'pos': 'VERB', 'sentence_id': 'emlap_100063_304', 'token_id': 2201067, 'token_text': 'uictos'}
 {'char_end': 100, 'char_start': 98, 'lemma': 'atque', 'pos': 'CCONJ', 'sentence_id': 'emlap_100063_304', 'token_id': 2201068, 'token_text': 'ac'}
 {'char_end': 111, 'char_start': 101, 'lemma': 'deterreo', 'pos': 'VERB', 'sentence_id': 'emlap_100063_304', 'token_id': 2201069, 'token_text': 'deterritos'}
 {'char_end': 113, 'char_start': 112, 'lemma': 'ab', 'pos': 'ADP', 'sentence_id': 'emlap_100063_304', 'token_id': 2201070, 'token_text': 'a'}
 {'char_end': 120, 'char_start': 114, 'lemma': 'coepio', 'pos': 'VERB', 'sentence_id': 'emlap_100063_304', 'token_id': 2201071, 'token_text': 'coepto'}
 {'char_end': 131, 'char_start': 121, 'lemma': 'desisto', 'pos': 'VERB', 'sentence_id': 'emlap_100063_304', 'token_id': 2201072, 'token_text': 'destitisse'}
 {'char_end': 132, 'char_start': 131, 'lemma': ',', 'pos': 'PUNCT', 'sentence_id': 'emlap_100063_304', 'token_id': 2201073, 'token_text': ','}
 {'char_end': 136, 'char_start': 133, 'lemma': 'uel', 'pos': 'CCONJ', 'sentence_id': 'emlap_100063_304', 'token_id': 2201074, 'token_text': 'uel'}
 {'char_end': 141, 'char_start': 137, 'lemma': 'par', 'pos': 'ADJ', 'sentence_id': 'emlap_100063_304', 'token_id': 2201075, 'token_text': 'pari'}
 {'char_end': 154, 'char_start': 142, 'lemma': 'obscuritas', 'pos': 'NOUN', 'sentence_id': 'emlap_100063_304', 'token_id': 2201076, 'token_text': 'obscuritatum'}
 {'char_end': 165, 'char_start': 155, 'lemma': 'labyrinthus', 'pos': 'NOUN', 'sentence_id': 'emlap_100063_304', 'token_id': 2201077, 'token_text': 'labyrintho'}
 {'char_end': 174, 'char_start': 166, 'lemma': 'disco', 'pos': 'VERB', 'sentence_id': 'emlap_100063_304', 'token_id': 2201078, 'token_text': 'discendi'}
 {'char_end': 182, 'char_start': 175, 'lemma': 'cupidus', 'pos': 'ADJ', 'sentence_id': 'emlap_100063_304', 'token_id': 2201079, 'token_text': 'cupidos'}
 {'char_end': 192, 'char_start': 183, 'lemma': 'deludo', 'pos': 'VERB', 'sentence_id': 'emlap_100063_304', 'token_id': 2201080, 'token_text': 'delusisse'}
 {'char_end': 193, 'char_start': 192, 'lemma': ',', 'pos': 'PUNCT', 'sentence_id': 'emlap_100063_304', 'token_id': 2201081, 'token_text': ','}
 {'char_end': 201, 'char_start': 194, 'lemma': 'consto', 'pos': 'VERB', 'sentence_id': 'emlap_100063_304', 'token_id': 2201082, 'token_text': 'constat'}
 {'char_end': 202, 'char_start': 201, 'lemma': '.', 'pos': 'PUNCT', 'sentence_id': 'emlap_100063_304', 'token_id': 2201083, 'token_text': '.'}]","[{'char_end': 97, 'char_start': 91, 'lemma': 'uinco', 'pos': 'VERB', 'sentence_id': 'emlap_100063_304', 'token_id': 2201067, 'token_text': 'uictos'}
 {'char_end': 100, 'char_start': 98, 'lemma': 'atque', 'pos': 'CCONJ', 'sentence_id': 'emlap_100063_304', 'token_id': 2201068, 'token_text': 'ac'}
 {'char_end': 111, 'char_start': 101, 'lemma': 'deterreo', 'pos': 'VERB', 'sentence_id': 'emlap_100063_304', 'token_id': 2201069, 'token_text': 'deterritos'}
 {'char_end': 113, 'char_start': 112, 'lemma': 'ab', 'pos': 'ADP', 'sentence_id': 'emlap_100063_304', 'token_id': 2201070, 'token_text': 'a'}
 {'char_end': 120, 'char_start': 114, 'lemma': 'coepio', 'pos': 'VERB', 'sentence_id': 'emlap_100063_304', 'token_id': 2201071, 'token_text': 'coepto'}
 {'char_end': 131, 'char_start': 121, 'lemma': 'desisto', 'pos': 'VERB', 'sentence_id': 'emlap_100063_304', 'token_id': 2201072, 'token_text': 'destitisse'}
 {'char_end': 132, 'char_start': 131, 'lemma': ',', 'pos': 'PUNCT', 'sentence_id': 'emlap_100063_304', 'token_id': 2201073, 'token_text': ','}
 {'char_end': 136, 'char_start': 133, 'lemma': 'uel', 'pos': 'CCONJ', 'sentence_id': 'emlap_100063_304', 'token_id': 2201074, 'token_text': 'uel'}
 {'char_end': 141, 'char_start': 137, 'lemma': 'par', 'pos': 'ADJ', 'sentence_id': 'emlap_100063_304', 'token_id': 2201075, 'token_text': 'pari'}
 {'char_end': 154, 'char_start': 142, 'lemma': 'obscuritas', 'pos': 'NOUN', 'sentence_id': 'emlap_100063_304', 'token_id': 2201076, 'token_text': 'obscuritatum'}
 {'char_end': 165, 'char_start': 155, 'lemma': 'labyrinthus', 'pos': 'NOUN', 'sentence_id': 'emlap_100063_304', 'token_id': 2201077, 'token_text': 'labyrintho'}
 {'char_end': 174, 'char_start': 166, 'lemma': 'disco', 'pos': 'VERB', 'sentence_id': 'emlap_100063_304', 'token_id': 2201078, 'token_text': 'discendi'}
 {'char_end': 182, 'char_start': 175, 'lemma': 'cupidus', 'pos': 'ADJ', 'sentence_id': 'emlap_100063_304', 'token_id': 2201079, 'token_text': 'cupidos'}
 {'char_end': 192, 'char_start': 183, 'lemma': 'deludo', 'pos': 'VERB', 'sentence_id': 'emlap_100063_304', 'token_id': 2201080, 'token_text': 'delusisse'}
 {'char_end': 193, 'char_start': 192, 'lemma': ',', 'pos': 'PUNCT', 'sentence_id': 'emlap_100063_304', 'token_id': 2201081, 'token_text': ','}
 {'char_end': 201, 'char_start': 194, 'lemma': 'consto', 'pos': 'VERB', 'sentence_id': 'emlap_100063_304', 'token_id': 2201082, 'token_text': 'constat'}
 {'char_end': 202, 'char_start': 201, 'lemma': '.', 'pos': 'PUNCT', 'sentence_id': 'emlap_100063_304', 'token_id': 2201083, 'token_text': '.'}
 {'char_end': 5, 'char_start': 0, 'lemma': 'quare', 'pos': 'ADV', 'sentence_id': 'emlap_100063_305', 'token_id': 2201084, 'token_text': 'Quare'}
 {'char_end': 12, 'char_start': 6, 'lemma': 'palma', 'pos': 'NOUN', 'sentence_id': 'emlap_100063_305', 'token_id': 2201085, 'token_text': 'palmam'}
 {'char_end': 17, 'char_start': 13, 'lemma': 'tu', 'pos': 'PRON', 'sentence_id': 'emlap_100063_305', 'token_id': 2201086, 'token_text': 'tibi'}
 {'char_end': 24, 'char_start': 18, 'lemma': 'mereo', 'pos': 'ADV', 'sentence_id': 'emlap_100063_305', 'token_id': 2201087, 'token_text': 'merito'}]",1595.0,1595.0,1595.0,,,,,2201077,155,165
710,"Münster, Sebastian","Cosmographia universalis libri VI, in quibus iuxta certioris fidei scriptorum traditionem describuntur omnium habitabilis orbis partium situs propriaeque dotes, regionum topographicae effigies, terrae ingenia, quibus sit ut tam differentes et varias specie res et animatas et inanimatas ferat, animalium peregrinorum naturae et picturae, nobiliorum civitatum icones et descriptiones, regnorum initia, incrementa et translationes, omnium gentium mores, leges, religio, res gestae, mutationes, item regum et principium genealogiae",noscemus_767769,noscemus_767769_34897,"Hinc Daedalus sumpsit exemplar eius labyrinthi quem fecit in Creta, sed centesimam tantum portionem eius imitatus, quae itinerum ambages oc cursusque ac recursus inexplicabiles continet, crebris foribus inditis ad fallendos occur sus, redeundumque in errores eosdem.","Abyrinthi fabrica, opus haud impar pyramidibus & adiacens regis sepultura eius qui labyrinthum construxit. | Hinc Daedalus sumpsit exemplar eius labyrinthi quem fecit in Creta, sed centesimam tantum portionem eius imitatus, quae itinerum ambages oc cursusque ac recursus inexplicabiles continet, crebris foribus inditis ad fallendos occur sus, redeundumque in errores eosdem. | Positionem operis, singulasque partes enarrare non est, quum fuerit in regiones diuisum atque in praefecturas sedecim, nominibus earum totidem ua stis domibus attributis.",technical_literal,"[{'char_end': 4, 'char_start': 0, 'lemma': 'hinc', 'pos': 'ADV', 'sentence_id': 'noscemus_767769_34897', 'token_id': 51393440, 'token_text': 'Hinc'}
 {'char_end': 13, 'char_start': 5, 'lemma': 'Daedalus', 'pos': 'PROPN', 'sentence_id': 'noscemus_767769_34897', 'token_id': 51393441, 'token_text': 'Daedalus'}
 {'char_end': 21, 'char_start': 14, 'lemma': 'sumo', 'pos': 'VERB', 'sentence_id': 'noscemus_767769_34897', 'token_id': 51393442, 'token_text': 'sumpsit'}
 {'char_end': 30, 'char_start': 22, 'lemma': 'exemplar', 'pos': 'ADJ', 'sentence_id': 'noscemus_767769_34897', 'token_id': 51393443, 'token_text': 'exemplar'}
 {'char_end': 35, 'char_start': 31, 'lemma': 'is', 'pos': 'PRON', 'sentence_id': 'noscemus_767769_34897', 'token_id': 51393444, 'token_text': 'eius'}
 {'char_end': 46, 'char_start': 36, 'lemma': 'labyrinthus', 'pos': 'ADJ', 'sentence_id': 'noscemus_767769_34897', 'token_id': 51393445, 'token_text': 'labyrinthi'}
 {'char_end': 51, 'char_start': 47, 'lemma': 'qui', 'pos': 'PRON', 'sentence_id': 'noscemus_767769_34897', 'token_id': 51393446, 'token_text': 'quem'}
 {'char_end': 57, 'char_start': 52, 'lemma': 'facio', 'pos': 'VERB', 'sentence_id': 'noscemus_767769_34897', 'token_id': 51393447, 'token_text': 'fecit'}
 {'char_end': 60, 'char_start': 58, 'lemma': 'in', 'pos': 'ADP', 'sentence_id': 'noscemus_767769_34897', 'token_id': 51393448, 'token_text': 'in'}
 {'char_end': 66, 'char_start': 61, 'lemma': 'Creta', 'pos': 'PROPN', 'sentence_id': 'noscemus_767769_34897', 'token_id': 51393449, 'token_text': 'Creta'}
 {'char_end': 67, 'char_start': 66, 'lemma': ',', 'pos': 'PUNCT', 'sentence_id': 'noscemus_767769_34897', 'token_id': 51393450, 'token_text': ','}
 {'char_end': 71, 'char_start': 68, 'lemma': 'sed', 'pos': 'CCONJ', 'sentence_id': 'noscemus_767769_34897', 'token_id': 51393451, 'token_text': 'sed'}
 {'char_end': 82, 'char_start': 72, 'lemma': 'centesima', 'pos': 'ADJ', 'sentence_id': 'noscemus_767769_34897', 'token_id': 51393452, 'token_text': 'centesimam'}
 {'char_end': 89, 'char_start': 83, 'lemma': 'tantum', 'pos': 'ADV', 'sentence_id': 'noscemus_767769_34897', 'token_id': 51393453, 'token_text': 'tantum'}
 {'char_end': 99, 'char_start': 90, 'lemma': 'portio', 'pos': 'NOUN', 'sentence_id': 'noscemus_767769_34897', 'token_id': 51393454, 'token_text': 'portionem'}
 {'char_end': 104, 'char_start': 100, 'lemma': 'is', 'pos': 'PRON', 'sentence_id': 'noscemus_767769_34897', 'token_id': 51393455, 'token_text': 'eius'}
 {'char_end': 113, 'char_start': 105, 'lemma': 'imitor', 'pos': 'VERB', 'sentence_id': 'noscemus_767769_34897', 'token_id': 51393456, 'token_text': 'imitatus'}
 {'char_end': 114, 'char_start': 113, 'lemma': ',', 'pos': 'PUNCT', 'sentence_id': 'noscemus_767769_34897', 'token_id': 51393457, 'token_text': ','}
 {'char_end': 119, 'char_start': 115, 'lemma': 'qui', 'pos': 'PRON', 'sentence_id': 'noscemus_767769_34897', 'token_id': 51393458, 'token_text': 'quae'}
 {'char_end': 128, 'char_start': 120, 'lemma': 'iter', 'pos': 'NOUN', 'sentence_id': 'noscemus_767769_34897', 'token_id': 51393459, 'token_text': 'itinerum'}
 {'char_end': 136, 'char_start': 129, 'lemma': 'ambages', 'pos': 'NOUN', 'sentence_id': 'noscemus_767769_34897', 'token_id': 51393460, 'token_text': 'ambages'}
 {'char_end': 139, 'char_start': 137, 'lemma': 'hic', 'pos': 'CCONJ', 'sentence_id': 'noscemus_767769_34897', 'token_id': 51393461, 'token_text': 'oc'}
 {'char_end': 146, 'char_start': 140, 'lemma': 'cursus', 'pos': 'NOUN', 'sentence_id': 'noscemus_767769_34897', 'token_id': 51393462, 'token_text': 'cursus'}
 {'char_end': 149, 'char_start': 146, 'lemma': 'que', 'pos': 'CCONJ', 'sentence_id': 'noscemus_767769_34897', 'token_id': 51393463, 'token_text': 'que'}
 {'char_end': 152, 'char_start': 150, 'lemma': 'atque', 'pos': 'CCONJ', 'sentence_id': 'noscemus_767769_34897', 'token_id': 51393464, 'token_text': 'ac'}
 {'char_end': 161, 'char_start': 153, 'lemma': 'recurro', 'pos': 'NOUN', 'sentence_id': 'noscemus_767769_34897', 'token_id': 51393465, 'token_text': 'recursus'}
 {'char_end': 176, 'char_start': 162, 'lemma': 'inexplicabilis', 'pos': 'ADJ', 'sentence_id': 'noscemus_767769_34897', 'token_id': 51393466, 'token_text': 'inexplicabiles'}
 {'char_end': 185, 'char_start': 177, 'lemma': 'contineo', 'pos': 'VERB', 'sentence_id': 'noscemus_767769_34897', 'token_id': 51393467, 'token_text': 'continet'}
 {'char_end': 186, 'char_start': 185, 'lemma': ',', 'pos': 'PUNCT', 'sentence_id': 'noscemus_767769_34897', 'token_id': 51393468, 'token_text': ','}
 {'char_end': 194, 'char_start': 187, 'lemma': 'creber', 'pos': 'ADJ', 'sentence_id': 'noscemus_767769_34897', 'token_id': 51393469, 'token_text': 'crebris'}
 {'char_end': 202, 'char_start': 195, 'lemma': 'foris', 'pos': 'NOUN', 'sentence_id': 'noscemus_767769_34897', 'token_id': 51393470, 'token_text': 'foribus'}
 {'char_end': 210, 'char_start': 203, 'lemma': 'indo', 'pos': 'ADJ', 'sentence_id': 'noscemus_767769_34897', 'token_id': 51393471, 'token_text': 'inditis'}
 {'char_end': 213, 'char_start': 211, 'lemma': 'ad', 'pos': 'ADP', 'sentence_id': 'noscemus_767769_34897', 'token_id': 51393472, 'token_text': 'ad'}
 {'char_end': 223, 'char_start': 214, 'lemma': 'fallo', 'pos': 'VERB', 'sentence_id': 'noscemus_767769_34897', 'token_id': 51393473, 'token_text': 'fallendos'}
 {'char_end': 229, 'char_start': 224, 'lemma': 'occur', 'pos': 'NOUN', 'sentence_id': 'noscemus_767769_34897', 'token_id': 51393474, 'token_text': 'occur'}
 {'char_end': 233, 'char_start': 230, 'lemma': 'sus', 'pos': 'NOUN', 'sentence_id': 'noscemus_767769_34897', 'token_id': 51393475, 'token_text': 'sus'}
 {'char_end': 234, 'char_start': 233, 'lemma': ',', 'pos': 'PUNCT', 'sentence_id': 'noscemus_767769_34897', 'token_id': 51393476, 'token_text': ','}
 {'char_end': 244, 'char_start': 235, 'lemma': 'redeo', 'pos': 'VERB', 'sentence_id': 'noscemus_767769_34897', 'token_id': 51393477, 'token_text': 'redeundum'}
 {'char_end': 247, 'char_start': 244, 'lemma': 'que', 'pos': 'CCONJ', 'sentence_id': 'noscemus_767769_34897', 'token_id': 51393478, 'token_text': 'que'}
 {'char_end': 250, 'char_start': 248, 'lemma': 'in', 'pos': 'ADP', 'sentence_id': 'noscemus_767769_34897', 'token_id': 51393479, 'token_text': 'in'}
 {'char_end': 258, 'char_start': 251, 'lemma': 'error', 'pos': 'NOUN', 'sentence_id': 'noscemus_767769_34897', 'token_id': 51393480, 'token_text': 'errores'}
 {'char_end': 265, 'char_start': 259, 'lemma': 'idem', 'pos': 'DET', 'sentence_id': 'noscemus_767769_34897', 'token_id': 51393481, 'token_text': 'eosdem'}
 {'char_end': 266, 'char_start': 265, 'lemma': '.', 'pos': 'PUNCT', 'sentence_id': 'noscemus_767769_34897', 'token_id': 51393482, 'token_text': '.'}]","[{'char_end': 78, 'char_start': 74, 'lemma': 'is', 'pos': 'PRON', 'sentence_id': 'noscemus_767769_34896', 'token_id': 51393435, 'token_text': 'eius'}
 {'char_end': 82, 'char_start': 79, 'lemma': 'qui', 'pos': 'PRON', 'sentence_id': 'noscemus_767769_34896', 'token_id': 51393436, 'token_text': 'qui'}
 {'char_end': 94, 'char_start': 83, 'lemma': 'labyrinthus', 'pos': 'NOUN', 'sentence_id': 'noscemus_767769_34896', 'token_id': 51393437, 'token_text': 'labyrinthum'}
 {'char_end': 105, 'char_start': 95, 'lemma': 'construo', 'pos': 'VERB', 'sentence_id': 'noscemus_767769_34896', 'token_id': 51393438, 'token_text': 'construxit'}
 {'char_end': 106, 'char_start': 105, 'lemma': '.', 'pos': 'PUNCT', 'sentence_id': 'noscemus_767769_34896', 'token_id': 51393439, 'token_text': '.'}
 {'char_end': 4, 'char_start': 0, 'lemma': 'hinc', 'pos': 'ADV', 'sentence_id': 'noscemus_767769_34897', 'token_id': 51393440, 'token_text': 'Hinc'}
 {'char_end': 13, 'char_start': 5, 'lemma': 'Daedalus', 'pos': 'PROPN', 'sentence_id': 'noscemus_767769_34897', 'token_id': 51393441, 'token_text': 'Daedalus'}
 {'char_end': 21, 'char_start': 14, 'lemma': 'sumo', 'pos': 'VERB', 'sentence_id': 'noscemus_767769_34897', 'token_id': 51393442, 'token_text': 'sumpsit'}
 {'char_end': 30, 'char_start': 22, 'lemma': 'exemplar', 'pos': 'ADJ', 'sentence_id': 'noscemus_767769_34897', 'token_id': 51393443, 'token_text': 'exemplar'}
 {'char_end': 35, 'char_start': 31, 'lemma': 'is', 'pos': 'PRON', 'sentence_id': 'noscemus_767769_34897', 'token_id': 51393444, 'token_text': 'eius'}
 {'char_end': 46, 'char_start': 36, 'lemma': 'labyrinthus', 'pos': 'ADJ', 'sentence_id': 'noscemus_767769_34897', 'token_id': 51393445, 'token_text': 'labyrinthi'}
 {'char_end': 51, 'char_start': 47, 'lemma': 'qui', 'pos': 'PRON', 'sentence_id': 'noscemus_767769_34897', 'token_id': 51393446, 'token_text': 'quem'}
 {'char_end': 57, 'char_start': 52, 'lemma': 'facio', 'pos': 'VERB', 'sentence_id': 'noscemus_767769_34897', 'token_id': 51393447, 'token_text': 'fecit'}
 {'char_end': 60, 'char_start': 58, 'lemma': 'in', 'pos': 'ADP', 'sentence_id': 'noscemus_767769_34897', 'token_id': 51393448, 'token_text': 'in'}
 {'char_end': 66, 'char_start': 61, 'lemma': 'Creta', 'pos': 'PROPN', 'sentence_id': 'noscemus_767769_34897', 'token_id': 51393449, 'token_text': 'Creta'}
 {'char_end': 67, 'char_start': 66, 'lemma': ',', 'pos': 'PUNCT', 'sentence_id': 'noscemus_767769_34897', 'token_id': 51393450, 'token_text': ','}
 {'char_end': 71, 'char_start': 68, 'lemma': 'sed', 'pos': 'CCONJ', 'sentence_id': 'noscemus_767769_34897', 'token_id': 51393451, 'token_text': 'sed'}
 {'char_end': 82, 'char_start': 72, 'lemma': 'centesima', 'pos': 'ADJ', 'sentence_id': 'noscemus_767769_34897', 'token_id': 51393452, 'token_text': 'centesimam'}
 {'char_end': 89, 'char_start': 83, 'lemma': 'tantum', 'pos': 'ADV', 'sentence_id': 'noscemus_767769_34897', 'token_id': 51393453, 'token_text': 'tantum'}
 {'char_end': 99, 'char_start': 90, 'lemma': 'portio', 'pos': 'NOUN', 'sentence_id': 'noscemus_767769_34897', 'token_id': 51393454, 'token_text': 'portionem'}
 {'char_end': 104, 'char_start': 100, 'lemma': 'is', 'pos': 'PRON', 'sentence_id': 'noscemus_767769_34897', 'token_id': 51393455, 'token_text': 'eius'}]",1552.0,1552.0,1552.0,,,"Translation, Other (see description), Encyclopedic work",Geography/Cartography,51393445,36,46
721,"Draud, Georg","Bibliotheca classica sive Catalogus officinalis, in quo singuli singularum facultatum et professionum libri, qui in quavis fere lingua extant quique inter hominum memoria propemodum in publicum prodierunt, secundum artes et disciplinas earumque titulos et locos communes auctorumque cognomina singulis classibus et rubricis subnexa ordine alphabetico recensentur additisque ubivis loco, tempore ac forma impressionis iusta serie disponuntur, usque ad annum MDCXXIV inclusive. Accesserunt hincinde praeter eas, quas ex catalogis nundinarum collegimus, haud infimae notae etiam alicunde congesta quaeque in prima editione non habentur. Quin etiam norit emptor Bibliothecae classicae, quae anno 1611 in lucem prodiit (ne Bibliothecae istius emptio emptori sit fraudi) supplementum ab anno 1611 usque ad annum 1624 inclusive propediem separatim editum iri. Accessit auctorum in toto opere dispersorum iuxta ordinem alphabeticum observata cognominum ratione dispositio. Omnia et singula colligente et disponente magistro Georgio Draudio.",noscemus_770049,noscemus_770049_35531,"Einsdem Hof labyrinthus Cretico Gretserianus, in quo ostenditur, quam horrende Gretserus papisticam doctrinam pinxerit, Wittebergae apud Berger. 1604.","labyrinthus papisticus, contra nugas Iacobi Gretseri, Wittebergae apud Schurerum, 1603 in 4. | Einsdem Hof labyrinthus Cretico Gretserianus, in quo ostenditur, quam horrende Gretserus papisticam doctrinam pinxerit, Wittebergae apud Berger. 1604. | in 4.",ambiguous_indeterminate,"[{'char_end': 7, 'char_start': 0, 'lemma': 'einsdem', 'pos': 'DET', 'sentence_id': 'noscemus_770049_35531', 'token_id': 49539695, 'token_text': 'Einsdem'}
 {'char_end': 11, 'char_start': 8, 'lemma': 'Hof', 'pos': 'PROPN', 'sentence_id': 'noscemus_770049_35531', 'token_id': 49539696, 'token_text': 'Hof'}
 {'char_end': 23, 'char_start': 12, 'lemma': 'labyrinthus', 'pos': 'NOUN', 'sentence_id': 'noscemus_770049_35531', 'token_id': 49539697, 'token_text': 'labyrinthus'}
 {'char_end': 31, 'char_start': 24, 'lemma': 'creticus', 'pos': 'PROPN', 'sentence_id': 'noscemus_770049_35531', 'token_id': 49539698, 'token_text': 'Cretico'}
 {'char_end': 44, 'char_start': 32, 'lemma': 'Gretserianus', 'pos': 'PROPN', 'sentence_id': 'noscemus_770049_35531', 'token_id': 49539699, 'token_text': 'Gretserianus'}
 {'char_end': 45, 'char_start': 44, 'lemma': ',', 'pos': 'PUNCT', 'sentence_id': 'noscemus_770049_35531', 'token_id': 49539700, 'token_text': ','}
 {'char_end': 48, 'char_start': 46, 'lemma': 'in', 'pos': 'ADP', 'sentence_id': 'noscemus_770049_35531', 'token_id': 49539701, 'token_text': 'in'}
 {'char_end': 52, 'char_start': 49, 'lemma': 'qui', 'pos': 'PRON', 'sentence_id': 'noscemus_770049_35531', 'token_id': 49539702, 'token_text': 'quo'}
 {'char_end': 63, 'char_start': 53, 'lemma': 'ostendo', 'pos': 'VERB', 'sentence_id': 'noscemus_770049_35531', 'token_id': 49539703, 'token_text': 'ostenditur'}
 {'char_end': 64, 'char_start': 63, 'lemma': ',', 'pos': 'PUNCT', 'sentence_id': 'noscemus_770049_35531', 'token_id': 49539704, 'token_text': ','}
 {'char_end': 69, 'char_start': 65, 'lemma': 'quam', 'pos': 'SCONJ', 'sentence_id': 'noscemus_770049_35531', 'token_id': 49539705, 'token_text': 'quam'}
 {'char_end': 78, 'char_start': 70, 'lemma': 'horrendus', 'pos': 'ADV', 'sentence_id': 'noscemus_770049_35531', 'token_id': 49539706, 'token_text': 'horrende'}
 {'char_end': 88, 'char_start': 79, 'lemma': 'Gretserus', 'pos': 'PROPN', 'sentence_id': 'noscemus_770049_35531', 'token_id': 49539707, 'token_text': 'Gretserus'}
 {'char_end': 99, 'char_start': 89, 'lemma': 'papisticus', 'pos': 'ADJ', 'sentence_id': 'noscemus_770049_35531', 'token_id': 49539708, 'token_text': 'papisticam'}
 {'char_end': 109, 'char_start': 100, 'lemma': 'doctrina', 'pos': 'NOUN', 'sentence_id': 'noscemus_770049_35531', 'token_id': 49539709, 'token_text': 'doctrinam'}
 {'char_end': 118, 'char_start': 110, 'lemma': '', 'pos': 'VERB', 'sentence_id': 'noscemus_770049_35531', 'token_id': 49539710, 'token_text': 'pinxerit'}
 {'char_end': 119, 'char_start': 118, 'lemma': ',', 'pos': 'PUNCT', 'sentence_id': 'noscemus_770049_35531', 'token_id': 49539711, 'token_text': ','}
 {'char_end': 131, 'char_start': 120, 'lemma': 'Witteberga', 'pos': 'PROPN', 'sentence_id': 'noscemus_770049_35531', 'token_id': 49539712, 'token_text': 'Wittebergae'}
 {'char_end': 136, 'char_start': 132, 'lemma': 'apud', 'pos': 'ADP', 'sentence_id': 'noscemus_770049_35531', 'token_id': 49539713, 'token_text': 'apud'}
 {'char_end': 143, 'char_start': 137, 'lemma': 'Berger', 'pos': 'PROPN', 'sentence_id': 'noscemus_770049_35531', 'token_id': 49539714, 'token_text': 'Berger'}
 {'char_end': 144, 'char_start': 143, 'lemma': '.', 'pos': 'PUNCT', 'sentence_id': 'noscemus_770049_35531', 'token_id': 49539715, 'token_text': '.'}
 {'char_end': 149, 'char_start': 145, 'lemma': '1604', 'pos': 'NUM', 'sentence_id': 'noscemus_770049_35531', 'token_id': 49539716, 'token_text': '1604'}
 {'char_end': 150, 'char_start': 149, 'lemma': '.', 'pos': 'PUNCT', 'sentence_id': 'noscemus_770049_35531', 'token_id': 49539717, 'token_text': '.'}]","[{'char_end': 65, 'char_start': 54, 'lemma': 'Witteberga', 'pos': 'PROPN', 'sentence_id': 'noscemus_770049_35530', 'token_id': 49539687, 'token_text': 'Wittebergae'}
 {'char_end': 70, 'char_start': 66, 'lemma': 'apud', 'pos': 'ADP', 'sentence_id': 'noscemus_770049_35530', 'token_id': 49539688, 'token_text': 'apud'}
 {'char_end': 80, 'char_start': 71, 'lemma': 'Schurerus', 'pos': 'NOUN', 'sentence_id': 'noscemus_770049_35530', 'token_id': 49539689, 'token_text': 'Schurerum'}
 {'char_end': 81, 'char_start': 80, 'lemma': ',', 'pos': 'PUNCT', 'sentence_id': 'noscemus_770049_35530', 'token_id': 49539690, 'token_text': ','}
 {'char_end': 86, 'char_start': 82, 'lemma': '1603', 'pos': 'NUM', 'sentence_id': 'noscemus_770049_35530', 'token_id': 49539691, 'token_text': '1603'}
 {'char_end': 89, 'char_start': 87, 'lemma': 'in', 'pos': 'ADP', 'sentence_id': 'noscemus_770049_35530', 'token_id': 49539692, 'token_text': 'in'}
 {'char_end': 91, 'char_start': 90, 'lemma': '4', 'pos': 'NUM', 'sentence_id': 'noscemus_770049_35530', 'token_id': 49539693, 'token_text': '4'}
 {'char_end': 92, 'char_start': 91, 'lemma': '.', 'pos': 'PUNCT', 'sentence_id': 'noscemus_770049_35530', 'token_id': 49539694, 'token_text': '.'}
 {'char_end': 7, 'char_start': 0, 'lemma': 'einsdem', 'pos': 'DET', 'sentence_id': 'noscemus_770049_35531', 'token_id': 49539695, 'token_text': 'Einsdem'}
 {'char_end': 11, 'char_start': 8, 'lemma': 'Hof', 'pos': 'PROPN', 'sentence_id': 'noscemus_770049_35531', 'token_id': 49539696, 'token_text': 'Hof'}
 {'char_end': 23, 'char_start': 12, 'lemma': 'labyrinthus', 'pos': 'NOUN', 'sentence_id': 'noscemus_770049_35531', 'token_id': 49539697, 'token_text': 'labyrinthus'}
 {'char_end': 31, 'char_start': 24, 'lemma': 'creticus', 'pos': 'PROPN', 'sentence_id': 'noscemus_770049_35531', 'token_id': 49539698, 'token_text': 'Cretico'}
 {'char_end': 44, 'char_start': 32, 'lemma': 'Gretserianus', 'pos': 'PROPN', 'sentence_id': 'noscemus_770049_35531', 'token_id': 49539699, 'token_text': 'Gretserianus'}
 {'char_end': 45, 'char_start': 44, 'lemma': ',', 'pos': 'PUNCT', 'sentence_id': 'noscemus_770049_35531', 'token_id': 49539700, 'token_text': ','}
 {'char_end': 48, 'char_start': 46, 'lemma': 'in', 'pos': 'ADP', 'sentence_id': 'noscemus_770049_35531', 'token_id': 49539701, 'token_text': 'in'}
 {'char_end': 52, 'char_start': 49, 'lemma': 'qui', 'pos': 'PRON', 'sentence_id': 'noscemus_770049_35531', 'token_id': 49539702, 'token_text': 'quo'}
 {'char_end': 63, 'char_start': 53, 'lemma': 'ostendo', 'pos': 'VERB', 'sentence_id': 'noscemus_770049_35531', 'token_id': 49539703, 'token_text': 'ostenditur'}
 {'char_end': 64, 'char_start': 63, 'lemma': ',', 'pos': 'PUNCT', 'sentence_id': 'noscemus_770049_35531', 'token_id': 49539704, 'token_text': ','}
 {'char_end': 69, 'char_start': 65, 'lemma': 'quam', 'pos': 'SCONJ', 'sentence_id': 'noscemus_770049_35531', 'token_id': 49539705, 'token_text': 'quam'}
 {'char_end': 78, 'char_start': 70, 'lemma': 'horrendus', 'pos': 'ADV', 'sentence_id': 'noscemus_770049_35531', 'token_id': 49539706, 'token_text': 'horrende'}
 {'char_end': 88, 'char_start': 79, 'lemma': 'Gretserus', 'pos': 'PROPN', 'sentence_id': 'noscemus_770049_35531', 'token_id': 49539707, 'token_text': 'Gretserus'}]",1625.0,1625.0,1625.0,,,Bibliography,"Mathematics, Physics, Astronomy/Astrology/Cosmography, Geography/Cartography, Meteorology/Earth sciences, Alchemy/Chemistry, Biology, Medicine, Other (see description)",49539697,12,23
698,"Ferrari, Giovanni Battista",Flora seu de florum cultura libri IV,noscemus_767768,noscemus_767768_430,"Quanquam qui natura magistra paucis iisque lectissimis floribus contentus fuerit, numerosiore semitarum labyrintho areolas poterit aliquatenus coarctare.","nec adeo angustet, ut paucissimorum seminum unaquaeque sit capax. | Quanquam qui natura magistra paucis iisque lectissimis floribus contentus fuerit, numerosiore semitarum labyrintho areolas poterit aliquatenus coarctare. | Seini Liber Primus. 23 Semitas duum minimum palmorum latas faciat, ut sine adnascentium plantarum attritu innocens oberret incessus.",scientific_complexity_metaphorics,"[{'char_end': 8, 'char_start': 0, 'lemma': 'quamquam', 'pos': 'SCONJ', 'sentence_id': 'noscemus_767768_430', 'token_id': 27819989, 'token_text': 'Quanquam'}
 {'char_end': 12, 'char_start': 9, 'lemma': 'qui', 'pos': 'PRON', 'sentence_id': 'noscemus_767768_430', 'token_id': 27819990, 'token_text': 'qui'}
 {'char_end': 19, 'char_start': 13, 'lemma': 'natura', 'pos': 'NOUN', 'sentence_id': 'noscemus_767768_430', 'token_id': 27819991, 'token_text': 'natura'}
 {'char_end': 28, 'char_start': 20, 'lemma': 'magistra', 'pos': 'NOUN', 'sentence_id': 'noscemus_767768_430', 'token_id': 27819992, 'token_text': 'magistra'}
 {'char_end': 35, 'char_start': 29, 'lemma': 'paucus', 'pos': 'DET', 'sentence_id': 'noscemus_767768_430', 'token_id': 27819993, 'token_text': 'paucis'}
 {'char_end': 39, 'char_start': 36, 'lemma': 'is', 'pos': 'PRON', 'sentence_id': 'noscemus_767768_430', 'token_id': 27819994, 'token_text': 'iis'}
 {'char_end': 42, 'char_start': 39, 'lemma': 'que', 'pos': 'CCONJ', 'sentence_id': 'noscemus_767768_430', 'token_id': 27819995, 'token_text': 'que'}
 {'char_end': 54, 'char_start': 43, 'lemma': 'lectissimus', 'pos': 'ADJ', 'sentence_id': 'noscemus_767768_430', 'token_id': 27819996, 'token_text': 'lectissimis'}
 {'char_end': 63, 'char_start': 55, 'lemma': 'flos', 'pos': 'NOUN', 'sentence_id': 'noscemus_767768_430', 'token_id': 27819997, 'token_text': 'floribus'}
 {'char_end': 73, 'char_start': 64, 'lemma': 'contentus', 'pos': 'VERB', 'sentence_id': 'noscemus_767768_430', 'token_id': 27819998, 'token_text': 'contentus'}
 {'char_end': 80, 'char_start': 74, 'lemma': 'sum', 'pos': 'AUX', 'sentence_id': 'noscemus_767768_430', 'token_id': 27819999, 'token_text': 'fuerit'}
 {'char_end': 81, 'char_start': 80, 'lemma': ',', 'pos': 'PUNCT', 'sentence_id': 'noscemus_767768_430', 'token_id': 27820000, 'token_text': ','}
 {'char_end': 93, 'char_start': 82, 'lemma': 'numerosus', 'pos': 'ADJ', 'sentence_id': 'noscemus_767768_430', 'token_id': 27820001, 'token_text': 'numerosiore'}
 {'char_end': 103, 'char_start': 94, 'lemma': 'semita', 'pos': 'NOUN', 'sentence_id': 'noscemus_767768_430', 'token_id': 27820002, 'token_text': 'semitarum'}
 {'char_end': 114, 'char_start': 104, 'lemma': 'labyrinthus', 'pos': 'NOUN', 'sentence_id': 'noscemus_767768_430', 'token_id': 27820003, 'token_text': 'labyrintho'}
 {'char_end': 122, 'char_start': 115, 'lemma': 'areola', 'pos': 'NOUN', 'sentence_id': 'noscemus_767768_430', 'token_id': 27820004, 'token_text': 'areolas'}
 {'char_end': 130, 'char_start': 123, 'lemma': 'possum', 'pos': 'VERB', 'sentence_id': 'noscemus_767768_430', 'token_id': 27820005, 'token_text': 'poterit'}
 {'char_end': 142, 'char_start': 131, 'lemma': 'aliqui', 'pos': 'ADV', 'sentence_id': 'noscemus_767768_430', 'token_id': 27820006, 'token_text': 'aliquatenus'}
 {'char_end': 152, 'char_start': 143, 'lemma': 'coarcto', 'pos': 'VERB', 'sentence_id': 'noscemus_767768_430', 'token_id': 27820007, 'token_text': 'coarctare'}
 {'char_end': 153, 'char_start': 152, 'lemma': '.', 'pos': 'PUNCT', 'sentence_id': 'noscemus_767768_430', 'token_id': 27820008, 'token_text': '.'}]","[{'char_end': 35, 'char_start': 29, 'lemma': 'paucus', 'pos': 'DET', 'sentence_id': 'noscemus_767768_430', 'token_id': 27819993, 'token_text': 'paucis'}
 {'char_end': 39, 'char_start': 36, 'lemma': 'is', 'pos': 'PRON', 'sentence_id': 'noscemus_767768_430', 'token_id': 27819994, 'token_text': 'iis'}
 {'char_end': 42, 'char_start': 39, 'lemma': 'que', 'pos': 'CCONJ', 'sentence_id': 'noscemus_767768_430', 'token_id': 27819995, 'token_text': 'que'}
 {'char_end': 54, 'char_start': 43, 'lemma': 'lectissimus', 'pos': 'ADJ', 'sentence_id': 'noscemus_767768_430', 'token_id': 27819996, 'token_text': 'lectissimis'}
 {'char_end': 63, 'char_start': 55, 'lemma': 'flos', 'pos': 'NOUN', 'sentence_id': 'noscemus_767768_430', 'token_id': 27819997, 'token_text': 'floribus'}
 {'char_end': 73, 'char_start': 64, 'lemma': 'contentus', 'pos': 'VERB', 'sentence_id': 'noscemus_767768_430', 'token_id': 27819998, 'token_text': 'contentus'}
 {'char_end': 80, 'char_start': 74, 'lemma': 'sum', 'pos': 'AUX', 'sentence_id': 'noscemus_767768_430', 'token_id': 27819999, 'token_text': 'fuerit'}
 {'char_end': 81, 'char_start': 80, 'lemma': ',', 'pos': 'PUNCT', 'sentence_id': 'noscemus_767768_430', 'token_id': 27820000, 'token_text': ','}
 {'char_end': 93, 'char_start': 82, 'lemma': 'numerosus', 'pos': 'ADJ', 'sentence_id': 'noscemus_767768_430', 'token_id': 27820001, 'token_text': 'numerosiore'}
 {'char_end': 103, 'char_start': 94, 'lemma': 'semita', 'pos': 'NOUN', 'sentence_id': 'noscemus_767768_430', 'token_id': 27820002, 'token_text': 'semitarum'}
 {'char_end': 114, 'char_start': 104, 'lemma': 'labyrinthus', 'pos': 'NOUN', 'sentence_id': 'noscemus_767768_430', 'token_id': 27820003, 'token_text': 'labyrintho'}
 {'char_end': 122, 'char_start': 115, 'lemma': 'areola', 'pos': 'NOUN', 'sentence_id': 'noscemus_767768_430', 'token_id': 27820004, 'token_text': 'areolas'}
 {'char_end': 130, 'char_start': 123, 'lemma': 'possum', 'pos': 'VERB', 'sentence_id': 'noscemus_767768_430', 'token_id': 27820005, 'token_text': 'poterit'}
 {'char_end': 142, 'char_start': 131, 'lemma': 'aliqui', 'pos': 'ADV', 'sentence_id': 'noscemus_767768_430', 'token_id': 27820006, 'token_text': 'aliquatenus'}
 {'char_end': 152, 'char_start': 143, 'lemma': 'coarcto', 'pos': 'VERB', 'sentence_id': 'noscemus_767768_430', 'token_id': 27820007, 'token_text': 'coarctare'}
 {'char_end': 153, 'char_start': 152, 'lemma': '.', 'pos': 'PUNCT', 'sentence_id': 'noscemus_767768_430', 'token_id': 27820008, 'token_text': '.'}
 {'char_end': 5, 'char_start': 0, 'lemma': 'Seinus', 'pos': 'NOUN', 'sentence_id': 'noscemus_767768_431', 'token_id': 27820009, 'token_text': 'Seini'}
 {'char_end': 11, 'char_start': 6, 'lemma': 'Liber', 'pos': 'NOUN', 'sentence_id': 'noscemus_767768_431', 'token_id': 27820010, 'token_text': 'Liber'}
 {'char_end': 18, 'char_start': 12, 'lemma': 'primus', 'pos': 'ADJ', 'sentence_id': 'noscemus_767768_431', 'token_id': 27820011, 'token_text': 'Primus'}
 {'char_end': 19, 'char_start': 18, 'lemma': '.', 'pos': 'PUNCT', 'sentence_id': 'noscemus_767768_431', 'token_id': 27820012, 'token_text': '.'}
 {'char_end': 22, 'char_start': 20, 'lemma': '23', 'pos': 'NUM', 'sentence_id': 'noscemus_767768_431', 'token_id': 27820013, 'token_text': '23'}]",1633.0,1633.0,1633.0,,,"Historia, Encyclopedic work",Biology,27820003,104,114
713,"Münster, Sebastian","Cosmographia universalis libri VI, in quibus iuxta certioris fidei scriptorum traditionem describuntur omnium habitabilis orbis partium situs propriaeque dotes, regionum topographicae effigies, terrae ingenia, quibus sit ut tam differentes et varias specie res et animatas et inanimatas ferat, animalium peregrinorum naturae et picturae, nobiliorum civitatum icones et descriptiones, regnorum initia, incrementa et translationes, omnium gentium mores, leges, religio, res gestae, mutationes, item regum et principium genealogiae",noscemus_767769,noscemus_767769_34923,Labyrinthus in praefectu ras diuisus Omnia ex la pide constructa Opobalsanum Matterea horius balsa mi.,Hortus uero in quo herba Altitudo por midum. | Labyrinthus in praefectu ras diuisus Omnia ex la pide constructa Opobalsanum Matterea horius balsa mi. | Gorgonia.,ambiguous_indeterminate,"[{'char_end': 11, 'char_start': 0, 'lemma': 'labyrinthus', 'pos': 'NOUN', 'sentence_id': 'noscemus_767769_34923', 'token_id': 51393909, 'token_text': 'Labyrinthus'}
 {'char_end': 14, 'char_start': 12, 'lemma': 'in', 'pos': 'ADP', 'sentence_id': 'noscemus_767769_34923', 'token_id': 51393910, 'token_text': 'in'}
 {'char_end': 24, 'char_start': 15, 'lemma': 'praeficio', 'pos': 'NOUN', 'sentence_id': 'noscemus_767769_34923', 'token_id': 51393911, 'token_text': 'praefectu'}
 {'char_end': 28, 'char_start': 25, 'lemma': 'ra', 'pos': 'NOUN', 'sentence_id': 'noscemus_767769_34923', 'token_id': 51393912, 'token_text': 'ras'}
 {'char_end': 36, 'char_start': 29, 'lemma': 'diuido', 'pos': 'VERB', 'sentence_id': 'noscemus_767769_34923', 'token_id': 51393913, 'token_text': 'diuisus'}
 {'char_end': 42, 'char_start': 37, 'lemma': 'omnis', 'pos': 'DET', 'sentence_id': 'noscemus_767769_34923', 'token_id': 51393914, 'token_text': 'Omnia'}
 {'char_end': 45, 'char_start': 43, 'lemma': 'ex', 'pos': 'ADP', 'sentence_id': 'noscemus_767769_34923', 'token_id': 51393915, 'token_text': 'ex'}
 {'char_end': 48, 'char_start': 46, 'lemma': 'las', 'pos': 'ADP', 'sentence_id': 'noscemus_767769_34923', 'token_id': 51393916, 'token_text': 'la'}
 {'char_end': 53, 'char_start': 49, 'lemma': 'pida', 'pos': 'NOUN', 'sentence_id': 'noscemus_767769_34923', 'token_id': 51393917, 'token_text': 'pide'}
 {'char_end': 64, 'char_start': 54, 'lemma': 'construo', 'pos': 'VERB', 'sentence_id': 'noscemus_767769_34923', 'token_id': 51393918, 'token_text': 'constructa'}
 {'char_end': 76, 'char_start': 65, 'lemma': 'Opobalsanus', 'pos': 'PROPN', 'sentence_id': 'noscemus_767769_34923', 'token_id': 51393919, 'token_text': 'Opobalsanum'}
 {'char_end': 85, 'char_start': 77, 'lemma': 'Matterea', 'pos': 'PROPN', 'sentence_id': 'noscemus_767769_34923', 'token_id': 51393920, 'token_text': 'Matterea'}
 {'char_end': 92, 'char_start': 86, 'lemma': 'horius', 'pos': 'ADJ', 'sentence_id': 'noscemus_767769_34923', 'token_id': 51393921, 'token_text': 'horius'}
 {'char_end': 98, 'char_start': 93, 'lemma': 'balsa', 'pos': 'VERB', 'sentence_id': 'noscemus_767769_34923', 'token_id': 51393922, 'token_text': 'balsa'}
 {'char_end': 101, 'char_start': 99, 'lemma': 'meus', 'pos': 'DET', 'sentence_id': 'noscemus_767769_34923', 'token_id': 51393923, 'token_text': 'mi'}
 {'char_end': 102, 'char_start': 101, 'lemma': '.', 'pos': 'PUNCT', 'sentence_id': 'noscemus_767769_34923', 'token_id': 51393924, 'token_text': '.'}]","[{'char_end': 75, 'char_start': 74, 'lemma': '.', 'pos': 'PUNCT', 'sentence_id': 'noscemus_767769_34921', 'token_id': 51393899, 'token_text': '.'}
 {'char_end': 6, 'char_start': 0, 'lemma': 'hortus', 'pos': 'NOUN', 'sentence_id': 'noscemus_767769_34922', 'token_id': 51393900, 'token_text': 'Hortus'}
 {'char_end': 11, 'char_start': 7, 'lemma': 'uero', 'pos': 'ADV', 'sentence_id': 'noscemus_767769_34922', 'token_id': 51393901, 'token_text': 'uero'}
 {'char_end': 14, 'char_start': 12, 'lemma': 'in', 'pos': 'ADP', 'sentence_id': 'noscemus_767769_34922', 'token_id': 51393902, 'token_text': 'in'}
 {'char_end': 18, 'char_start': 15, 'lemma': 'qui', 'pos': 'PRON', 'sentence_id': 'noscemus_767769_34922', 'token_id': 51393903, 'token_text': 'quo'}
 {'char_end': 24, 'char_start': 19, 'lemma': 'herba', 'pos': 'NOUN', 'sentence_id': 'noscemus_767769_34922', 'token_id': 51393904, 'token_text': 'herba'}
 {'char_end': 33, 'char_start': 25, 'lemma': 'altitudo', 'pos': 'NOUN', 'sentence_id': 'noscemus_767769_34922', 'token_id': 51393905, 'token_text': 'Altitudo'}
 {'char_end': 37, 'char_start': 34, 'lemma': 'por', 'pos': 'NOUN', 'sentence_id': 'noscemus_767769_34922', 'token_id': 51393906, 'token_text': 'por'}
 {'char_end': 43, 'char_start': 38, 'lemma': 'midus', 'pos': 'ADJ', 'sentence_id': 'noscemus_767769_34922', 'token_id': 51393907, 'token_text': 'midum'}
 {'char_end': 44, 'char_start': 43, 'lemma': '.', 'pos': 'PUNCT', 'sentence_id': 'noscemus_767769_34922', 'token_id': 51393908, 'token_text': '.'}
 {'char_end': 11, 'char_start': 0, 'lemma': 'labyrinthus', 'pos': 'NOUN', 'sentence_id': 'noscemus_767769_34923', 'token_id': 51393909, 'token_text': 'Labyrinthus'}
 {'char_end': 14, 'char_start': 12, 'lemma': 'in', 'pos': 'ADP', 'sentence_id': 'noscemus_767769_34923', 'token_id': 51393910, 'token_text': 'in'}
 {'char_end': 24, 'char_start': 15, 'lemma': 'praeficio', 'pos': 'NOUN', 'sentence_id': 'noscemus_767769_34923', 'token_id': 51393911, 'token_text': 'praefectu'}
 {'char_end': 28, 'char_start': 25, 'lemma': 'ra', 'pos': 'NOUN', 'sentence_id': 'noscemus_767769_34923', 'token_id': 51393912, 'token_text': 'ras'}
 {'char_end': 36, 'char_start': 29, 'lemma': 'diuido', 'pos': 'VERB', 'sentence_id': 'noscemus_767769_34923', 'token_id': 51393913, 'token_text': 'diuisus'}
 {'char_end': 42, 'char_start': 37, 'lemma': 'omnis', 'pos': 'DET', 'sentence_id': 'noscemus_767769_34923', 'token_id': 51393914, 'token_text': 'Omnia'}
 {'char_end': 45, 'char_start': 43, 'lemma': 'ex', 'pos': 'ADP', 'sentence_id': 'noscemus_767769_34923', 'token_id': 51393915, 'token_text': 'ex'}
 {'char_end': 48, 'char_start': 46, 'lemma': 'las', 'pos': 'ADP', 'sentence_id': 'noscemus_767769_34923', 'token_id': 51393916, 'token_text': 'la'}
 {'char_end': 53, 'char_start': 49, 'lemma': 'pida', 'pos': 'NOUN', 'sentence_id': 'noscemus_767769_34923', 'token_id': 51393917, 'token_text': 'pide'}
 {'char_end': 64, 'char_start': 54, 'lemma': 'construo', 'pos': 'VERB', 'sentence_id': 'noscemus_767769_34923', 'token_id': 51393918, 'token_text': 'constructa'}
 {'char_end': 76, 'char_start': 65, 'lemma': 'Opobalsanus', 'pos': 'PROPN', 'sentence_id': 'noscemus_767769_34923', 'token_id': 51393919, 'token_text': 'Opobalsanum'}]",1552.0,1552.0,1552.0,,,"Translation, Other (see description), Encyclopedic work",Geography/Cartography,51393909,0,11
27,Ernaldus Bonaevallisc.1071-c.1113 ,De operibus sex dierum,cc_11408,cc_11408_864,"Circuitus contra circuitum, quia flexibile corpus gyrat draco uolubilis, et perplexis innodationibus uagos et improuidos usque in labyrinthum impellit, et immersos tenebris in desperationis abyssum concludit.","Circuit poenitens, et per intimos animae suae recessus sparsa congerit, et fasces alligat admissorum. | Circuitus contra circuitum, quia flexibile corpus gyrat draco uolubilis, et perplexis innodationibus uagos et improuidos usque in labyrinthum impellit, et immersos tenebris in desperationis abyssum concludit. | Omnia mens diuino timore compuncta discutit et retractat, luget in peregrinationis exsilio tentationibus exposita et aerumnis;",confusion_metaphorics,"[{'char_end': 9, 'char_start': 0, 'lemma': 'circuitus', 'pos': 'NOUN', 'sentence_id': 'cc_11408_864', 'token_id': 311119652, 'token_text': 'Circuitus'}
 {'char_end': 16, 'char_start': 10, 'lemma': 'contra', 'pos': 'ADP', 'sentence_id': 'cc_11408_864', 'token_id': 311119653, 'token_text': 'contra'}
 {'char_end': 26, 'char_start': 17, 'lemma': 'circuitus', 'pos': 'NOUN', 'sentence_id': 'cc_11408_864', 'token_id': 311119654, 'token_text': 'circuitum'}
 {'char_end': 27, 'char_start': 26, 'lemma': ',', 'pos': 'PUNCT', 'sentence_id': 'cc_11408_864', 'token_id': 311119655, 'token_text': ','}
 {'char_end': 32, 'char_start': 28, 'lemma': 'quia', 'pos': 'SCONJ', 'sentence_id': 'cc_11408_864', 'token_id': 311119656, 'token_text': 'quia'}
 {'char_end': 42, 'char_start': 33, 'lemma': 'flexibilis', 'pos': 'ADJ', 'sentence_id': 'cc_11408_864', 'token_id': 311119657, 'token_text': 'flexibile'}
 {'char_end': 49, 'char_start': 43, 'lemma': 'corpus', 'pos': 'NOUN', 'sentence_id': 'cc_11408_864', 'token_id': 311119658, 'token_text': 'corpus'}
 {'char_end': 55, 'char_start': 50, 'lemma': 'gyro', 'pos': 'VERB', 'sentence_id': 'cc_11408_864', 'token_id': 311119659, 'token_text': 'gyrat'}
 {'char_end': 61, 'char_start': 56, 'lemma': 'draco', 'pos': 'NOUN', 'sentence_id': 'cc_11408_864', 'token_id': 311119660, 'token_text': 'draco'}
 {'char_end': 71, 'char_start': 62, 'lemma': 'uolubilis', 'pos': 'ADJ', 'sentence_id': 'cc_11408_864', 'token_id': 311119661, 'token_text': 'uolubilis'}
 {'char_end': 72, 'char_start': 71, 'lemma': ',', 'pos': 'PUNCT', 'sentence_id': 'cc_11408_864', 'token_id': 311119662, 'token_text': ','}
 {'char_end': 75, 'char_start': 73, 'lemma': 'et', 'pos': 'CCONJ', 'sentence_id': 'cc_11408_864', 'token_id': 311119663, 'token_text': 'et'}
 {'char_end': 85, 'char_start': 76, 'lemma': 'perplexus', 'pos': 'NOUN', 'sentence_id': 'cc_11408_864', 'token_id': 311119664, 'token_text': 'perplexis'}
 {'char_end': 100, 'char_start': 86, 'lemma': 'innodatio', 'pos': 'NOUN', 'sentence_id': 'cc_11408_864', 'token_id': 311119665, 'token_text': 'innodationibus'}
 {'char_end': 106, 'char_start': 101, 'lemma': 'uagus', 'pos': 'NOUN', 'sentence_id': 'cc_11408_864', 'token_id': 311119666, 'token_text': 'uagos'}
 {'char_end': 109, 'char_start': 107, 'lemma': 'et', 'pos': 'CCONJ', 'sentence_id': 'cc_11408_864', 'token_id': 311119667, 'token_text': 'et'}
 {'char_end': 120, 'char_start': 110, 'lemma': 'improuidus', 'pos': 'ADJ', 'sentence_id': 'cc_11408_864', 'token_id': 311119668, 'token_text': 'improuidos'}
 {'char_end': 126, 'char_start': 121, 'lemma': 'usque', 'pos': 'ADV', 'sentence_id': 'cc_11408_864', 'token_id': 311119669, 'token_text': 'usque'}
 {'char_end': 129, 'char_start': 127, 'lemma': 'in', 'pos': 'ADP', 'sentence_id': 'cc_11408_864', 'token_id': 311119670, 'token_text': 'in'}
 {'char_end': 141, 'char_start': 130, 'lemma': 'labyrinthus', 'pos': 'NOUN', 'sentence_id': 'cc_11408_864', 'token_id': 311119671, 'token_text': 'labyrinthum'}
 {'char_end': 150, 'char_start': 142, 'lemma': 'impello', 'pos': 'VERB', 'sentence_id': 'cc_11408_864', 'token_id': 311119672, 'token_text': 'impellit'}
 {'char_end': 151, 'char_start': 150, 'lemma': ',', 'pos': 'PUNCT', 'sentence_id': 'cc_11408_864', 'token_id': 311119673, 'token_text': ','}
 {'char_end': 154, 'char_start': 152, 'lemma': 'et', 'pos': 'CCONJ', 'sentence_id': 'cc_11408_864', 'token_id': 311119674, 'token_text': 'et'}
 {'char_end': 163, 'char_start': 155, 'lemma': 'immergo', 'pos': 'ADJ', 'sentence_id': 'cc_11408_864', 'token_id': 311119675, 'token_text': 'immersos'}
 {'char_end': 172, 'char_start': 164, 'lemma': 'tenebra', 'pos': 'NOUN', 'sentence_id': 'cc_11408_864', 'token_id': 311119676, 'token_text': 'tenebris'}
 {'char_end': 175, 'char_start': 173, 'lemma': 'in', 'pos': 'ADP', 'sentence_id': 'cc_11408_864', 'token_id': 311119677, 'token_text': 'in'}
 {'char_end': 189, 'char_start': 176, 'lemma': 'desperatio', 'pos': 'NOUN', 'sentence_id': 'cc_11408_864', 'token_id': 311119678, 'token_text': 'desperationis'}
 {'char_end': 197, 'char_start': 190, 'lemma': 'abyssus', 'pos': 'NOUN', 'sentence_id': 'cc_11408_864', 'token_id': 311119679, 'token_text': 'abyssum'}
 {'char_end': 207, 'char_start': 198, 'lemma': 'concludo', 'pos': 'VERB', 'sentence_id': 'cc_11408_864', 'token_id': 311119680, 'token_text': 'concludit'}
 {'char_end': 208, 'char_start': 207, 'lemma': '.', 'pos': 'PUNCT', 'sentence_id': 'cc_11408_864', 'token_id': 311119681, 'token_text': '.'}]","[{'char_end': 71, 'char_start': 62, 'lemma': 'uolubilis', 'pos': 'ADJ', 'sentence_id': 'cc_11408_864', 'token_id': 311119661, 'token_text': 'uolubilis'}
 {'char_end': 72, 'char_start': 71, 'lemma': ',', 'pos': 'PUNCT', 'sentence_id': 'cc_11408_864', 'token_id': 311119662, 'token_text': ','}
 {'char_end': 75, 'char_start': 73, 'lemma': 'et', 'pos': 'CCONJ', 'sentence_id': 'cc_11408_864', 'token_id': 311119663, 'token_text': 'et'}
 {'char_end': 85, 'char_start': 76, 'lemma': 'perplexus', 'pos': 'NOUN', 'sentence_id': 'cc_11408_864', 'token_id': 311119664, 'token_text': 'perplexis'}
 {'char_end': 100, 'char_start': 86, 'lemma': 'innodatio', 'pos': 'NOUN', 'sentence_id': 'cc_11408_864', 'token_id': 311119665, 'token_text': 'innodationibus'}
 {'char_end': 106, 'char_start': 101, 'lemma': 'uagus', 'pos': 'NOUN', 'sentence_id': 'cc_11408_864', 'token_id': 311119666, 'token_text': 'uagos'}
 {'char_end': 109, 'char_start': 107, 'lemma': 'et', 'pos': 'CCONJ', 'sentence_id': 'cc_11408_864', 'token_id': 311119667, 'token_text': 'et'}
 {'char_end': 120, 'char_start': 110, 'lemma': 'improuidus', 'pos': 'ADJ', 'sentence_id': 'cc_11408_864', 'token_id': 311119668, 'token_text': 'improuidos'}
 {'char_end': 126, 'char_start': 121, 'lemma': 'usque', 'pos': 'ADV', 'sentence_id': 'cc_11408_864', 'token_id': 311119669, 'token_text': 'usque'}
 {'char_end': 129, 'char_start': 127, 'lemma': 'in', 'pos': 'ADP', 'sentence_id': 'cc_11408_864', 'token_id': 311119670, 'token_text': 'in'}
 {'char_end': 141, 'char_start': 130, 'lemma': 'labyrinthus', 'pos': 'NOUN', 'sentence_id': 'cc_11408_864', 'token_id': 311119671, 'token_text': 'labyrinthum'}
 {'char_end': 150, 'char_start': 142, 'lemma': 'impello', 'pos': 'VERB', 'sentence_id': 'cc_11408_864', 'token_id': 311119672, 'token_text': 'impellit'}
 {'char_end': 151, 'char_start': 150, 'lemma': ',', 'pos': 'PUNCT', 'sentence_id': 'cc_11408_864', 'token_id': 311119673, 'token_text': ','}
 {'char_end': 154, 'char_start': 152, 'lemma': 'et', 'pos': 'CCONJ', 'sentence_id': 'cc_11408_864', 'token_id': 311119674, 'token_text': 'et'}
 {'char_end': 163, 'char_start': 155, 'lemma': 'immergo', 'pos': 'ADJ', 'sentence_id': 'cc_11408_864', 'token_id': 311119675, 'token_text': 'immersos'}
 {'char_end': 172, 'char_start': 164, 'lemma': 'tenebra', 'pos': 'NOUN', 'sentence_id': 'cc_11408_864', 'token_id': 311119676, 'token_text': 'tenebris'}
 {'char_end': 175, 'char_start': 173, 'lemma': 'in', 'pos': 'ADP', 'sentence_id': 'cc_11408_864', 'token_id': 311119677, 'token_text': 'in'}
 {'char_end': 189, 'char_start': 176, 'lemma': 'desperatio', 'pos': 'NOUN', 'sentence_id': 'cc_11408_864', 'token_id': 311119678, 'token_text': 'desperationis'}
 {'char_end': 197, 'char_start': 190, 'lemma': 'abyssus', 'pos': 'NOUN', 'sentence_id': 'cc_11408_864', 'token_id': 311119679, 'token_text': 'abyssum'}
 {'char_end': 207, 'char_start': 198, 'lemma': 'concludo', 'pos': 'VERB', 'sentence_id': 'cc_11408_864', 'token_id': 311119680, 'token_text': 'concludit'}
 {'char_end': 208, 'char_start': 207, 'lemma': '.', 'pos': 'PUNCT', 'sentence_id': 'cc_11408_864', 'token_id': 311119681, 'token_text': '.'}]",1071.0,1113.0,1113.0,,,,,311119671,130,141
364,"Moffett, Thomas",De iure et praestantia chymicorum medicamentorum dialogus apologeticus auctore Thoma Mufetto Londinate Anglo. Accesserunt etiam epistolae quaedam medicinales ad medicos aliquot conscriptae,noscemus_608637,noscemus_608637_42,"uel quid ad illos Misosophos, qui senum psittacorum more negligunt erudientem, nec unquam e suis monstrorum plenis labyrinthis, uel Ariadnes filo adiuti egredientur?","Uerum quid ego hasce noctuas ad te, qui Athenis transigis etatem? | uel quid ad illos Misosophos, qui senum psittacorum more negligunt erudientem, nec unquam e suis monstrorum plenis labyrinthis, uel Ariadnes filo adiuti egredientur? | Placuit tamen aliquid tentare ad ipsos reuocandos, si non proficiendi spe, tamen periclitandi uoluntate:",confusion_metaphorics,"[{'char_end': 3, 'char_start': 0, 'lemma': 'uel', 'pos': 'CCONJ', 'sentence_id': 'noscemus_608637_42', 'token_id': 118946577, 'token_text': 'uel'}
 {'char_end': 8, 'char_start': 4, 'lemma': 'quis', 'pos': 'PRON', 'sentence_id': 'noscemus_608637_42', 'token_id': 118946578, 'token_text': 'quid'}
 {'char_end': 11, 'char_start': 9, 'lemma': 'ad', 'pos': 'ADP', 'sentence_id': 'noscemus_608637_42', 'token_id': 118946579, 'token_text': 'ad'}
 {'char_end': 17, 'char_start': 12, 'lemma': 'ille', 'pos': 'DET', 'sentence_id': 'noscemus_608637_42', 'token_id': 118946580, 'token_text': 'illos'}
 {'char_end': 28, 'char_start': 18, 'lemma': 'Misosophus', 'pos': 'NOUN', 'sentence_id': 'noscemus_608637_42', 'token_id': 118946581, 'token_text': 'Misosophos'}
 {'char_end': 29, 'char_start': 28, 'lemma': ',', 'pos': 'PUNCT', 'sentence_id': 'noscemus_608637_42', 'token_id': 118946582, 'token_text': ','}
 {'char_end': 33, 'char_start': 30, 'lemma': 'qui', 'pos': 'PRON', 'sentence_id': 'noscemus_608637_42', 'token_id': 118946583, 'token_text': 'qui'}
 {'char_end': 39, 'char_start': 34, 'lemma': 'senex', 'pos': 'NOUN', 'sentence_id': 'noscemus_608637_42', 'token_id': 118946584, 'token_text': 'senum'}
 {'char_end': 51, 'char_start': 40, 'lemma': 'psittacus', 'pos': 'NOUN', 'sentence_id': 'noscemus_608637_42', 'token_id': 118946585, 'token_text': 'psittacorum'}
 {'char_end': 56, 'char_start': 52, 'lemma': 'mos', 'pos': 'NOUN', 'sentence_id': 'noscemus_608637_42', 'token_id': 118946586, 'token_text': 'more'}
 {'char_end': 66, 'char_start': 57, 'lemma': 'negligo', 'pos': 'VERB', 'sentence_id': 'noscemus_608637_42', 'token_id': 118946587, 'token_text': 'negligunt'}
 {'char_end': 77, 'char_start': 67, 'lemma': 'erudio', 'pos': 'VERB', 'sentence_id': 'noscemus_608637_42', 'token_id': 118946588, 'token_text': 'erudientem'}
 {'char_end': 78, 'char_start': 77, 'lemma': ',', 'pos': 'PUNCT', 'sentence_id': 'noscemus_608637_42', 'token_id': 118946589, 'token_text': ','}
 {'char_end': 82, 'char_start': 79, 'lemma': 'neque', 'pos': 'CCONJ', 'sentence_id': 'noscemus_608637_42', 'token_id': 118946590, 'token_text': 'nec'}
 {'char_end': 89, 'char_start': 83, 'lemma': 'umquam', 'pos': 'ADV', 'sentence_id': 'noscemus_608637_42', 'token_id': 118946591, 'token_text': 'unquam'}
 {'char_end': 91, 'char_start': 90, 'lemma': 'ex', 'pos': 'CCONJ', 'sentence_id': 'noscemus_608637_42', 'token_id': 118946592, 'token_text': 'e'}
 {'char_end': 96, 'char_start': 92, 'lemma': 'suus', 'pos': 'DET', 'sentence_id': 'noscemus_608637_42', 'token_id': 118946593, 'token_text': 'suis'}
 {'char_end': 107, 'char_start': 97, 'lemma': 'monstrum', 'pos': 'NOUN', 'sentence_id': 'noscemus_608637_42', 'token_id': 118946594, 'token_text': 'monstrorum'}
 {'char_end': 114, 'char_start': 108, 'lemma': 'plenus', 'pos': 'ADJ', 'sentence_id': 'noscemus_608637_42', 'token_id': 118946595, 'token_text': 'plenis'}
 {'char_end': 126, 'char_start': 115, 'lemma': 'labyrinthus', 'pos': 'NOUN', 'sentence_id': 'noscemus_608637_42', 'token_id': 118946596, 'token_text': 'labyrinthis'}
 {'char_end': 127, 'char_start': 126, 'lemma': ',', 'pos': 'PUNCT', 'sentence_id': 'noscemus_608637_42', 'token_id': 118946597, 'token_text': ','}
 {'char_end': 131, 'char_start': 128, 'lemma': 'uel', 'pos': 'CCONJ', 'sentence_id': 'noscemus_608637_42', 'token_id': 118946598, 'token_text': 'uel'}
 {'char_end': 140, 'char_start': 132, 'lemma': 'Ariadnes', 'pos': 'PROPN', 'sentence_id': 'noscemus_608637_42', 'token_id': 118946599, 'token_text': 'Ariadnes'}
 {'char_end': 145, 'char_start': 141, 'lemma': 'filum', 'pos': 'NOUN', 'sentence_id': 'noscemus_608637_42', 'token_id': 118946600, 'token_text': 'filo'}
 {'char_end': 152, 'char_start': 146, 'lemma': 'adiuo', 'pos': 'VERB', 'sentence_id': 'noscemus_608637_42', 'token_id': 118946601, 'token_text': 'adiuti'}
 {'char_end': 164, 'char_start': 153, 'lemma': 'egredior', 'pos': 'VERB', 'sentence_id': 'noscemus_608637_42', 'token_id': 118946602, 'token_text': 'egredientur'}
 {'char_end': 165, 'char_start': 164, 'lemma': '?', 'pos': 'PUNCT', 'sentence_id': 'noscemus_608637_42', 'token_id': 118946603, 'token_text': '?'}]","[{'char_end': 56, 'char_start': 52, 'lemma': 'mos', 'pos': 'NOUN', 'sentence_id': 'noscemus_608637_42', 'token_id': 118946586, 'token_text': 'more'}
 {'char_end': 66, 'char_start': 57, 'lemma': 'negligo', 'pos': 'VERB', 'sentence_id': 'noscemus_608637_42', 'token_id': 118946587, 'token_text': 'negligunt'}
 {'char_end': 77, 'char_start': 67, 'lemma': 'erudio', 'pos': 'VERB', 'sentence_id': 'noscemus_608637_42', 'token_id': 118946588, 'token_text': 'erudientem'}
 {'char_end': 78, 'char_start': 77, 'lemma': ',', 'pos': 'PUNCT', 'sentence_id': 'noscemus_608637_42', 'token_id': 118946589, 'token_text': ','}
 {'char_end': 82, 'char_start': 79, 'lemma': 'neque', 'pos': 'CCONJ', 'sentence_id': 'noscemus_608637_42', 'token_id': 118946590, 'token_text': 'nec'}
 {'char_end': 89, 'char_start': 83, 'lemma': 'umquam', 'pos': 'ADV', 'sentence_id': 'noscemus_608637_42', 'token_id': 118946591, 'token_text': 'unquam'}
 {'char_end': 91, 'char_start': 90, 'lemma': 'ex', 'pos': 'CCONJ', 'sentence_id': 'noscemus_608637_42', 'token_id': 118946592, 'token_text': 'e'}
 {'char_end': 96, 'char_start': 92, 'lemma': 'suus', 'pos': 'DET', 'sentence_id': 'noscemus_608637_42', 'token_id': 118946593, 'token_text': 'suis'}
 {'char_end': 107, 'char_start': 97, 'lemma': 'monstrum', 'pos': 'NOUN', 'sentence_id': 'noscemus_608637_42', 'token_id': 118946594, 'token_text': 'monstrorum'}
 {'char_end': 114, 'char_start': 108, 'lemma': 'plenus', 'pos': 'ADJ', 'sentence_id': 'noscemus_608637_42', 'token_id': 118946595, 'token_text': 'plenis'}
 {'char_end': 126, 'char_start': 115, 'lemma': 'labyrinthus', 'pos': 'NOUN', 'sentence_id': 'noscemus_608637_42', 'token_id': 118946596, 'token_text': 'labyrinthis'}
 {'char_end': 127, 'char_start': 126, 'lemma': ',', 'pos': 'PUNCT', 'sentence_id': 'noscemus_608637_42', 'token_id': 118946597, 'token_text': ','}
 {'char_end': 131, 'char_start': 128, 'lemma': 'uel', 'pos': 'CCONJ', 'sentence_id': 'noscemus_608637_42', 'token_id': 118946598, 'token_text': 'uel'}
 {'char_end': 140, 'char_start': 132, 'lemma': 'Ariadnes', 'pos': 'PROPN', 'sentence_id': 'noscemus_608637_42', 'token_id': 118946599, 'token_text': 'Ariadnes'}
 {'char_end': 145, 'char_start': 141, 'lemma': 'filum', 'pos': 'NOUN', 'sentence_id': 'noscemus_608637_42', 'token_id': 118946600, 'token_text': 'filo'}
 {'char_end': 152, 'char_start': 146, 'lemma': 'adiuo', 'pos': 'VERB', 'sentence_id': 'noscemus_608637_42', 'token_id': 118946601, 'token_text': 'adiuti'}
 {'char_end': 164, 'char_start': 153, 'lemma': 'egredior', 'pos': 'VERB', 'sentence_id': 'noscemus_608637_42', 'token_id': 118946602, 'token_text': 'egredientur'}
 {'char_end': 165, 'char_start': 164, 'lemma': '?', 'pos': 'PUNCT', 'sentence_id': 'noscemus_608637_42', 'token_id': 118946603, 'token_text': '?'}
 {'char_end': 7, 'char_start': 0, 'lemma': 'placeo', 'pos': 'VERB', 'sentence_id': 'noscemus_608637_43', 'token_id': 118946604, 'token_text': 'Placuit'}
 {'char_end': 13, 'char_start': 8, 'lemma': 'tamen', 'pos': 'ADV', 'sentence_id': 'noscemus_608637_43', 'token_id': 118946605, 'token_text': 'tamen'}
 {'char_end': 21, 'char_start': 14, 'lemma': 'aliquis', 'pos': 'PRON', 'sentence_id': 'noscemus_608637_43', 'token_id': 118946606, 'token_text': 'aliquid'}]",1584.0,1584.0,1584.0,,,"Letter, Dialogue","Alchemy/Chemistry, Medicine",118946596,115,126
30,Gualterus S. Victoris Parisiensis ,Excerpta ex libris contra IV labyrinthos Franciae,cc_11577,cc_11577_3,quos uocat Iu Franciae labyrinthos et nouos haereticos.,"Petrum Abaelardum, Gilbertum Porretanum, Petrum Lombardum et Petrum Pictauinum; | quos uocat Iu Franciae labyrinthos et nouos haereticos. | Scribebat autem circa annum 1180, quo tempore unus e quatuor supererat in uiuis Pictauinus, Lombardi discipulus, idemque praepositus scholarum celeberrimi illius Petri Comestoris, quem, quia theologiam scholasticam subtilius et curiosius quam caeteri tractabat, Gualterus sibi potissimum assumit libro quarto debellandum, ut Abaelardum et Lombardum sectae illius principes et coryphaeos acerbe in allis libris insectatur.",confusion_metaphorics,"[{'char_end': 4, 'char_start': 0, 'lemma': 'qui', 'pos': 'PRON', 'sentence_id': 'cc_11577_3', 'token_id': 259660372, 'token_text': 'quos'}
 {'char_end': 10, 'char_start': 5, 'lemma': 'uoco', 'pos': 'VERB', 'sentence_id': 'cc_11577_3', 'token_id': 259660373, 'token_text': 'uocat'}
 {'char_end': 13, 'char_start': 11, 'lemma': 'Io', 'pos': 'ADJ', 'sentence_id': 'cc_11577_3', 'token_id': 259660374, 'token_text': 'Iu'}
 {'char_end': 22, 'char_start': 14, 'lemma': 'Francia', 'pos': 'PROPN', 'sentence_id': 'cc_11577_3', 'token_id': 259660375, 'token_text': 'Franciae'}
 {'char_end': 34, 'char_start': 23, 'lemma': 'labyrinthus', 'pos': 'NOUN', 'sentence_id': 'cc_11577_3', 'token_id': 259660376, 'token_text': 'labyrinthos'}
 {'char_end': 37, 'char_start': 35, 'lemma': 'et', 'pos': 'CCONJ', 'sentence_id': 'cc_11577_3', 'token_id': 259660377, 'token_text': 'et'}
 {'char_end': 43, 'char_start': 38, 'lemma': 'nouus', 'pos': 'ADJ', 'sentence_id': 'cc_11577_3', 'token_id': 259660378, 'token_text': 'nouos'}
 {'char_end': 54, 'char_start': 44, 'lemma': 'haereticus', 'pos': 'NOUN', 'sentence_id': 'cc_11577_3', 'token_id': 259660379, 'token_text': 'haereticos'}
 {'char_end': 55, 'char_start': 54, 'lemma': '.', 'pos': 'PUNCT', 'sentence_id': 'cc_11577_3', 'token_id': 259660380, 'token_text': '.'}]","[{'char_end': 47, 'char_start': 41, 'lemma': 'Petrus', 'pos': 'PROPN', 'sentence_id': 'cc_11577_2', 'token_id': 259660366, 'token_text': 'Petrum'}
 {'char_end': 57, 'char_start': 48, 'lemma': 'Lombardus', 'pos': 'PROPN', 'sentence_id': 'cc_11577_2', 'token_id': 259660367, 'token_text': 'Lombardum'}
 {'char_end': 60, 'char_start': 58, 'lemma': 'et', 'pos': 'CCONJ', 'sentence_id': 'cc_11577_2', 'token_id': 259660368, 'token_text': 'et'}
 {'char_end': 67, 'char_start': 61, 'lemma': 'Petrus', 'pos': 'PROPN', 'sentence_id': 'cc_11577_2', 'token_id': 259660369, 'token_text': 'Petrum'}
 {'char_end': 78, 'char_start': 68, 'lemma': 'Pictauinus', 'pos': 'PROPN', 'sentence_id': 'cc_11577_2', 'token_id': 259660370, 'token_text': 'Pictauinum'}
 {'char_end': 79, 'char_start': 78, 'lemma': ';', 'pos': 'PUNCT', 'sentence_id': 'cc_11577_2', 'token_id': 259660371, 'token_text': ';'}
 {'char_end': 4, 'char_start': 0, 'lemma': 'qui', 'pos': 'PRON', 'sentence_id': 'cc_11577_3', 'token_id': 259660372, 'token_text': 'quos'}
 {'char_end': 10, 'char_start': 5, 'lemma': 'uoco', 'pos': 'VERB', 'sentence_id': 'cc_11577_3', 'token_id': 259660373, 'token_text': 'uocat'}
 {'char_end': 13, 'char_start': 11, 'lemma': 'Io', 'pos': 'ADJ', 'sentence_id': 'cc_11577_3', 'token_id': 259660374, 'token_text': 'Iu'}
 {'char_end': 22, 'char_start': 14, 'lemma': 'Francia', 'pos': 'PROPN', 'sentence_id': 'cc_11577_3', 'token_id': 259660375, 'token_text': 'Franciae'}
 {'char_end': 34, 'char_start': 23, 'lemma': 'labyrinthus', 'pos': 'NOUN', 'sentence_id': 'cc_11577_3', 'token_id': 259660376, 'token_text': 'labyrinthos'}
 {'char_end': 37, 'char_start': 35, 'lemma': 'et', 'pos': 'CCONJ', 'sentence_id': 'cc_11577_3', 'token_id': 259660377, 'token_text': 'et'}
 {'char_end': 43, 'char_start': 38, 'lemma': 'nouus', 'pos': 'ADJ', 'sentence_id': 'cc_11577_3', 'token_id': 259660378, 'token_text': 'nouos'}
 {'char_end': 54, 'char_start': 44, 'lemma': 'haereticus', 'pos': 'NOUN', 'sentence_id': 'cc_11577_3', 'token_id': 259660379, 'token_text': 'haereticos'}
 {'char_end': 55, 'char_start': 54, 'lemma': '.', 'pos': 'PUNCT', 'sentence_id': 'cc_11577_3', 'token_id': 259660380, 'token_text': '.'}
 {'char_end': 9, 'char_start': 0, 'lemma': 'scribo', 'pos': 'VERB', 'sentence_id': 'cc_11577_4', 'token_id': 259660381, 'token_text': 'Scribebat'}
 {'char_end': 15, 'char_start': 10, 'lemma': 'autem', 'pos': 'PART', 'sentence_id': 'cc_11577_4', 'token_id': 259660382, 'token_text': 'autem'}
 {'char_end': 21, 'char_start': 16, 'lemma': 'circa', 'pos': 'ADP', 'sentence_id': 'cc_11577_4', 'token_id': 259660383, 'token_text': 'circa'}
 {'char_end': 27, 'char_start': 22, 'lemma': 'annus', 'pos': 'NOUN', 'sentence_id': 'cc_11577_4', 'token_id': 259660384, 'token_text': 'annum'}
 {'char_end': 32, 'char_start': 28, 'lemma': '1180', 'pos': 'NUM', 'sentence_id': 'cc_11577_4', 'token_id': 259660385, 'token_text': '1180'}
 {'char_end': 33, 'char_start': 32, 'lemma': ',', 'pos': 'PUNCT', 'sentence_id': 'cc_11577_4', 'token_id': 259660386, 'token_text': ','}]",,,,,,,,259660376,23,34
